EmployeeMonthID,EmployeeID,EmployeeName,Gender,BirthDate,HireDate,ExitDate,EmploymentStatus,PriorExperienceYears,JobLevel,DepartmentID,DepartmentName,JobRoleID,JobTitle,MonthStartDate,ActiveWorkDays,MonthlySalaryRate,SalaryPaid,BonusAmount,OvertimeHours,AbsenceDays,TrainingHours,PerformanceScore
EMP0001-2024-01,EMP0001,Anton Guisse,Male,1995-10-02,2021-01-11,,Active,5,2,DEP05,Marketing,JOB10,Marketing Analyst,2024-01-01,23,13363.55,13363.55,0,4,1,6,3
EMP0001-2024-02,EMP0001,Anton Guisse,Male,1995-10-02,2021-01-11,,Active,5,2,DEP05,Marketing,JOB10,Marketing Analyst,2024-02-01,21,13363.55,13363.55,0,21,1,0,4
EMP0001-2024-03,EMP0001,Anton Guisse,Male,1995-10-02,2021-01-11,,Active,5,2,DEP05,Marketing,JOB10,Marketing Analyst,2024-03-01,21,13363.55,13363.55,0,3,0,8,3
EMP0001-2024-04,EMP0001,Anton Guisse,Male,1995-10-02,2021-01-11,,Active,5,2,DEP05,Marketing,JOB10,Marketing Analyst,2024-04-01,22,13363.55,13363.55,0,3,0,12,3
EMP0001-2024-05,EMP0001,Anton Guisse,Male,1995-10-02,2021-01-11,,Active,5,2,DEP05,Marketing,JOB10,Marketing Analyst,2024-05-01,23,13363.55,13363.55,584.45,9,3,1,3
EMP0001-2024-06,EMP0001,Anton Guisse,Male,1995-10-02,2021-01-11,,Active,5,2,DEP05,Marketing,JOB10,Marketing Analyst,2024-06-01,20,13363.55,13363.55,0,23,1,7,3
EMP0001-2024-07,EMP0001,Anton Guisse,Male,1995-10-02,2021-01-11,,Active,5,2,DEP05,Marketing,JOB10,Marketing Analyst,2024-07-01,23,13363.55,13363.55,0,3,2,11,3
EMP0001-2024-08,EMP0001,Anton Guisse,Male,1995-10-02,2021-01-11,,Active,5,2,DEP05,Marketing,JOB10,Marketing Analyst,2024-08-01,22,13363.55,13363.55,0,0,0,1,3
EMP0001-2024-09,EMP0001,Anton Guisse,Male,1995-10-02,2021-01-11,,Active,5,2,DEP05,Marketing,JOB10,Marketing Analyst,2024-09-01,21,13363.55,13363.55,0,3,3,2,2
EMP0001-2024-10,EMP0001,Anton Guisse,Male,1995-10-02,2021-01-11,,Active,5,2,DEP05,Marketing,JOB10,Marketing Analyst,2024-10-01,23,13363.55,13363.55,0,1,2,0,2
EMP0001-2024-11,EMP0001,Anton Guisse,Male,1995-10-02,2021-01-11,,Active,5,2,DEP05,Marketing,JOB10,Marketing Analyst,2024-11-01,21,13363.55,13363.55,0,8,0,2,3
EMP0001-2024-12,EMP0001,Anton Guisse,Male,1995-10-02,2021-01-11,,Active,5,2,DEP05,Marketing,JOB10,Marketing Analyst,2024-12-01,22,13363.55,13363.55,1859.18,0,0,2,3
EMP0001-2025-01,EMP0001,Anton Guisse,Male,1995-10-02,2021-01-11,,Active,5,2,DEP05,Marketing,JOB10,Marketing Analyst,2025-01-01,23,14256.71,14256.71,1501.55,20,0,15,3
EMP0001-2025-02,EMP0001,Anton Guisse,Male,1995-10-02,2021-01-11,,Active,5,2,DEP05,Marketing,JOB10,Marketing Analyst,2025-02-01,20,14256.71,14256.71,0,0,1,2,3
EMP0001-2025-03,EMP0001,Anton Guisse,Male,1995-10-02,2021-01-11,,Active,5,2,DEP05,Marketing,JOB10,Marketing Analyst,2025-03-01,21,14256.71,14256.71,0,26,1,4,3
EMP0001-2025-04,EMP0001,Anton Guisse,Male,1995-10-02,2021-01-11,,Active,5,2,DEP05,Marketing,JOB10,Marketing Analyst,2025-04-01,22,14256.71,14256.71,0,0,0,0,2
EMP0001-2025-05,EMP0001,Anton Guisse,Male,1995-10-02,2021-01-11,,Active,5,2,DEP05,Marketing,JOB10,Marketing Analyst,2025-05-01,22,14256.71,14256.71,0,0,0,0,3
EMP0001-2025-06,EMP0001,Anton Guisse,Male,1995-10-02,2021-01-11,,Active,5,2,DEP05,Marketing,JOB10,Marketing Analyst,2025-06-01,21,14256.71,14256.71,0,0,1,0,3
EMP0001-2025-07,EMP0001,Anton Guisse,Male,1995-10-02,2021-01-11,,Active,5,2,DEP05,Marketing,JOB10,Marketing Analyst,2025-07-01,23,14256.71,14256.71,1555.14,24,1,2,4
EMP0001-2025-08,EMP0001,Anton Guisse,Male,1995-10-02,2021-01-11,,Active,5,2,DEP05,Marketing,JOB10,Marketing Analyst,2025-08-01,21,14256.71,14256.71,1602.92,10,2,0,3
EMP0001-2025-09,EMP0001,Anton Guisse,Male,1995-10-02,2021-01-11,,Active,5,2,DEP05,Marketing,JOB10,Marketing Analyst,2025-09-01,22,14256.71,14256.71,0,0,0,7,3
EMP0001-2025-10,EMP0001,Anton Guisse,Male,1995-10-02,2021-01-11,,Active,5,2,DEP05,Marketing,JOB10,Marketing Analyst,2025-10-01,23,14256.71,14256.71,791.81,10,0,3,3
EMP0001-2025-11,EMP0001,Anton Guisse,Male,1995-10-02,2021-01-11,,Active,5,2,DEP05,Marketing,JOB10,Marketing Analyst,2025-11-01,20,14256.71,14256.71,1517.47,0,2,6,3
EMP0001-2025-12,EMP0001,Anton Guisse,Male,1995-10-02,2021-01-11,,Active,5,2,DEP05,Marketing,JOB10,Marketing Analyst,2025-12-01,23,14256.71,14256.71,0,16,0,2,4
EMP0002-2024-03,EMP0002,Benjamin Tshiswaka,Male,1984-09-02,2024-03-19,,Active,6,2,DEP05,Marketing,JOB10,Marketing Analyst,2024-03-01,9,18727.43,8026.04,772.08,7,0,7,4
EMP0002-2024-04,EMP0002,Benjamin Tshiswaka,Male,1984-09-02,2024-03-19,,Active,6,2,DEP05,Marketing,JOB10,Marketing Analyst,2024-04-01,22,18727.43,18727.43,0,6,3,0,2
EMP0002-2024-05,EMP0002,Benjamin Tshiswaka,Male,1984-09-02,2024-03-19,,Active,6,2,DEP05,Marketing,JOB10,Marketing Analyst,2024-05-01,23,18727.43,18727.43,0,5,4,9,3
EMP0002-2024-06,EMP0002,Benjamin Tshiswaka,Male,1984-09-02,2024-03-19,,Active,6,2,DEP05,Marketing,JOB10,Marketing Analyst,2024-06-01,20,18727.43,18727.43,0,25,3,15,4
EMP0002-2024-07,EMP0002,Benjamin Tshiswaka,Male,1984-09-02,2024-03-19,,Active,6,2,DEP05,Marketing,JOB10,Marketing Analyst,2024-07-01,23,18727.43,18727.43,0,0,1,0,3
EMP0002-2024-08,EMP0002,Benjamin Tshiswaka,Male,1984-09-02,2024-03-19,,Active,6,2,DEP05,Marketing,JOB10,Marketing Analyst,2024-08-01,22,18727.43,18727.43,0,0,0,3,4
EMP0002-2024-09,EMP0002,Benjamin Tshiswaka,Male,1984-09-02,2024-03-19,,Active,6,2,DEP05,Marketing,JOB10,Marketing Analyst,2024-09-01,21,18727.43,18727.43,0,0,2,5,3
EMP0002-2024-10,EMP0002,Benjamin Tshiswaka,Male,1984-09-02,2024-03-19,,Active,6,2,DEP05,Marketing,JOB10,Marketing Analyst,2024-10-01,23,18727.43,18727.43,0,0,0,0,3
EMP0002-2024-11,EMP0002,Benjamin Tshiswaka,Male,1984-09-02,2024-03-19,,Active,6,2,DEP05,Marketing,JOB10,Marketing Analyst,2024-11-01,21,18727.43,18727.43,0,4,4,9,2
EMP0002-2024-12,EMP0002,Benjamin Tshiswaka,Male,1984-09-02,2024-03-19,,Active,6,2,DEP05,Marketing,JOB10,Marketing Analyst,2024-12-01,22,18727.43,18727.43,2649.25,20,2,0,4
EMP0002-2025-01,EMP0002,Benjamin Tshiswaka,Male,1984-09-02,2024-03-19,,Active,6,2,DEP05,Marketing,JOB10,Marketing Analyst,2025-01-01,23,19739.28,19739.28,0,0,3,0,3
EMP0002-2025-02,EMP0002,Benjamin Tshiswaka,Male,1984-09-02,2024-03-19,,Active,6,2,DEP05,Marketing,JOB10,Marketing Analyst,2025-02-01,20,19739.28,19739.28,965.84,0,2,7,3
EMP0002-2025-03,EMP0002,Benjamin Tshiswaka,Male,1984-09-02,2024-03-19,,Active,6,2,DEP05,Marketing,JOB10,Marketing Analyst,2025-03-01,21,19739.28,19739.28,2662.65,14,1,15,3
EMP0002-2025-04,EMP0002,Benjamin Tshiswaka,Male,1984-09-02,2024-03-19,,Active,6,2,DEP05,Marketing,JOB10,Marketing Analyst,2025-04-01,22,19739.28,19739.28,0,28,1,2,3
EMP0002-2025-05,EMP0002,Benjamin Tshiswaka,Male,1984-09-02,2024-03-19,,Active,6,2,DEP05,Marketing,JOB10,Marketing Analyst,2025-05-01,22,19739.28,19739.28,0,0,3,0,3
EMP0002-2025-06,EMP0002,Benjamin Tshiswaka,Male,1984-09-02,2024-03-19,,Active,6,2,DEP05,Marketing,JOB10,Marketing Analyst,2025-06-01,21,19739.28,19739.28,2622.1,0,1,16,3
EMP0002-2025-07,EMP0002,Benjamin Tshiswaka,Male,1984-09-02,2024-03-19,,Active,6,2,DEP05,Marketing,JOB10,Marketing Analyst,2025-07-01,23,19739.28,19739.28,0,0,0,0,3
EMP0002-2025-08,EMP0002,Benjamin Tshiswaka,Male,1984-09-02,2024-03-19,,Active,6,2,DEP05,Marketing,JOB10,Marketing Analyst,2025-08-01,21,19739.28,19739.28,2248.45,36,4,6,3
EMP0002-2025-09,EMP0002,Benjamin Tshiswaka,Male,1984-09-02,2024-03-19,,Active,6,2,DEP05,Marketing,JOB10,Marketing Analyst,2025-09-01,22,19739.28,19739.28,0,7,3,0,3
EMP0002-2025-10,EMP0002,Benjamin Tshiswaka,Male,1984-09-02,2024-03-19,,Active,6,2,DEP05,Marketing,JOB10,Marketing Analyst,2025-10-01,23,19739.28,19739.28,0,25,0,11,3
EMP0002-2025-11,EMP0002,Benjamin Tshiswaka,Male,1984-09-02,2024-03-19,,Active,6,2,DEP05,Marketing,JOB10,Marketing Analyst,2025-11-01,20,19739.28,19739.28,0,17,1,0,3
EMP0002-2025-12,EMP0002,Benjamin Tshiswaka,Male,1984-09-02,2024-03-19,,Active,6,2,DEP05,Marketing,JOB10,Marketing Analyst,2025-12-01,23,19739.28,19739.28,0,28,2,0,3
EMP0003-2024-10,EMP0003,Rohan Nagy,Male,1991-10-04,2024-10-26,2025-07-25,Left,6,3,DEP03,Information Technology,JOB06,IT Support Specialist,2024-10-01,4,19611.57,3410.71,0,0,1,4,4
EMP0003-2024-11,EMP0003,Rohan Nagy,Male,1991-10-04,2024-10-26,2025-07-25,Left,6,3,DEP03,Information Technology,JOB06,IT Support Specialist,2024-11-01,21,19611.57,19611.57,0,0,0,6,3
EMP0003-2024-12,EMP0003,Rohan Nagy,Male,1991-10-04,2024-10-26,2025-07-25,Left,6,3,DEP03,Information Technology,JOB06,IT Support Specialist,2024-12-01,22,19611.57,19611.57,1598.02,35,0,0,4
EMP0003-2025-01,EMP0003,Rohan Nagy,Male,1991-10-04,2024-10-26,2025-07-25,Left,6,3,DEP03,Information Technology,JOB06,IT Support Specialist,2025-01-01,23,21320.71,21320.71,2835.35,26,3,7,4
EMP0003-2025-02,EMP0003,Rohan Nagy,Male,1991-10-04,2024-10-26,2025-07-25,Left,6,3,DEP03,Information Technology,JOB06,IT Support Specialist,2025-02-01,20,21320.71,21320.71,2275.95,0,0,0,3
EMP0003-2025-03,EMP0003,Rohan Nagy,Male,1991-10-04,2024-10-26,2025-07-25,Left,6,3,DEP03,Information Technology,JOB06,IT Support Specialist,2025-03-01,21,21320.71,21320.71,0,0,2,4,3
EMP0003-2025-04,EMP0003,Rohan Nagy,Male,1991-10-04,2024-10-26,2025-07-25,Left,6,3,DEP03,Information Technology,JOB06,IT Support Specialist,2025-04-01,22,21320.71,21320.71,1253.67,6,2,3,4
EMP0003-2025-05,EMP0003,Rohan Nagy,Male,1991-10-04,2024-10-26,2025-07-25,Left,6,3,DEP03,Information Technology,JOB06,IT Support Specialist,2025-05-01,22,21320.71,21320.71,0,4,0,2,4
EMP0003-2025-06,EMP0003,Rohan Nagy,Male,1991-10-04,2024-10-26,2025-07-25,Left,6,3,DEP03,Information Technology,JOB06,IT Support Specialist,2025-06-01,21,21320.71,21320.71,0,0,2,0,4
EMP0003-2025-07,EMP0003,Rohan Nagy,Male,1991-10-04,2024-10-26,2025-07-25,Left,6,3,DEP03,Information Technology,JOB06,IT Support Specialist,2025-07-01,19,21320.71,17612.76,1407.51,1,3,9,4
EMP0004-2024-01,EMP0004,Souad Oliver,Female,1986-10-13,2017-09-07,,Active,0,1,DEP04,Sales,JOB07,Sales Executive,2024-01-01,23,12173.61,12173.61,0,5,0,6,5
EMP0004-2024-02,EMP0004,Souad Oliver,Female,1986-10-13,2017-09-07,,Active,0,1,DEP04,Sales,JOB07,Sales Executive,2024-02-01,21,12173.61,12173.61,495.03,9,0,7,4
EMP0004-2024-03,EMP0004,Souad Oliver,Female,1986-10-13,2017-09-07,,Active,0,1,DEP04,Sales,JOB07,Sales Executive,2024-03-01,21,12173.61,12173.61,657.42,40,1,5,2
EMP0004-2024-04,EMP0004,Souad Oliver,Female,1986-10-13,2017-09-07,,Active,0,1,DEP04,Sales,JOB07,Sales Executive,2024-04-01,22,12173.61,12173.61,0,2,0,8,4
EMP0004-2024-05,EMP0004,Souad Oliver,Female,1986-10-13,2017-09-07,,Active,0,1,DEP04,Sales,JOB07,Sales Executive,2024-05-01,23,12173.61,12173.61,0,0,2,7,3
EMP0004-2024-06,EMP0004,Souad Oliver,Female,1986-10-13,2017-09-07,,Active,0,1,DEP04,Sales,JOB07,Sales Executive,2024-06-01,20,12173.61,12173.61,1803.11,2,0,0,3
EMP0004-2024-07,EMP0004,Souad Oliver,Female,1986-10-13,2017-09-07,,Active,0,1,DEP04,Sales,JOB07,Sales Executive,2024-07-01,23,12173.61,12173.61,580.93,0,3,1,3
EMP0004-2024-08,EMP0004,Souad Oliver,Female,1986-10-13,2017-09-07,,Active,0,1,DEP04,Sales,JOB07,Sales Executive,2024-08-01,22,12173.61,12173.61,0,37,1,5,4
EMP0004-2024-09,EMP0004,Souad Oliver,Female,1986-10-13,2017-09-07,,Active,0,1,DEP04,Sales,JOB07,Sales Executive,2024-09-01,21,12173.61,12173.61,0,3,1,0,4
EMP0004-2024-10,EMP0004,Souad Oliver,Female,1986-10-13,2017-09-07,,Active,0,1,DEP04,Sales,JOB07,Sales Executive,2024-10-01,23,12173.61,12173.61,1238.5,5,3,10,4
EMP0004-2024-11,EMP0004,Souad Oliver,Female,1986-10-13,2017-09-07,,Active,0,1,DEP04,Sales,JOB07,Sales Executive,2024-11-01,21,12173.61,12173.61,475.29,33,0,0,4
EMP0004-2024-12,EMP0004,Souad Oliver,Female,1986-10-13,2017-09-07,,Active,0,1,DEP04,Sales,JOB07,Sales Executive,2024-12-01,22,12173.61,12173.61,0,4,0,8,3
EMP0004-2025-01,EMP0004,Souad Oliver,Female,1986-10-13,2017-09-07,,Active,0,1,DEP04,Sales,JOB07,Sales Executive,2025-01-01,23,12977.06,12977.06,1494.67,4,1,8,3
EMP0004-2025-02,EMP0004,Souad Oliver,Female,1986-10-13,2017-09-07,,Active,0,1,DEP04,Sales,JOB07,Sales Executive,2025-02-01,20,12977.06,12977.06,1415.92,6,2,7,4
EMP0004-2025-03,EMP0004,Souad Oliver,Female,1986-10-13,2017-09-07,,Active,0,1,DEP04,Sales,JOB07,Sales Executive,2025-03-01,21,12977.06,12977.06,1327.98,6,0,2,4
EMP0004-2025-04,EMP0004,Souad Oliver,Female,1986-10-13,2017-09-07,,Active,0,1,DEP04,Sales,JOB07,Sales Executive,2025-04-01,22,12977.06,12977.06,982.95,3,2,0,4
EMP0004-2025-05,EMP0004,Souad Oliver,Female,1986-10-13,2017-09-07,,Active,0,1,DEP04,Sales,JOB07,Sales Executive,2025-05-01,22,12977.06,12977.06,1591.11,6,2,5,4
EMP0004-2025-06,EMP0004,Souad Oliver,Female,1986-10-13,2017-09-07,,Active,0,1,DEP04,Sales,JOB07,Sales Executive,2025-06-01,21,12977.06,12977.06,0,13,0,0,4
EMP0004-2025-07,EMP0004,Souad Oliver,Female,1986-10-13,2017-09-07,,Active,0,1,DEP04,Sales,JOB07,Sales Executive,2025-07-01,23,12977.06,12977.06,0,9,2,16,5
EMP0004-2025-08,EMP0004,Souad Oliver,Female,1986-10-13,2017-09-07,,Active,0,1,DEP04,Sales,JOB07,Sales Executive,2025-08-01,21,12977.06,12977.06,1666.38,0,0,0,4
EMP0004-2025-09,EMP0004,Souad Oliver,Female,1986-10-13,2017-09-07,,Active,0,1,DEP04,Sales,JOB07,Sales Executive,2025-09-01,22,12977.06,12977.06,0,34,2,0,3
EMP0004-2025-10,EMP0004,Souad Oliver,Female,1986-10-13,2017-09-07,,Active,0,1,DEP04,Sales,JOB07,Sales Executive,2025-10-01,23,12977.06,12977.06,0,0,0,5,3
EMP0004-2025-11,EMP0004,Souad Oliver,Female,1986-10-13,2017-09-07,,Active,0,1,DEP04,Sales,JOB07,Sales Executive,2025-11-01,20,12977.06,12977.06,640.27,18,2,0,4
EMP0004-2025-12,EMP0004,Souad Oliver,Female,1986-10-13,2017-09-07,,Active,0,1,DEP04,Sales,JOB07,Sales Executive,2025-12-01,23,12977.06,12977.06,1730.66,0,0,14,4
EMP0005-2024-01,EMP0005,Hana Palmer,Female,1980-07-07,2019-11-22,,Active,4,2,DEP02,Finance,JOB03,Accountant,2024-01-01,23,13464.48,13464.48,1177.43,9,3,0,3
EMP0005-2024-02,EMP0005,Hana Palmer,Female,1980-07-07,2019-11-22,,Active,4,2,DEP02,Finance,JOB03,Accountant,2024-02-01,21,13464.48,13464.48,1537.94,5,3,7,3
EMP0005-2024-03,EMP0005,Hana Palmer,Female,1980-07-07,2019-11-22,,Active,4,2,DEP02,Finance,JOB03,Accountant,2024-03-01,21,13464.48,13464.48,0,0,1,5,3
EMP0005-2024-04,EMP0005,Hana Palmer,Female,1980-07-07,2019-11-22,,Active,4,2,DEP02,Finance,JOB03,Accountant,2024-04-01,22,13464.48,13464.48,1459.15,10,0,1,2
EMP0005-2024-05,EMP0005,Hana Palmer,Female,1980-07-07,2019-11-22,,Active,4,2,DEP02,Finance,JOB03,Accountant,2024-05-01,23,13464.48,13464.48,1825.7,0,0,0,4
EMP0005-2024-06,EMP0005,Hana Palmer,Female,1980-07-07,2019-11-22,,Active,4,2,DEP02,Finance,JOB03,Accountant,2024-06-01,20,13464.48,13464.48,0,0,2,2,3
EMP0005-2024-07,EMP0005,Hana Palmer,Female,1980-07-07,2019-11-22,,Active,4,2,DEP02,Finance,JOB03,Accountant,2024-07-01,23,13464.48,13464.48,0,4,0,0,3
EMP0005-2024-08,EMP0005,Hana Palmer,Female,1980-07-07,2019-11-22,,Active,4,2,DEP02,Finance,JOB03,Accountant,2024-08-01,22,13464.48,13464.48,0,0,0,3,2
EMP0005-2024-09,EMP0005,Hana Palmer,Female,1980-07-07,2019-11-22,,Active,4,2,DEP02,Finance,JOB03,Accountant,2024-09-01,21,13464.48,13464.48,0,23,1,3,3
EMP0005-2024-10,EMP0005,Hana Palmer,Female,1980-07-07,2019-11-22,,Active,4,2,DEP02,Finance,JOB03,Accountant,2024-10-01,23,13464.48,13464.48,0,13,0,15,3
EMP0005-2024-11,EMP0005,Hana Palmer,Female,1980-07-07,2019-11-22,,Active,4,2,DEP02,Finance,JOB03,Accountant,2024-11-01,21,13464.48,13464.48,0,3,3,1,2
EMP0005-2024-12,EMP0005,Hana Palmer,Female,1980-07-07,2019-11-22,,Active,4,2,DEP02,Finance,JOB03,Accountant,2024-12-01,22,13464.48,13464.48,1645.3,0,1,0,3
EMP0005-2025-01,EMP0005,Hana Palmer,Female,1980-07-07,2019-11-22,,Active,4,2,DEP02,Finance,JOB03,Accountant,2025-01-01,23,14370.66,14370.66,0,17,2,4,2
EMP0005-2025-02,EMP0005,Hana Palmer,Female,1980-07-07,2019-11-22,,Active,4,2,DEP02,Finance,JOB03,Accountant,2025-02-01,20,14370.66,14370.66,0,2,3,0,3
EMP0005-2025-03,EMP0005,Hana Palmer,Female,1980-07-07,2019-11-22,,Active,4,2,DEP02,Finance,JOB03,Accountant,2025-03-01,21,14370.66,14370.66,0,0,0,15,3
EMP0005-2025-04,EMP0005,Hana Palmer,Female,1980-07-07,2019-11-22,,Active,4,2,DEP02,Finance,JOB03,Accountant,2025-04-01,22,14370.66,14370.66,0,0,4,1,3
EMP0005-2025-05,EMP0005,Hana Palmer,Female,1980-07-07,2019-11-22,,Active,4,2,DEP02,Finance,JOB03,Accountant,2025-05-01,22,14370.66,14370.66,0,24,0,8,3
EMP0005-2025-06,EMP0005,Hana Palmer,Female,1980-07-07,2019-11-22,,Active,4,2,DEP02,Finance,JOB03,Accountant,2025-06-01,21,14370.66,14370.66,0,22,2,0,3
EMP0005-2025-07,EMP0005,Hana Palmer,Female,1980-07-07,2019-11-22,,Active,4,2,DEP02,Finance,JOB03,Accountant,2025-07-01,23,14370.66,14370.66,0,30,3,5,3
EMP0005-2025-08,EMP0005,Hana Palmer,Female,1980-07-07,2019-11-22,,Active,4,2,DEP02,Finance,JOB03,Accountant,2025-08-01,21,14370.66,14370.66,0,0,1,4,3
EMP0005-2025-09,EMP0005,Hana Palmer,Female,1980-07-07,2019-11-22,,Active,4,2,DEP02,Finance,JOB03,Accountant,2025-09-01,22,14370.66,14370.66,0,40,0,12,3
EMP0005-2025-10,EMP0005,Hana Palmer,Female,1980-07-07,2019-11-22,,Active,4,2,DEP02,Finance,JOB03,Accountant,2025-10-01,23,14370.66,14370.66,489.02,31,4,12,3
EMP0005-2025-11,EMP0005,Hana Palmer,Female,1980-07-07,2019-11-22,,Active,4,2,DEP02,Finance,JOB03,Accountant,2025-11-01,20,14370.66,14370.66,813.5,5,0,15,3
EMP0005-2025-12,EMP0005,Hana Palmer,Female,1980-07-07,2019-11-22,,Active,4,2,DEP02,Finance,JOB03,Accountant,2025-12-01,23,14370.66,14370.66,1734.24,9,2,8,3
EMP0006-2024-01,EMP0006,Sharon Al-Masri,Female,1985-03-27,2020-02-20,,Active,8,4,DEP03,Information Technology,JOB05,Software Engineer,2024-01-01,23,61539.28,61539.28,2717.87,25,0,3,4
EMP0006-2024-02,EMP0006,Sharon Al-Masri,Female,1985-03-27,2020-02-20,,Active,8,4,DEP03,Information Technology,JOB05,Software Engineer,2024-02-01,21,61539.28,61539.28,0,20,0,1,4
EMP0006-2024-03,EMP0006,Sharon Al-Masri,Female,1985-03-27,2020-02-20,,Active,8,4,DEP03,Information Technology,JOB05,Software Engineer,2024-03-01,21,61539.28,61539.28,0,14,1,7,4
EMP0006-2024-04,EMP0006,Sharon Al-Masri,Female,1985-03-27,2020-02-20,,Active,8,4,DEP03,Information Technology,JOB05,Software Engineer,2024-04-01,22,61539.28,61539.28,0,4,2,7,3
EMP0006-2024-05,EMP0006,Sharon Al-Masri,Female,1985-03-27,2020-02-20,,Active,8,4,DEP03,Information Technology,JOB05,Software Engineer,2024-05-01,23,61539.28,61539.28,0,4,1,7,5
EMP0006-2024-06,EMP0006,Sharon Al-Masri,Female,1985-03-27,2020-02-20,,Active,8,4,DEP03,Information Technology,JOB05,Software Engineer,2024-06-01,20,61539.28,61539.28,0,7,0,14,4
EMP0006-2024-07,EMP0006,Sharon Al-Masri,Female,1985-03-27,2020-02-20,,Active,8,4,DEP03,Information Technology,JOB05,Software Engineer,2024-07-01,23,61539.28,61539.28,3910.43,3,0,5,3
EMP0006-2024-08,EMP0006,Sharon Al-Masri,Female,1985-03-27,2020-02-20,,Active,8,4,DEP03,Information Technology,JOB05,Software Engineer,2024-08-01,22,61539.28,61539.28,4250.98,5,3,0,4
EMP0006-2024-09,EMP0006,Sharon Al-Masri,Female,1985-03-27,2020-02-20,,Active,8,4,DEP03,Information Technology,JOB05,Software Engineer,2024-09-01,21,61539.28,61539.28,0,15,0,0,4
EMP0006-2024-10,EMP0006,Sharon Al-Masri,Female,1985-03-27,2020-02-20,,Active,8,4,DEP03,Information Technology,JOB05,Software Engineer,2024-10-01,23,61539.28,61539.28,4712.85,7,2,7,4
EMP0006-2024-11,EMP0006,Sharon Al-Masri,Female,1985-03-27,2020-02-20,,Active,8,4,DEP03,Information Technology,JOB05,Software Engineer,2024-11-01,21,61539.28,61539.28,3221.91,7,0,0,4
EMP0006-2024-12,EMP0006,Sharon Al-Masri,Female,1985-03-27,2020-02-20,,Active,8,4,DEP03,Information Technology,JOB05,Software Engineer,2024-12-01,22,61539.28,61539.28,2759.2,5,0,1,4
EMP0006-2025-01,EMP0006,Sharon Al-Masri,Female,1985-03-27,2020-02-20,,Active,8,4,DEP03,Information Technology,JOB05,Software Engineer,2025-01-01,23,68109.94,68109.94,5719.16,13,0,11,4
EMP0006-2025-02,EMP0006,Sharon Al-Masri,Female,1985-03-27,2020-02-20,,Active,8,4,DEP03,Information Technology,JOB05,Software Engineer,2025-02-01,20,68109.94,68109.94,0,2,0,1,4
EMP0006-2025-03,EMP0006,Sharon Al-Masri,Female,1985-03-27,2020-02-20,,Active,8,4,DEP03,Information Technology,JOB05,Software Engineer,2025-03-01,21,68109.94,68109.94,1966.21,10,4,0,4
EMP0006-2025-04,EMP0006,Sharon Al-Masri,Female,1985-03-27,2020-02-20,,Active,8,4,DEP03,Information Technology,JOB05,Software Engineer,2025-04-01,22,68109.94,68109.94,8545.72,29,2,0,4
EMP0006-2025-05,EMP0006,Sharon Al-Masri,Female,1985-03-27,2020-02-20,,Active,8,4,DEP03,Information Technology,JOB05,Software Engineer,2025-05-01,22,68109.94,68109.94,3599.04,5,2,6,4
EMP0006-2025-06,EMP0006,Sharon Al-Masri,Female,1985-03-27,2020-02-20,,Active,8,4,DEP03,Information Technology,JOB05,Software Engineer,2025-06-01,21,68109.94,68109.94,3782.35,19,3,6,4
EMP0006-2025-07,EMP0006,Sharon Al-Masri,Female,1985-03-27,2020-02-20,,Active,8,4,DEP03,Information Technology,JOB05,Software Engineer,2025-07-01,23,68109.94,68109.94,9660.87,0,1,13,5
EMP0006-2025-08,EMP0006,Sharon Al-Masri,Female,1985-03-27,2020-02-20,,Active,8,4,DEP03,Information Technology,JOB05,Software Engineer,2025-08-01,21,68109.94,68109.94,4759.28,10,3,1,4
EMP0006-2025-09,EMP0006,Sharon Al-Masri,Female,1985-03-27,2020-02-20,,Active,8,4,DEP03,Information Technology,JOB05,Software Engineer,2025-09-01,22,68109.94,68109.94,0,6,0,0,4
EMP0006-2025-10,EMP0006,Sharon Al-Masri,Female,1985-03-27,2020-02-20,,Active,8,4,DEP03,Information Technology,JOB05,Software Engineer,2025-10-01,23,68109.94,68109.94,0,9,1,1,4
EMP0006-2025-11,EMP0006,Sharon Al-Masri,Female,1985-03-27,2020-02-20,,Active,8,4,DEP03,Information Technology,JOB05,Software Engineer,2025-11-01,20,68109.94,68109.94,6251.8,8,1,0,4
EMP0006-2025-12,EMP0006,Sharon Al-Masri,Female,1985-03-27,2020-02-20,,Active,8,4,DEP03,Information Technology,JOB05,Software Engineer,2025-12-01,23,68109.94,68109.94,2386.28,26,2,3,4
EMP0007-2025-02,EMP0007,Tahirə Solís,Female,1990-09-26,2025-02-16,,Active,4,2,DEP05,Marketing,JOB09,Marketing Specialist,2025-02-01,10,12998.85,6499.43,0,4,0,1,4
EMP0007-2025-03,EMP0007,Tahirə Solís,Female,1990-09-26,2025-02-16,,Active,4,2,DEP05,Marketing,JOB09,Marketing Specialist,2025-03-01,21,12998.85,12998.85,0,4,1,7,4
EMP0007-2025-04,EMP0007,Tahirə Solís,Female,1990-09-26,2025-02-16,,Active,4,2,DEP05,Marketing,JOB09,Marketing Specialist,2025-04-01,22,12998.85,12998.85,392.84,15,3,14,3
EMP0007-2025-05,EMP0007,Tahirə Solís,Female,1990-09-26,2025-02-16,,Active,4,2,DEP05,Marketing,JOB09,Marketing Specialist,2025-05-01,22,12998.85,12998.85,628.81,17,1,0,4
EMP0007-2025-06,EMP0007,Tahirə Solís,Female,1990-09-26,2025-02-16,,Active,4,2,DEP05,Marketing,JOB09,Marketing Specialist,2025-06-01,21,12998.85,12998.85,0,0,2,8,3
EMP0007-2025-07,EMP0007,Tahirə Solís,Female,1990-09-26,2025-02-16,,Active,4,2,DEP05,Marketing,JOB09,Marketing Specialist,2025-07-01,23,12998.85,12998.85,1259.8,6,1,0,4
EMP0007-2025-08,EMP0007,Tahirə Solís,Female,1990-09-26,2025-02-16,,Active,4,2,DEP05,Marketing,JOB09,Marketing Specialist,2025-08-01,21,12998.85,12998.85,0,11,1,2,4
EMP0007-2025-09,EMP0007,Tahirə Solís,Female,1990-09-26,2025-02-16,,Active,4,2,DEP05,Marketing,JOB09,Marketing Specialist,2025-09-01,22,12998.85,12998.85,0,4,1,5,4
EMP0007-2025-10,EMP0007,Tahirə Solís,Female,1990-09-26,2025-02-16,,Active,4,2,DEP05,Marketing,JOB09,Marketing Specialist,2025-10-01,23,12998.85,12998.85,860.68,23,2,6,4
EMP0007-2025-11,EMP0007,Tahirə Solís,Female,1990-09-26,2025-02-16,,Active,4,2,DEP05,Marketing,JOB09,Marketing Specialist,2025-11-01,20,12998.85,12998.85,0,2,0,5,3
EMP0007-2025-12,EMP0007,Tahirə Solís,Female,1990-09-26,2025-02-16,,Active,4,2,DEP05,Marketing,JOB09,Marketing Specialist,2025-12-01,23,12998.85,12998.85,0,22,1,3,4
EMP0008-2024-01,EMP0008,Young-ho Ólafsson,Male,1980-02-09,2021-09-22,,Active,6,3,DEP01,Human Resources,JOB01,HR Specialist,2024-01-01,23,20455.76,20455.76,797.98,8,0,0,4
EMP0008-2024-02,EMP0008,Young-ho Ólafsson,Male,1980-02-09,2021-09-22,,Active,6,3,DEP01,Human Resources,JOB01,HR Specialist,2024-02-01,21,20455.76,20455.76,1513.92,0,0,15,3
EMP0008-2024-03,EMP0008,Young-ho Ólafsson,Male,1980-02-09,2021-09-22,,Active,6,3,DEP01,Human Resources,JOB01,HR Specialist,2024-03-01,21,20455.76,20455.76,0,40,0,2,3
EMP0008-2024-04,EMP0008,Young-ho Ólafsson,Male,1980-02-09,2021-09-22,,Active,6,3,DEP01,Human Resources,JOB01,HR Specialist,2024-04-01,22,20455.76,20455.76,0,1,0,8,3
EMP0008-2024-05,EMP0008,Young-ho Ólafsson,Male,1980-02-09,2021-09-22,,Active,6,3,DEP01,Human Resources,JOB01,HR Specialist,2024-05-01,23,20455.76,20455.76,0,4,1,8,3
EMP0008-2024-06,EMP0008,Young-ho Ólafsson,Male,1980-02-09,2021-09-22,,Active,6,3,DEP01,Human Resources,JOB01,HR Specialist,2024-06-01,20,20455.76,20455.76,2663.96,27,0,7,4
EMP0008-2024-07,EMP0008,Young-ho Ólafsson,Male,1980-02-09,2021-09-22,,Active,6,3,DEP01,Human Resources,JOB01,HR Specialist,2024-07-01,23,20455.76,20455.76,0,18,2,2,3
EMP0008-2024-08,EMP0008,Young-ho Ólafsson,Male,1980-02-09,2021-09-22,,Active,6,3,DEP01,Human Resources,JOB01,HR Specialist,2024-08-01,22,20455.76,20455.76,1147.29,10,0,2,4
EMP0008-2024-09,EMP0008,Young-ho Ólafsson,Male,1980-02-09,2021-09-22,,Active,6,3,DEP01,Human Resources,JOB01,HR Specialist,2024-09-01,21,20455.76,20455.76,463.58,0,2,13,3
EMP0008-2024-10,EMP0008,Young-ho Ólafsson,Male,1980-02-09,2021-09-22,,Active,6,3,DEP01,Human Resources,JOB01,HR Specialist,2024-10-01,23,20455.76,20455.76,0,40,1,0,3
EMP0008-2024-11,EMP0008,Young-ho Ólafsson,Male,1980-02-09,2021-09-22,,Active,6,3,DEP01,Human Resources,JOB01,HR Specialist,2024-11-01,21,20455.76,20455.76,2813.05,8,2,2,3
EMP0008-2024-12,EMP0008,Young-ho Ólafsson,Male,1980-02-09,2021-09-22,,Active,6,3,DEP01,Human Resources,JOB01,HR Specialist,2024-12-01,22,20455.76,20455.76,0,8,0,7,4
EMP0008-2025-01,EMP0008,Young-ho Ólafsson,Male,1980-02-09,2021-09-22,,Active,6,3,DEP01,Human Resources,JOB01,HR Specialist,2025-01-01,23,21889.42,21889.42,1758.49,22,0,0,3
EMP0008-2025-02,EMP0008,Young-ho Ólafsson,Male,1980-02-09,2021-09-22,,Active,6,3,DEP01,Human Resources,JOB01,HR Specialist,2025-02-01,20,21889.42,21889.42,0,39,1,0,4
EMP0008-2025-03,EMP0008,Young-ho Ólafsson,Male,1980-02-09,2021-09-22,,Active,6,3,DEP01,Human Resources,JOB01,HR Specialist,2025-03-01,21,21889.42,21889.42,0,3,4,8,3
EMP0008-2025-04,EMP0008,Young-ho Ólafsson,Male,1980-02-09,2021-09-22,,Active,6,3,DEP01,Human Resources,JOB01,HR Specialist,2025-04-01,22,21889.42,21889.42,0,0,1,8,3
EMP0008-2025-05,EMP0008,Young-ho Ólafsson,Male,1980-02-09,2021-09-22,,Active,6,3,DEP01,Human Resources,JOB01,HR Specialist,2025-05-01,22,21889.42,21889.42,0,8,1,8,3
EMP0008-2025-06,EMP0008,Young-ho Ólafsson,Male,1980-02-09,2021-09-22,,Active,6,3,DEP01,Human Resources,JOB01,HR Specialist,2025-06-01,21,21889.42,21889.42,0,1,1,2,3
EMP0008-2025-07,EMP0008,Young-ho Ólafsson,Male,1980-02-09,2021-09-22,,Active,6,3,DEP01,Human Resources,JOB01,HR Specialist,2025-07-01,23,21889.42,21889.42,0,0,2,0,3
EMP0008-2025-08,EMP0008,Young-ho Ólafsson,Male,1980-02-09,2021-09-22,,Active,6,3,DEP01,Human Resources,JOB01,HR Specialist,2025-08-01,21,21889.42,21889.42,0,10,0,9,3
EMP0008-2025-09,EMP0008,Young-ho Ólafsson,Male,1980-02-09,2021-09-22,,Active,6,3,DEP01,Human Resources,JOB01,HR Specialist,2025-09-01,22,21889.42,21889.42,1513.65,4,0,0,4
EMP0008-2025-10,EMP0008,Young-ho Ólafsson,Male,1980-02-09,2021-09-22,,Active,6,3,DEP01,Human Resources,JOB01,HR Specialist,2025-10-01,23,21889.42,21889.42,0,8,0,4,3
EMP0008-2025-11,EMP0008,Young-ho Ólafsson,Male,1980-02-09,2021-09-22,,Active,6,3,DEP01,Human Resources,JOB01,HR Specialist,2025-11-01,20,21889.42,21889.42,0,0,1,5,3
EMP0008-2025-12,EMP0008,Young-ho Ólafsson,Male,1980-02-09,2021-09-22,,Active,6,3,DEP01,Human Resources,JOB01,HR Specialist,2025-12-01,23,21889.42,21889.42,0,8,0,2,2
EMP0009-2024-01,EMP0009,Andrés Gibson,Male,1985-10-21,2018-06-17,,Active,3,1,DEP06,Operations,JOB12,Supply Chain Analyst,2024-01-01,23,9236.88,9236.88,436.79,0,0,0,4
EMP0009-2024-02,EMP0009,Andrés Gibson,Male,1985-10-21,2018-06-17,,Active,3,1,DEP06,Operations,JOB12,Supply Chain Analyst,2024-02-01,21,9236.88,9236.88,0,7,0,0,4
EMP0009-2024-03,EMP0009,Andrés Gibson,Male,1985-10-21,2018-06-17,,Active,3,1,DEP06,Operations,JOB12,Supply Chain Analyst,2024-03-01,21,9236.88,9236.88,0,30,0,0,3
EMP0009-2024-04,EMP0009,Andrés Gibson,Male,1985-10-21,2018-06-17,,Active,3,1,DEP06,Operations,JOB12,Supply Chain Analyst,2024-04-01,22,9236.88,9236.88,838.99,1,1,8,4
EMP0009-2024-05,EMP0009,Andrés Gibson,Male,1985-10-21,2018-06-17,,Active,3,1,DEP06,Operations,JOB12,Supply Chain Analyst,2024-05-01,23,9236.88,9236.88,940.41,4,0,9,4
EMP0009-2024-06,EMP0009,Andrés Gibson,Male,1985-10-21,2018-06-17,,Active,3,1,DEP06,Operations,JOB12,Supply Chain Analyst,2024-06-01,20,9236.88,9236.88,0,5,0,16,4
EMP0009-2024-07,EMP0009,Andrés Gibson,Male,1985-10-21,2018-06-17,,Active,3,1,DEP06,Operations,JOB12,Supply Chain Analyst,2024-07-01,23,9236.88,9236.88,0,0,2,14,4
EMP0009-2024-08,EMP0009,Andrés Gibson,Male,1985-10-21,2018-06-17,,Active,3,1,DEP06,Operations,JOB12,Supply Chain Analyst,2024-08-01,22,9236.88,9236.88,0,0,0,7,4
EMP0009-2024-09,EMP0009,Andrés Gibson,Male,1985-10-21,2018-06-17,,Active,3,1,DEP06,Operations,JOB12,Supply Chain Analyst,2024-09-01,21,9236.88,9236.88,0,0,0,4,3
EMP0009-2024-10,EMP0009,Andrés Gibson,Male,1985-10-21,2018-06-17,,Active,3,1,DEP06,Operations,JOB12,Supply Chain Analyst,2024-10-01,23,9236.88,9236.88,0,23,0,13,4
EMP0009-2024-11,EMP0009,Andrés Gibson,Male,1985-10-21,2018-06-17,,Active,3,1,DEP06,Operations,JOB12,Supply Chain Analyst,2024-11-01,21,9236.88,9236.88,1176.25,0,4,1,4
EMP0009-2024-12,EMP0009,Andrés Gibson,Male,1985-10-21,2018-06-17,,Active,3,1,DEP06,Operations,JOB12,Supply Chain Analyst,2024-12-01,22,9236.88,9236.88,872.36,0,0,0,4
EMP0009-2025-01,EMP0009,Andrés Gibson,Male,1985-10-21,2018-06-17,,Active,3,1,DEP06,Operations,JOB12,Supply Chain Analyst,2025-01-01,23,10060.63,10060.63,0,16,0,0,3
EMP0009-2025-02,EMP0009,Andrés Gibson,Male,1985-10-21,2018-06-17,,Active,3,1,DEP06,Operations,JOB12,Supply Chain Analyst,2025-02-01,20,10060.63,10060.63,0,15,0,8,3
EMP0009-2025-03,EMP0009,Andrés Gibson,Male,1985-10-21,2018-06-17,,Active,3,1,DEP06,Operations,JOB12,Supply Chain Analyst,2025-03-01,21,10060.63,10060.63,319.43,1,1,4,4
EMP0009-2025-04,EMP0009,Andrés Gibson,Male,1985-10-21,2018-06-17,,Active,3,1,DEP06,Operations,JOB12,Supply Chain Analyst,2025-04-01,22,10060.63,10060.63,654.69,3,0,3,4
EMP0009-2025-05,EMP0009,Andrés Gibson,Male,1985-10-21,2018-06-17,,Active,3,1,DEP06,Operations,JOB12,Supply Chain Analyst,2025-05-01,22,10060.63,10060.63,0,24,0,0,3
EMP0009-2025-06,EMP0009,Andrés Gibson,Male,1985-10-21,2018-06-17,,Active,3,1,DEP06,Operations,JOB12,Supply Chain Analyst,2025-06-01,21,10060.63,10060.63,0,3,2,3,4
EMP0009-2025-07,EMP0009,Andrés Gibson,Male,1985-10-21,2018-06-17,,Active,3,1,DEP06,Operations,JOB12,Supply Chain Analyst,2025-07-01,23,10060.63,10060.63,0,8,0,0,3
EMP0009-2025-08,EMP0009,Andrés Gibson,Male,1985-10-21,2018-06-17,,Active,3,1,DEP06,Operations,JOB12,Supply Chain Analyst,2025-08-01,21,10060.63,10060.63,556.19,0,0,2,4
EMP0009-2025-09,EMP0009,Andrés Gibson,Male,1985-10-21,2018-06-17,,Active,3,1,DEP06,Operations,JOB12,Supply Chain Analyst,2025-09-01,22,10060.63,10060.63,1000.75,0,0,4,4
EMP0009-2025-10,EMP0009,Andrés Gibson,Male,1985-10-21,2018-06-17,,Active,3,1,DEP06,Operations,JOB12,Supply Chain Analyst,2025-10-01,23,10060.63,10060.63,0,10,0,1,4
EMP0009-2025-11,EMP0009,Andrés Gibson,Male,1985-10-21,2018-06-17,,Active,3,1,DEP06,Operations,JOB12,Supply Chain Analyst,2025-11-01,20,10060.63,10060.63,0,14,4,2,4
EMP0009-2025-12,EMP0009,Andrés Gibson,Male,1985-10-21,2018-06-17,,Active,3,1,DEP06,Operations,JOB12,Supply Chain Analyst,2025-12-01,23,10060.63,10060.63,1060.26,1,0,0,4
EMP0010-2024-01,EMP0010,Aliona Laborde,Female,1992-09-04,2022-05-19,,Active,2,1,DEP01,Human Resources,JOB02,Recruiter,2024-01-01,23,8324.87,8324.87,0,0,0,14,4
EMP0010-2024-02,EMP0010,Aliona Laborde,Female,1992-09-04,2022-05-19,,Active,2,1,DEP01,Human Resources,JOB02,Recruiter,2024-02-01,21,8324.87,8324.87,854.43,23,0,0,4
EMP0010-2024-03,EMP0010,Aliona Laborde,Female,1992-09-04,2022-05-19,,Active,2,1,DEP01,Human Resources,JOB02,Recruiter,2024-03-01,21,8324.87,8324.87,0,15,0,0,3
EMP0010-2024-04,EMP0010,Aliona Laborde,Female,1992-09-04,2022-05-19,,Active,2,1,DEP01,Human Resources,JOB02,Recruiter,2024-04-01,22,8324.87,8324.87,0,22,3,4,4
EMP0010-2024-05,EMP0010,Aliona Laborde,Female,1992-09-04,2022-05-19,,Active,2,1,DEP01,Human Resources,JOB02,Recruiter,2024-05-01,23,8324.87,8324.87,332.41,0,0,2,4
EMP0010-2024-06,EMP0010,Aliona Laborde,Female,1992-09-04,2022-05-19,,Active,2,1,DEP01,Human Resources,JOB02,Recruiter,2024-06-01,20,8324.87,8324.87,232.48,25,1,15,4
EMP0010-2024-07,EMP0010,Aliona Laborde,Female,1992-09-04,2022-05-19,,Active,2,1,DEP01,Human Resources,JOB02,Recruiter,2024-07-01,23,8324.87,8324.87,567.14,12,0,6,4
EMP0010-2024-08,EMP0010,Aliona Laborde,Female,1992-09-04,2022-05-19,,Active,2,1,DEP01,Human Resources,JOB02,Recruiter,2024-08-01,22,8324.87,8324.87,0,2,2,1,4
EMP0010-2024-09,EMP0010,Aliona Laborde,Female,1992-09-04,2022-05-19,,Active,2,1,DEP01,Human Resources,JOB02,Recruiter,2024-09-01,21,8324.87,8324.87,0,3,0,8,3
EMP0010-2024-10,EMP0010,Aliona Laborde,Female,1992-09-04,2022-05-19,,Active,2,1,DEP01,Human Resources,JOB02,Recruiter,2024-10-01,23,8324.87,8324.87,0,0,2,0,3
EMP0010-2024-11,EMP0010,Aliona Laborde,Female,1992-09-04,2022-05-19,,Active,2,1,DEP01,Human Resources,JOB02,Recruiter,2024-11-01,21,8324.87,8324.87,0,1,0,4,3
EMP0010-2024-12,EMP0010,Aliona Laborde,Female,1992-09-04,2022-05-19,,Active,2,1,DEP01,Human Resources,JOB02,Recruiter,2024-12-01,22,8324.87,8324.87,648.09,6,0,0,4
EMP0010-2025-01,EMP0010,Aliona Laborde,Female,1992-09-04,2022-05-19,,Active,2,1,DEP01,Human Resources,JOB02,Recruiter,2025-01-01,23,9065.53,9065.53,660.81,0,2,0,4
EMP0010-2025-02,EMP0010,Aliona Laborde,Female,1992-09-04,2022-05-19,,Active,2,1,DEP01,Human Resources,JOB02,Recruiter,2025-02-01,20,9065.53,9065.53,0,4,0,7,3
EMP0010-2025-03,EMP0010,Aliona Laborde,Female,1992-09-04,2022-05-19,,Active,2,1,DEP01,Human Resources,JOB02,Recruiter,2025-03-01,21,9065.53,9065.53,0,0,0,1,3
EMP0010-2025-04,EMP0010,Aliona Laborde,Female,1992-09-04,2022-05-19,,Active,2,1,DEP01,Human Resources,JOB02,Recruiter,2025-04-01,22,9065.53,9065.53,0,21,1,1,4
EMP0010-2025-05,EMP0010,Aliona Laborde,Female,1992-09-04,2022-05-19,,Active,2,1,DEP01,Human Resources,JOB02,Recruiter,2025-05-01,22,9065.53,9065.53,1321.87,21,1,0,4
EMP0010-2025-06,EMP0010,Aliona Laborde,Female,1992-09-04,2022-05-19,,Active,2,1,DEP01,Human Resources,JOB02,Recruiter,2025-06-01,21,9065.53,9065.53,436.31,5,0,8,4
EMP0010-2025-07,EMP0010,Aliona Laborde,Female,1992-09-04,2022-05-19,,Active,2,1,DEP01,Human Resources,JOB02,Recruiter,2025-07-01,23,9065.53,9065.53,421.58,7,4,1,4
EMP0010-2025-08,EMP0010,Aliona Laborde,Female,1992-09-04,2022-05-19,,Active,2,1,DEP01,Human Resources,JOB02,Recruiter,2025-08-01,21,9065.53,9065.53,0,8,1,0,3
EMP0010-2025-09,EMP0010,Aliona Laborde,Female,1992-09-04,2022-05-19,,Active,2,1,DEP01,Human Resources,JOB02,Recruiter,2025-09-01,22,9065.53,9065.53,718.7,0,0,3,4
EMP0010-2025-10,EMP0010,Aliona Laborde,Female,1992-09-04,2022-05-19,,Active,2,1,DEP01,Human Resources,JOB02,Recruiter,2025-10-01,23,9065.53,9065.53,0,0,0,2,4
EMP0010-2025-11,EMP0010,Aliona Laborde,Female,1992-09-04,2022-05-19,,Active,2,1,DEP01,Human Resources,JOB02,Recruiter,2025-11-01,20,9065.53,9065.53,0,4,0,9,4
EMP0010-2025-12,EMP0010,Aliona Laborde,Female,1992-09-04,2022-05-19,,Active,2,1,DEP01,Human Resources,JOB02,Recruiter,2025-12-01,23,9065.53,9065.53,0,0,0,10,4
EMP0011-2024-09,EMP0011,Thomas Zidan,Male,1992-11-18,2024-09-14,,Active,3,2,DEP04,Sales,JOB08,Account Manager,2024-09-01,11,18076.74,9468.77,0,0,3,0,3
EMP0011-2024-10,EMP0011,Thomas Zidan,Male,1992-11-18,2024-09-14,,Active,3,2,DEP04,Sales,JOB08,Account Manager,2024-10-01,23,18076.74,18076.74,1058.78,0,1,0,4
EMP0011-2024-11,EMP0011,Thomas Zidan,Male,1992-11-18,2024-09-14,,Active,3,2,DEP04,Sales,JOB08,Account Manager,2024-11-01,21,18076.74,18076.74,1289.68,0,3,7,4
EMP0011-2024-12,EMP0011,Thomas Zidan,Male,1992-11-18,2024-09-14,,Active,3,2,DEP04,Sales,JOB08,Account Manager,2024-12-01,22,18076.74,18076.74,0,0,1,1,3
EMP0011-2025-01,EMP0011,Thomas Zidan,Male,1992-11-18,2024-09-14,,Active,3,2,DEP04,Sales,JOB08,Account Manager,2025-01-01,23,18930.45,18930.45,0,0,0,0,3
EMP0011-2025-02,EMP0011,Thomas Zidan,Male,1992-11-18,2024-09-14,,Active,3,2,DEP04,Sales,JOB08,Account Manager,2025-02-01,20,18930.45,18930.45,0,28,1,3,4
EMP0011-2025-03,EMP0011,Thomas Zidan,Male,1992-11-18,2024-09-14,,Active,3,2,DEP04,Sales,JOB08,Account Manager,2025-03-01,21,18930.45,18930.45,0,0,1,1,3
EMP0011-2025-04,EMP0011,Thomas Zidan,Male,1992-11-18,2024-09-14,,Active,3,2,DEP04,Sales,JOB08,Account Manager,2025-04-01,22,18930.45,18930.45,0,0,0,2,1
EMP0011-2025-05,EMP0011,Thomas Zidan,Male,1992-11-18,2024-09-14,,Active,3,2,DEP04,Sales,JOB08,Account Manager,2025-05-01,22,18930.45,18930.45,2031.77,7,4,4,4
EMP0011-2025-06,EMP0011,Thomas Zidan,Male,1992-11-18,2024-09-14,,Active,3,2,DEP04,Sales,JOB08,Account Manager,2025-06-01,21,18930.45,18930.45,1519.43,3,2,12,3
EMP0011-2025-07,EMP0011,Thomas Zidan,Male,1992-11-18,2024-09-14,,Active,3,2,DEP04,Sales,JOB08,Account Manager,2025-07-01,23,18930.45,18930.45,0,10,1,8,3
EMP0011-2025-08,EMP0011,Thomas Zidan,Male,1992-11-18,2024-09-14,,Active,3,2,DEP04,Sales,JOB08,Account Manager,2025-08-01,21,18930.45,18930.45,0,0,1,9,4
EMP0011-2025-09,EMP0011,Thomas Zidan,Male,1992-11-18,2024-09-14,,Active,3,2,DEP04,Sales,JOB08,Account Manager,2025-09-01,22,18930.45,18930.45,933.78,0,1,0,3
EMP0011-2025-10,EMP0011,Thomas Zidan,Male,1992-11-18,2024-09-14,,Active,3,2,DEP04,Sales,JOB08,Account Manager,2025-10-01,23,18930.45,18930.45,1187.51,0,1,1,3
EMP0011-2025-11,EMP0011,Thomas Zidan,Male,1992-11-18,2024-09-14,,Active,3,2,DEP04,Sales,JOB08,Account Manager,2025-11-01,20,18930.45,18930.45,1556.8,14,3,6,4
EMP0011-2025-12,EMP0011,Thomas Zidan,Male,1992-11-18,2024-09-14,,Active,3,2,DEP04,Sales,JOB08,Account Manager,2025-12-01,23,18930.45,18930.45,0,3,1,4,3
EMP0012-2024-01,EMP0012,Sumaya Fallah,Female,1990-10-05,2021-09-15,,Active,5,2,DEP01,Human Resources,JOB01,HR Specialist,2024-01-01,23,17561.83,17561.83,672.03,0,4,5,3
EMP0012-2024-02,EMP0012,Sumaya Fallah,Female,1990-10-05,2021-09-15,,Active,5,2,DEP01,Human Resources,JOB01,HR Specialist,2024-02-01,21,17561.83,17561.83,0,0,0,8,3
EMP0012-2024-03,EMP0012,Sumaya Fallah,Female,1990-10-05,2021-09-15,,Active,5,2,DEP01,Human Resources,JOB01,HR Specialist,2024-03-01,21,17561.83,17561.83,0,0,1,13,3
EMP0012-2024-04,EMP0012,Sumaya Fallah,Female,1990-10-05,2021-09-15,,Active,5,2,DEP01,Human Resources,JOB01,HR Specialist,2024-04-01,22,17561.83,17561.83,0,9,3,0,3
EMP0012-2024-05,EMP0012,Sumaya Fallah,Female,1990-10-05,2021-09-15,,Active,5,2,DEP01,Human Resources,JOB01,HR Specialist,2024-05-01,23,17561.83,17561.83,1657.91,0,2,0,3
EMP0012-2024-06,EMP0012,Sumaya Fallah,Female,1990-10-05,2021-09-15,,Active,5,2,DEP01,Human Resources,JOB01,HR Specialist,2024-06-01,20,17561.83,17561.83,0,21,2,1,3
EMP0012-2024-07,EMP0012,Sumaya Fallah,Female,1990-10-05,2021-09-15,,Active,5,2,DEP01,Human Resources,JOB01,HR Specialist,2024-07-01,23,17561.83,17561.83,0,8,0,7,3
EMP0012-2024-08,EMP0012,Sumaya Fallah,Female,1990-10-05,2021-09-15,,Active,5,2,DEP01,Human Resources,JOB01,HR Specialist,2024-08-01,22,17561.83,17561.83,2241.96,9,2,11,3
EMP0012-2024-09,EMP0012,Sumaya Fallah,Female,1990-10-05,2021-09-15,,Active,5,2,DEP01,Human Resources,JOB01,HR Specialist,2024-09-01,21,17561.83,17561.83,0,28,2,6,3
EMP0012-2024-10,EMP0012,Sumaya Fallah,Female,1990-10-05,2021-09-15,,Active,5,2,DEP01,Human Resources,JOB01,HR Specialist,2024-10-01,23,17561.83,17561.83,0,10,0,3,2
EMP0012-2024-11,EMP0012,Sumaya Fallah,Female,1990-10-05,2021-09-15,,Active,5,2,DEP01,Human Resources,JOB01,HR Specialist,2024-11-01,21,17561.83,17561.83,2338.1,16,1,14,4
EMP0012-2024-12,EMP0012,Sumaya Fallah,Female,1990-10-05,2021-09-15,,Active,5,2,DEP01,Human Resources,JOB01,HR Specialist,2024-12-01,22,17561.83,17561.83,0,0,0,1,4
EMP0012-2025-01,EMP0012,Sumaya Fallah,Female,1990-10-05,2021-09-15,,Active,5,2,DEP01,Human Resources,JOB01,HR Specialist,2025-01-01,23,18335.44,18335.44,0,4,2,9,3
EMP0012-2025-02,EMP0012,Sumaya Fallah,Female,1990-10-05,2021-09-15,,Active,5,2,DEP01,Human Resources,JOB01,HR Specialist,2025-02-01,20,18335.44,18335.44,0,0,0,11,3
EMP0012-2025-03,EMP0012,Sumaya Fallah,Female,1990-10-05,2021-09-15,,Active,5,2,DEP01,Human Resources,JOB01,HR Specialist,2025-03-01,21,18335.44,18335.44,0,0,1,8,3
EMP0012-2025-04,EMP0012,Sumaya Fallah,Female,1990-10-05,2021-09-15,,Active,5,2,DEP01,Human Resources,JOB01,HR Specialist,2025-04-01,22,18335.44,18335.44,1198.83,0,1,0,3
EMP0012-2025-05,EMP0012,Sumaya Fallah,Female,1990-10-05,2021-09-15,,Active,5,2,DEP01,Human Resources,JOB01,HR Specialist,2025-05-01,22,18335.44,18335.44,0,39,2,3,3
EMP0012-2025-06,EMP0012,Sumaya Fallah,Female,1990-10-05,2021-09-15,,Active,5,2,DEP01,Human Resources,JOB01,HR Specialist,2025-06-01,21,18335.44,18335.44,1116.1,21,0,1,3
EMP0012-2025-07,EMP0012,Sumaya Fallah,Female,1990-10-05,2021-09-15,,Active,5,2,DEP01,Human Resources,JOB01,HR Specialist,2025-07-01,23,18335.44,18335.44,0,0,0,6,3
EMP0012-2025-08,EMP0012,Sumaya Fallah,Female,1990-10-05,2021-09-15,,Active,5,2,DEP01,Human Resources,JOB01,HR Specialist,2025-08-01,21,18335.44,18335.44,1396.44,0,4,0,4
EMP0012-2025-09,EMP0012,Sumaya Fallah,Female,1990-10-05,2021-09-15,,Active,5,2,DEP01,Human Resources,JOB01,HR Specialist,2025-09-01,22,18335.44,18335.44,1094.59,0,1,5,4
EMP0012-2025-10,EMP0012,Sumaya Fallah,Female,1990-10-05,2021-09-15,,Active,5,2,DEP01,Human Resources,JOB01,HR Specialist,2025-10-01,23,18335.44,18335.44,0,23,0,0,4
EMP0012-2025-11,EMP0012,Sumaya Fallah,Female,1990-10-05,2021-09-15,,Active,5,2,DEP01,Human Resources,JOB01,HR Specialist,2025-11-01,20,18335.44,18335.44,0,7,2,3,4
EMP0012-2025-12,EMP0012,Sumaya Fallah,Female,1990-10-05,2021-09-15,,Active,5,2,DEP01,Human Resources,JOB01,HR Specialist,2025-12-01,23,18335.44,18335.44,2077.83,1,0,14,3
EMP0013-2024-01,EMP0013,Verónica Zahiri,Female,1983-09-02,2022-01-09,,Active,6,3,DEP03,Information Technology,JOB06,IT Support Specialist,2024-01-01,23,26348.07,26348.07,2275.71,2,0,0,3
EMP0013-2024-02,EMP0013,Verónica Zahiri,Female,1983-09-02,2022-01-09,,Active,6,3,DEP03,Information Technology,JOB06,IT Support Specialist,2024-02-01,21,26348.07,26348.07,0,15,2,11,5
EMP0013-2024-03,EMP0013,Verónica Zahiri,Female,1983-09-02,2022-01-09,,Active,6,3,DEP03,Information Technology,JOB06,IT Support Specialist,2024-03-01,21,26348.07,26348.07,573.65,3,0,8,3
EMP0013-2024-04,EMP0013,Verónica Zahiri,Female,1983-09-02,2022-01-09,,Active,6,3,DEP03,Information Technology,JOB06,IT Support Specialist,2024-04-01,22,26348.07,26348.07,0,19,2,0,3
EMP0013-2024-05,EMP0013,Verónica Zahiri,Female,1983-09-02,2022-01-09,,Active,6,3,DEP03,Information Technology,JOB06,IT Support Specialist,2024-05-01,23,26348.07,26348.07,3438.69,4,1,5,4
EMP0013-2024-06,EMP0013,Verónica Zahiri,Female,1983-09-02,2022-01-09,,Active,6,3,DEP03,Information Technology,JOB06,IT Support Specialist,2024-06-01,20,26348.07,26348.07,0,14,4,3,4
EMP0013-2024-07,EMP0013,Verónica Zahiri,Female,1983-09-02,2022-01-09,,Active,6,3,DEP03,Information Technology,JOB06,IT Support Specialist,2024-07-01,23,26348.07,26348.07,0,3,1,9,3
EMP0013-2024-08,EMP0013,Verónica Zahiri,Female,1983-09-02,2022-01-09,,Active,6,3,DEP03,Information Technology,JOB06,IT Support Specialist,2024-08-01,22,26348.07,26348.07,0,20,0,11,3
EMP0013-2024-09,EMP0013,Verónica Zahiri,Female,1983-09-02,2022-01-09,,Active,6,3,DEP03,Information Technology,JOB06,IT Support Specialist,2024-09-01,21,26348.07,26348.07,0,0,2,4,3
EMP0013-2024-10,EMP0013,Verónica Zahiri,Female,1983-09-02,2022-01-09,,Active,6,3,DEP03,Information Technology,JOB06,IT Support Specialist,2024-10-01,23,26348.07,26348.07,0,3,0,5,4
EMP0013-2024-11,EMP0013,Verónica Zahiri,Female,1983-09-02,2022-01-09,,Active,6,3,DEP03,Information Technology,JOB06,IT Support Specialist,2024-11-01,21,26348.07,26348.07,0,0,0,4,3
EMP0013-2024-12,EMP0013,Verónica Zahiri,Female,1983-09-02,2022-01-09,,Active,6,3,DEP03,Information Technology,JOB06,IT Support Specialist,2024-12-01,22,26348.07,26348.07,2018.28,0,0,0,4
EMP0013-2025-01,EMP0013,Verónica Zahiri,Female,1983-09-02,2022-01-09,,Active,6,3,DEP03,Information Technology,JOB06,IT Support Specialist,2025-01-01,23,28239.46,28239.46,0,5,1,0,3
EMP0013-2025-02,EMP0013,Verónica Zahiri,Female,1983-09-02,2022-01-09,,Active,6,3,DEP03,Information Technology,JOB06,IT Support Specialist,2025-02-01,20,28239.46,28239.46,0,9,1,8,4
EMP0013-2025-03,EMP0013,Verónica Zahiri,Female,1983-09-02,2022-01-09,,Active,6,3,DEP03,Information Technology,JOB06,IT Support Specialist,2025-03-01,21,28239.46,28239.46,0,0,1,5,3
EMP0013-2025-04,EMP0013,Verónica Zahiri,Female,1983-09-02,2022-01-09,,Active,6,3,DEP03,Information Technology,JOB06,IT Support Specialist,2025-04-01,22,28239.46,28239.46,0,2,0,2,4
EMP0013-2025-05,EMP0013,Verónica Zahiri,Female,1983-09-02,2022-01-09,,Active,6,3,DEP03,Information Technology,JOB06,IT Support Specialist,2025-05-01,22,28239.46,28239.46,0,6,0,15,3
EMP0013-2025-06,EMP0013,Verónica Zahiri,Female,1983-09-02,2022-01-09,,Active,6,3,DEP03,Information Technology,JOB06,IT Support Specialist,2025-06-01,21,28239.46,28239.46,0,15,3,13,4
EMP0013-2025-07,EMP0013,Verónica Zahiri,Female,1983-09-02,2022-01-09,,Active,6,3,DEP03,Information Technology,JOB06,IT Support Specialist,2025-07-01,23,28239.46,28239.46,2759.66,0,2,10,4
EMP0013-2025-08,EMP0013,Verónica Zahiri,Female,1983-09-02,2022-01-09,,Active,6,3,DEP03,Information Technology,JOB06,IT Support Specialist,2025-08-01,21,28239.46,28239.46,0,0,1,0,3
EMP0013-2025-09,EMP0013,Verónica Zahiri,Female,1983-09-02,2022-01-09,,Active,6,3,DEP03,Information Technology,JOB06,IT Support Specialist,2025-09-01,22,28239.46,28239.46,0,6,0,5,3
EMP0013-2025-10,EMP0013,Verónica Zahiri,Female,1983-09-02,2022-01-09,,Active,6,3,DEP03,Information Technology,JOB06,IT Support Specialist,2025-10-01,23,28239.46,28239.46,2559.62,0,4,0,4
EMP0013-2025-11,EMP0013,Verónica Zahiri,Female,1983-09-02,2022-01-09,,Active,6,3,DEP03,Information Technology,JOB06,IT Support Specialist,2025-11-01,20,28239.46,28239.46,1781.6,12,0,4,4
EMP0013-2025-12,EMP0013,Verónica Zahiri,Female,1983-09-02,2022-01-09,,Active,6,3,DEP03,Information Technology,JOB06,IT Support Specialist,2025-12-01,23,28239.46,28239.46,0,0,0,0,4
EMP0014-2025-03,EMP0014,Gyasi Namatovu,Male,1986-06-08,2025-03-20,,Active,12,4,DEP06,Operations,JOB12,Supply Chain Analyst,2025-03-01,8,43156.06,16440.4,0,16,4,11,4
EMP0014-2025-04,EMP0014,Gyasi Namatovu,Male,1986-06-08,2025-03-20,,Active,12,4,DEP06,Operations,JOB12,Supply Chain Analyst,2025-04-01,22,43156.06,43156.06,0,0,1,0,3
EMP0014-2025-05,EMP0014,Gyasi Namatovu,Male,1986-06-08,2025-03-20,,Active,12,4,DEP06,Operations,JOB12,Supply Chain Analyst,2025-05-01,22,43156.06,43156.06,2739.08,20,0,0,4
EMP0014-2025-06,EMP0014,Gyasi Namatovu,Male,1986-06-08,2025-03-20,,Active,12,4,DEP06,Operations,JOB12,Supply Chain Analyst,2025-06-01,21,43156.06,43156.06,2484.77,8,0,13,4
EMP0014-2025-07,EMP0014,Gyasi Namatovu,Male,1986-06-08,2025-03-20,,Active,12,4,DEP06,Operations,JOB12,Supply Chain Analyst,2025-07-01,23,43156.06,43156.06,0,26,2,5,4
EMP0014-2025-08,EMP0014,Gyasi Namatovu,Male,1986-06-08,2025-03-20,,Active,12,4,DEP06,Operations,JOB12,Supply Chain Analyst,2025-08-01,21,43156.06,43156.06,0,1,1,0,4
EMP0014-2025-09,EMP0014,Gyasi Namatovu,Male,1986-06-08,2025-03-20,,Active,12,4,DEP06,Operations,JOB12,Supply Chain Analyst,2025-09-01,22,43156.06,43156.06,3907.05,0,4,2,3
EMP0014-2025-10,EMP0014,Gyasi Namatovu,Male,1986-06-08,2025-03-20,,Active,12,4,DEP06,Operations,JOB12,Supply Chain Analyst,2025-10-01,23,43156.06,43156.06,0,9,2,10,4
EMP0014-2025-11,EMP0014,Gyasi Namatovu,Male,1986-06-08,2025-03-20,,Active,12,4,DEP06,Operations,JOB12,Supply Chain Analyst,2025-11-01,20,43156.06,43156.06,3185.58,6,3,8,4
EMP0014-2025-12,EMP0014,Gyasi Namatovu,Male,1986-06-08,2025-03-20,,Active,12,4,DEP06,Operations,JOB12,Supply Chain Analyst,2025-12-01,23,43156.06,43156.06,4844.69,17,1,8,4
EMP0015-2024-01,EMP0015,Sonia Chear,Female,1980-08-28,2018-11-07,,Active,5,3,DEP03,Information Technology,JOB06,IT Support Specialist,2024-01-01,23,24957.22,24957.22,0,15,0,7,3
EMP0015-2024-02,EMP0015,Sonia Chear,Female,1980-08-28,2018-11-07,,Active,5,3,DEP03,Information Technology,JOB06,IT Support Specialist,2024-02-01,21,24957.22,24957.22,0,7,1,13,4
EMP0015-2024-03,EMP0015,Sonia Chear,Female,1980-08-28,2018-11-07,,Active,5,3,DEP03,Information Technology,JOB06,IT Support Specialist,2024-03-01,21,24957.22,24957.22,3192.01,0,2,0,3
EMP0015-2024-04,EMP0015,Sonia Chear,Female,1980-08-28,2018-11-07,,Active,5,3,DEP03,Information Technology,JOB06,IT Support Specialist,2024-04-01,22,24957.22,24957.22,1024.98,7,0,0,3
EMP0015-2024-05,EMP0015,Sonia Chear,Female,1980-08-28,2018-11-07,,Active,5,3,DEP03,Information Technology,JOB06,IT Support Specialist,2024-05-01,23,24957.22,24957.22,0,1,1,7,4
EMP0015-2024-06,EMP0015,Sonia Chear,Female,1980-08-28,2018-11-07,,Active,5,3,DEP03,Information Technology,JOB06,IT Support Specialist,2024-06-01,20,24957.22,24957.22,1725.06,3,1,8,4
EMP0015-2024-07,EMP0015,Sonia Chear,Female,1980-08-28,2018-11-07,,Active,5,3,DEP03,Information Technology,JOB06,IT Support Specialist,2024-07-01,23,24957.22,24957.22,0,7,0,0,3
EMP0015-2024-08,EMP0015,Sonia Chear,Female,1980-08-28,2018-11-07,,Active,5,3,DEP03,Information Technology,JOB06,IT Support Specialist,2024-08-01,22,24957.22,24957.22,0,15,3,10,3
EMP0015-2024-09,EMP0015,Sonia Chear,Female,1980-08-28,2018-11-07,,Active,5,3,DEP03,Information Technology,JOB06,IT Support Specialist,2024-09-01,21,24957.22,24957.22,3121.91,0,0,0,3
EMP0015-2024-10,EMP0015,Sonia Chear,Female,1980-08-28,2018-11-07,,Active,5,3,DEP03,Information Technology,JOB06,IT Support Specialist,2024-10-01,23,24957.22,24957.22,0,0,0,0,3
EMP0015-2024-11,EMP0015,Sonia Chear,Female,1980-08-28,2018-11-07,,Active,5,3,DEP03,Information Technology,JOB06,IT Support Specialist,2024-11-01,21,24957.22,24957.22,748.54,0,1,2,4
EMP0015-2024-12,EMP0015,Sonia Chear,Female,1980-08-28,2018-11-07,,Active,5,3,DEP03,Information Technology,JOB06,IT Support Specialist,2024-12-01,22,24957.22,24957.22,0,0,2,0,3
EMP0015-2025-01,EMP0015,Sonia Chear,Female,1980-08-28,2018-11-07,,Active,5,3,DEP03,Information Technology,JOB06,IT Support Specialist,2025-01-01,23,26551.02,26551.02,2323.04,0,2,0,4
EMP0015-2025-02,EMP0015,Sonia Chear,Female,1980-08-28,2018-11-07,,Active,5,3,DEP03,Information Technology,JOB06,IT Support Specialist,2025-02-01,20,26551.02,26551.02,0,8,1,0,3
EMP0015-2025-03,EMP0015,Sonia Chear,Female,1980-08-28,2018-11-07,,Active,5,3,DEP03,Information Technology,JOB06,IT Support Specialist,2025-03-01,21,26551.02,26551.02,3849.98,1,4,9,4
EMP0015-2025-04,EMP0015,Sonia Chear,Female,1980-08-28,2018-11-07,,Active,5,3,DEP03,Information Technology,JOB06,IT Support Specialist,2025-04-01,22,26551.02,26551.02,0,0,0,1,4
EMP0015-2025-05,EMP0015,Sonia Chear,Female,1980-08-28,2018-11-07,,Active,5,3,DEP03,Information Technology,JOB06,IT Support Specialist,2025-05-01,22,26551.02,26551.02,1183.98,22,2,4,4
EMP0015-2025-06,EMP0015,Sonia Chear,Female,1980-08-28,2018-11-07,,Active,5,3,DEP03,Information Technology,JOB06,IT Support Specialist,2025-06-01,21,26551.02,26551.02,1308.74,6,1,0,4
EMP0015-2025-07,EMP0015,Sonia Chear,Female,1980-08-28,2018-11-07,,Active,5,3,DEP03,Information Technology,JOB06,IT Support Specialist,2025-07-01,23,26551.02,26551.02,1096.3,7,0,1,4
EMP0015-2025-08,EMP0015,Sonia Chear,Female,1980-08-28,2018-11-07,,Active,5,3,DEP03,Information Technology,JOB06,IT Support Specialist,2025-08-01,21,26551.02,26551.02,856.77,0,0,16,4
EMP0015-2025-09,EMP0015,Sonia Chear,Female,1980-08-28,2018-11-07,,Active,5,3,DEP03,Information Technology,JOB06,IT Support Specialist,2025-09-01,22,26551.02,26551.02,0,3,1,0,4
EMP0015-2025-10,EMP0015,Sonia Chear,Female,1980-08-28,2018-11-07,,Active,5,3,DEP03,Information Technology,JOB06,IT Support Specialist,2025-10-01,23,26551.02,26551.02,1680.67,5,1,0,3
EMP0015-2025-11,EMP0015,Sonia Chear,Female,1980-08-28,2018-11-07,,Active,5,3,DEP03,Information Technology,JOB06,IT Support Specialist,2025-11-01,20,26551.02,26551.02,0,15,0,16,3
EMP0015-2025-12,EMP0015,Sonia Chear,Female,1980-08-28,2018-11-07,,Active,5,3,DEP03,Information Technology,JOB06,IT Support Specialist,2025-12-01,23,26551.02,26551.02,0,2,0,0,3
EMP0016-2024-01,EMP0016,Donald Shi,Male,1989-06-13,2017-01-02,,Active,5,2,DEP03,Information Technology,JOB06,IT Support Specialist,2024-01-01,23,14757.69,14757.69,0,24,2,11,3
EMP0016-2024-02,EMP0016,Donald Shi,Male,1989-06-13,2017-01-02,,Active,5,2,DEP03,Information Technology,JOB06,IT Support Specialist,2024-02-01,21,14757.69,14757.69,517.41,30,0,0,4
EMP0016-2024-03,EMP0016,Donald Shi,Male,1989-06-13,2017-01-02,,Active,5,2,DEP03,Information Technology,JOB06,IT Support Specialist,2024-03-01,21,14757.69,14757.69,0,8,1,11,4
EMP0016-2024-04,EMP0016,Donald Shi,Male,1989-06-13,2017-01-02,,Active,5,2,DEP03,Information Technology,JOB06,IT Support Specialist,2024-04-01,22,14757.69,14757.69,0,37,0,0,3
EMP0016-2024-05,EMP0016,Donald Shi,Male,1989-06-13,2017-01-02,,Active,5,2,DEP03,Information Technology,JOB06,IT Support Specialist,2024-05-01,23,14757.69,14757.69,1328.45,7,0,7,4
EMP0016-2024-06,EMP0016,Donald Shi,Male,1989-06-13,2017-01-02,,Active,5,2,DEP03,Information Technology,JOB06,IT Support Specialist,2024-06-01,20,14757.69,14757.69,0,30,0,0,3
EMP0016-2024-07,EMP0016,Donald Shi,Male,1989-06-13,2017-01-02,,Active,5,2,DEP03,Information Technology,JOB06,IT Support Specialist,2024-07-01,23,14757.69,14757.69,0,0,0,8,3
EMP0016-2024-08,EMP0016,Donald Shi,Male,1989-06-13,2017-01-02,,Active,5,2,DEP03,Information Technology,JOB06,IT Support Specialist,2024-08-01,22,14757.69,14757.69,0,0,1,15,4
EMP0016-2024-09,EMP0016,Donald Shi,Male,1989-06-13,2017-01-02,,Active,5,2,DEP03,Information Technology,JOB06,IT Support Specialist,2024-09-01,21,14757.69,14757.69,562.75,8,0,16,4
EMP0016-2024-10,EMP0016,Donald Shi,Male,1989-06-13,2017-01-02,,Active,5,2,DEP03,Information Technology,JOB06,IT Support Specialist,2024-10-01,23,14757.69,14757.69,0,10,0,7,3
EMP0016-2024-11,EMP0016,Donald Shi,Male,1989-06-13,2017-01-02,,Active,5,2,DEP03,Information Technology,JOB06,IT Support Specialist,2024-11-01,21,14757.69,14757.69,1735.7,24,0,0,4
EMP0016-2024-12,EMP0016,Donald Shi,Male,1989-06-13,2017-01-02,,Active,5,2,DEP03,Information Technology,JOB06,IT Support Specialist,2024-12-01,22,14757.69,14757.69,0,7,3,0,3
EMP0016-2025-01,EMP0016,Donald Shi,Male,1989-06-13,2017-01-02,,Active,5,2,DEP03,Information Technology,JOB06,IT Support Specialist,2025-01-01,23,15829.73,15829.73,0,0,0,3,3
EMP0016-2025-02,EMP0016,Donald Shi,Male,1989-06-13,2017-01-02,,Active,5,2,DEP03,Information Technology,JOB06,IT Support Specialist,2025-02-01,20,15829.73,15829.73,673.5,4,1,1,4
EMP0016-2025-03,EMP0016,Donald Shi,Male,1989-06-13,2017-01-02,,Active,5,2,DEP03,Information Technology,JOB06,IT Support Specialist,2025-03-01,21,15829.73,15829.73,1176.28,1,0,7,3
EMP0016-2025-04,EMP0016,Donald Shi,Male,1989-06-13,2017-01-02,,Active,5,2,DEP03,Information Technology,JOB06,IT Support Specialist,2025-04-01,22,15829.73,15829.73,0,2,0,0,3
EMP0016-2025-05,EMP0016,Donald Shi,Male,1989-06-13,2017-01-02,,Active,5,2,DEP03,Information Technology,JOB06,IT Support Specialist,2025-05-01,22,15829.73,15829.73,0,5,3,1,3
EMP0016-2025-06,EMP0016,Donald Shi,Male,1989-06-13,2017-01-02,,Active,5,2,DEP03,Information Technology,JOB06,IT Support Specialist,2025-06-01,21,15829.73,15829.73,0,31,0,0,4
EMP0016-2025-07,EMP0016,Donald Shi,Male,1989-06-13,2017-01-02,,Active,5,2,DEP03,Information Technology,JOB06,IT Support Specialist,2025-07-01,23,15829.73,15829.73,0,0,1,3,3
EMP0016-2025-08,EMP0016,Donald Shi,Male,1989-06-13,2017-01-02,,Active,5,2,DEP03,Information Technology,JOB06,IT Support Specialist,2025-08-01,21,15829.73,15829.73,0,9,1,8,3
EMP0016-2025-09,EMP0016,Donald Shi,Male,1989-06-13,2017-01-02,,Active,5,2,DEP03,Information Technology,JOB06,IT Support Specialist,2025-09-01,22,15829.73,15829.73,0,0,1,6,3
EMP0016-2025-10,EMP0016,Donald Shi,Male,1989-06-13,2017-01-02,,Active,5,2,DEP03,Information Technology,JOB06,IT Support Specialist,2025-10-01,23,15829.73,15829.73,0,28,1,6,3
EMP0016-2025-11,EMP0016,Donald Shi,Male,1989-06-13,2017-01-02,,Active,5,2,DEP03,Information Technology,JOB06,IT Support Specialist,2025-11-01,20,15829.73,15829.73,0,1,0,2,4
EMP0016-2025-12,EMP0016,Donald Shi,Male,1989-06-13,2017-01-02,,Active,5,2,DEP03,Information Technology,JOB06,IT Support Specialist,2025-12-01,23,15829.73,15829.73,0,0,1,0,3
EMP0017-2024-01,EMP0017,Nadav Stanišić,Male,1990-04-17,2019-04-27,,Active,1,1,DEP03,Information Technology,JOB06,IT Support Specialist,2024-01-01,23,10112.05,10112.05,0,0,0,1,3
EMP0017-2024-02,EMP0017,Nadav Stanišić,Male,1990-04-17,2019-04-27,,Active,1,1,DEP03,Information Technology,JOB06,IT Support Specialist,2024-02-01,21,10112.05,10112.05,0,37,0,0,4
EMP0017-2024-03,EMP0017,Nadav Stanišić,Male,1990-04-17,2019-04-27,,Active,1,1,DEP03,Information Technology,JOB06,IT Support Specialist,2024-03-01,21,10112.05,10112.05,0,0,4,0,4
EMP0017-2024-04,EMP0017,Nadav Stanišić,Male,1990-04-17,2019-04-27,,Active,1,1,DEP03,Information Technology,JOB06,IT Support Specialist,2024-04-01,22,10112.05,10112.05,1071.84,0,4,6,4
EMP0017-2024-05,EMP0017,Nadav Stanišić,Male,1990-04-17,2019-04-27,,Active,1,1,DEP03,Information Technology,JOB06,IT Support Specialist,2024-05-01,23,10112.05,10112.05,1394.63,32,4,0,3
EMP0017-2024-06,EMP0017,Nadav Stanišić,Male,1990-04-17,2019-04-27,,Active,1,1,DEP03,Information Technology,JOB06,IT Support Specialist,2024-06-01,20,10112.05,10112.05,0,6,0,0,3
EMP0017-2024-07,EMP0017,Nadav Stanišić,Male,1990-04-17,2019-04-27,,Active,1,1,DEP03,Information Technology,JOB06,IT Support Specialist,2024-07-01,23,10112.05,10112.05,0,10,0,14,3
EMP0017-2024-08,EMP0017,Nadav Stanišić,Male,1990-04-17,2019-04-27,,Active,1,1,DEP03,Information Technology,JOB06,IT Support Specialist,2024-08-01,22,10112.05,10112.05,0,20,0,8,3
EMP0017-2024-09,EMP0017,Nadav Stanišić,Male,1990-04-17,2019-04-27,,Active,1,1,DEP03,Information Technology,JOB06,IT Support Specialist,2024-09-01,21,10112.05,10112.05,457.61,15,1,0,3
EMP0017-2024-10,EMP0017,Nadav Stanišić,Male,1990-04-17,2019-04-27,,Active,1,1,DEP03,Information Technology,JOB06,IT Support Specialist,2024-10-01,23,10112.05,10112.05,0,0,0,2,4
EMP0017-2024-11,EMP0017,Nadav Stanišić,Male,1990-04-17,2019-04-27,,Active,1,1,DEP03,Information Technology,JOB06,IT Support Specialist,2024-11-01,21,10112.05,10112.05,0,0,1,5,3
EMP0017-2024-12,EMP0017,Nadav Stanišić,Male,1990-04-17,2019-04-27,,Active,1,1,DEP03,Information Technology,JOB06,IT Support Specialist,2024-12-01,22,10112.05,10112.05,417.41,3,0,0,3
EMP0017-2025-01,EMP0017,Nadav Stanišić,Male,1990-04-17,2019-04-27,,Active,1,1,DEP03,Information Technology,JOB06,IT Support Specialist,2025-01-01,23,10964.75,10964.75,0,0,1,1,4
EMP0017-2025-02,EMP0017,Nadav Stanišić,Male,1990-04-17,2019-04-27,,Active,1,1,DEP03,Information Technology,JOB06,IT Support Specialist,2025-02-01,20,10964.75,10964.75,0,0,0,8,3
EMP0017-2025-03,EMP0017,Nadav Stanišić,Male,1990-04-17,2019-04-27,,Active,1,1,DEP03,Information Technology,JOB06,IT Support Specialist,2025-03-01,21,10964.75,10964.75,0,25,1,0,3
EMP0017-2025-04,EMP0017,Nadav Stanišić,Male,1990-04-17,2019-04-27,,Active,1,1,DEP03,Information Technology,JOB06,IT Support Specialist,2025-04-01,22,10964.75,10964.75,1181.53,3,0,0,4
EMP0017-2025-05,EMP0017,Nadav Stanišić,Male,1990-04-17,2019-04-27,,Active,1,1,DEP03,Information Technology,JOB06,IT Support Specialist,2025-05-01,22,10964.75,10964.75,0,1,0,0,3
EMP0017-2025-06,EMP0017,Nadav Stanišić,Male,1990-04-17,2019-04-27,,Active,1,1,DEP03,Information Technology,JOB06,IT Support Specialist,2025-06-01,21,10964.75,10964.75,0,8,0,2,3
EMP0017-2025-07,EMP0017,Nadav Stanišić,Male,1990-04-17,2019-04-27,,Active,1,1,DEP03,Information Technology,JOB06,IT Support Specialist,2025-07-01,23,10964.75,10964.75,777.94,8,0,0,3
EMP0017-2025-08,EMP0017,Nadav Stanišić,Male,1990-04-17,2019-04-27,,Active,1,1,DEP03,Information Technology,JOB06,IT Support Specialist,2025-08-01,21,10964.75,10964.75,0,5,0,13,3
EMP0017-2025-09,EMP0017,Nadav Stanišić,Male,1990-04-17,2019-04-27,,Active,1,1,DEP03,Information Technology,JOB06,IT Support Specialist,2025-09-01,22,10964.75,10964.75,264.2,8,1,0,3
EMP0017-2025-10,EMP0017,Nadav Stanišić,Male,1990-04-17,2019-04-27,,Active,1,1,DEP03,Information Technology,JOB06,IT Support Specialist,2025-10-01,23,10964.75,10964.75,0,6,1,15,4
EMP0017-2025-11,EMP0017,Nadav Stanišić,Male,1990-04-17,2019-04-27,,Active,1,1,DEP03,Information Technology,JOB06,IT Support Specialist,2025-11-01,20,10964.75,10964.75,0,7,3,15,2
EMP0017-2025-12,EMP0017,Nadav Stanišić,Male,1990-04-17,2019-04-27,,Active,1,1,DEP03,Information Technology,JOB06,IT Support Specialist,2025-12-01,23,10964.75,10964.75,331.61,40,3,8,4
EMP0018-2024-01,EMP0018,Tuyeni Browne,Female,1981-04-09,2021-03-12,,Active,7,3,DEP01,Human Resources,JOB01,HR Specialist,2024-01-01,23,27114.63,27114.63,3732.14,3,1,4,4
EMP0018-2024-02,EMP0018,Tuyeni Browne,Female,1981-04-09,2021-03-12,,Active,7,3,DEP01,Human Resources,JOB01,HR Specialist,2024-02-01,21,27114.63,27114.63,0,17,0,8,4
EMP0018-2024-03,EMP0018,Tuyeni Browne,Female,1981-04-09,2021-03-12,,Active,7,3,DEP01,Human Resources,JOB01,HR Specialist,2024-03-01,21,27114.63,27114.63,0,14,0,3,5
EMP0018-2024-04,EMP0018,Tuyeni Browne,Female,1981-04-09,2021-03-12,,Active,7,3,DEP01,Human Resources,JOB01,HR Specialist,2024-04-01,22,27114.63,27114.63,0,0,1,12,4
EMP0018-2024-05,EMP0018,Tuyeni Browne,Female,1981-04-09,2021-03-12,,Active,7,3,DEP01,Human Resources,JOB01,HR Specialist,2024-05-01,23,27114.63,27114.63,0,23,0,2,3
EMP0018-2024-06,EMP0018,Tuyeni Browne,Female,1981-04-09,2021-03-12,,Active,7,3,DEP01,Human Resources,JOB01,HR Specialist,2024-06-01,20,27114.63,27114.63,696.25,3,1,7,4
EMP0018-2024-07,EMP0018,Tuyeni Browne,Female,1981-04-09,2021-03-12,,Active,7,3,DEP01,Human Resources,JOB01,HR Specialist,2024-07-01,23,27114.63,27114.63,0,0,1,2,3
EMP0018-2024-08,EMP0018,Tuyeni Browne,Female,1981-04-09,2021-03-12,,Active,7,3,DEP01,Human Resources,JOB01,HR Specialist,2024-08-01,22,27114.63,27114.63,1791.99,0,0,0,4
EMP0018-2024-09,EMP0018,Tuyeni Browne,Female,1981-04-09,2021-03-12,,Active,7,3,DEP01,Human Resources,JOB01,HR Specialist,2024-09-01,21,27114.63,27114.63,0,10,0,3,4
EMP0018-2024-10,EMP0018,Tuyeni Browne,Female,1981-04-09,2021-03-12,,Active,7,3,DEP01,Human Resources,JOB01,HR Specialist,2024-10-01,23,27114.63,27114.63,0,0,3,0,4
EMP0018-2024-11,EMP0018,Tuyeni Browne,Female,1981-04-09,2021-03-12,,Active,7,3,DEP01,Human Resources,JOB01,HR Specialist,2024-11-01,21,27114.63,27114.63,0,0,2,0,4
EMP0018-2024-12,EMP0018,Tuyeni Browne,Female,1981-04-09,2021-03-12,,Active,7,3,DEP01,Human Resources,JOB01,HR Specialist,2024-12-01,22,27114.63,27114.63,0,0,1,16,4
EMP0018-2025-01,EMP0018,Tuyeni Browne,Female,1981-04-09,2021-03-12,,Active,7,3,DEP01,Human Resources,JOB01,HR Specialist,2025-01-01,23,28625.69,28625.69,0,21,1,0,3
EMP0018-2025-02,EMP0018,Tuyeni Browne,Female,1981-04-09,2021-03-12,,Active,7,3,DEP01,Human Resources,JOB01,HR Specialist,2025-02-01,20,28625.69,28625.69,0,0,1,7,3
EMP0018-2025-03,EMP0018,Tuyeni Browne,Female,1981-04-09,2021-03-12,,Active,7,3,DEP01,Human Resources,JOB01,HR Specialist,2025-03-01,21,28625.69,28625.69,0,0,0,0,4
EMP0018-2025-04,EMP0018,Tuyeni Browne,Female,1981-04-09,2021-03-12,,Active,7,3,DEP01,Human Resources,JOB01,HR Specialist,2025-04-01,22,28625.69,28625.69,0,29,1,9,4
EMP0018-2025-05,EMP0018,Tuyeni Browne,Female,1981-04-09,2021-03-12,,Active,7,3,DEP01,Human Resources,JOB01,HR Specialist,2025-05-01,22,28625.69,28625.69,2271.33,16,0,3,4
EMP0018-2025-06,EMP0018,Tuyeni Browne,Female,1981-04-09,2021-03-12,,Active,7,3,DEP01,Human Resources,JOB01,HR Specialist,2025-06-01,21,28625.69,28625.69,0,2,0,9,4
EMP0018-2025-07,EMP0018,Tuyeni Browne,Female,1981-04-09,2021-03-12,,Active,7,3,DEP01,Human Resources,JOB01,HR Specialist,2025-07-01,23,28625.69,28625.69,0,29,1,1,3
EMP0018-2025-08,EMP0018,Tuyeni Browne,Female,1981-04-09,2021-03-12,,Active,7,3,DEP01,Human Resources,JOB01,HR Specialist,2025-08-01,21,28625.69,28625.69,1599.49,39,1,0,4
EMP0018-2025-09,EMP0018,Tuyeni Browne,Female,1981-04-09,2021-03-12,,Active,7,3,DEP01,Human Resources,JOB01,HR Specialist,2025-09-01,22,28625.69,28625.69,3740.29,0,1,0,4
EMP0018-2025-10,EMP0018,Tuyeni Browne,Female,1981-04-09,2021-03-12,,Active,7,3,DEP01,Human Resources,JOB01,HR Specialist,2025-10-01,23,28625.69,28625.69,0,25,2,0,4
EMP0018-2025-11,EMP0018,Tuyeni Browne,Female,1981-04-09,2021-03-12,,Active,7,3,DEP01,Human Resources,JOB01,HR Specialist,2025-11-01,20,28625.69,28625.69,0,0,1,0,4
EMP0018-2025-12,EMP0018,Tuyeni Browne,Female,1981-04-09,2021-03-12,,Active,7,3,DEP01,Human Resources,JOB01,HR Specialist,2025-12-01,23,28625.69,28625.69,0,0,0,0,4
EMP0019-2024-01,EMP0019,Vilho Samuel,Male,1993-01-17,2018-12-25,2024-08-16,Left,3,2,DEP04,Sales,JOB08,Account Manager,2024-01-01,23,13673.16,13673.16,0,0,1,12,4
EMP0019-2024-02,EMP0019,Vilho Samuel,Male,1993-01-17,2018-12-25,2024-08-16,Left,3,2,DEP04,Sales,JOB08,Account Manager,2024-02-01,21,13673.16,13673.16,1505.44,0,0,5,4
EMP0019-2024-03,EMP0019,Vilho Samuel,Male,1993-01-17,2018-12-25,2024-08-16,Left,3,2,DEP04,Sales,JOB08,Account Manager,2024-03-01,21,13673.16,13673.16,1159.97,13,0,1,4
EMP0019-2024-04,EMP0019,Vilho Samuel,Male,1993-01-17,2018-12-25,2024-08-16,Left,3,2,DEP04,Sales,JOB08,Account Manager,2024-04-01,22,13673.16,13673.16,687.07,6,3,2,4
EMP0019-2024-05,EMP0019,Vilho Samuel,Male,1993-01-17,2018-12-25,2024-08-16,Left,3,2,DEP04,Sales,JOB08,Account Manager,2024-05-01,23,13673.16,13673.16,917.42,0,3,11,4
EMP0019-2024-06,EMP0019,Vilho Samuel,Male,1993-01-17,2018-12-25,2024-08-16,Left,3,2,DEP04,Sales,JOB08,Account Manager,2024-06-01,20,13673.16,13673.16,0,16,3,15,4
EMP0019-2024-07,EMP0019,Vilho Samuel,Male,1993-01-17,2018-12-25,2024-08-16,Left,3,2,DEP04,Sales,JOB08,Account Manager,2024-07-01,23,13673.16,13673.16,0,16,0,4,3
EMP0019-2024-08,EMP0019,Vilho Samuel,Male,1993-01-17,2018-12-25,2024-08-16,Left,3,2,DEP04,Sales,JOB08,Account Manager,2024-08-01,12,13673.16,7458.09,1095.38,6,1,0,4
EMP0020-2024-01,EMP0020,Claudiu Reka,Male,1984-01-01,2017-06-10,,Active,0,1,DEP01,Human Resources,JOB01,HR Specialist,2024-01-01,23,10532.73,10532.73,0,12,0,14,3
EMP0020-2024-02,EMP0020,Claudiu Reka,Male,1984-01-01,2017-06-10,,Active,0,1,DEP01,Human Resources,JOB01,HR Specialist,2024-02-01,21,10532.73,10532.73,0,0,3,6,3
EMP0020-2024-03,EMP0020,Claudiu Reka,Male,1984-01-01,2017-06-10,,Active,0,1,DEP01,Human Resources,JOB01,HR Specialist,2024-03-01,21,10532.73,10532.73,0,8,0,3,3
EMP0020-2024-04,EMP0020,Claudiu Reka,Male,1984-01-01,2017-06-10,,Active,0,1,DEP01,Human Resources,JOB01,HR Specialist,2024-04-01,22,10532.73,10532.73,889.69,6,0,5,3
EMP0020-2024-05,EMP0020,Claudiu Reka,Male,1984-01-01,2017-06-10,,Active,0,1,DEP01,Human Resources,JOB01,HR Specialist,2024-05-01,23,10532.73,10532.73,1385.18,0,0,0,4
EMP0020-2024-06,EMP0020,Claudiu Reka,Male,1984-01-01,2017-06-10,,Active,0,1,DEP01,Human Resources,JOB01,HR Specialist,2024-06-01,20,10532.73,10532.73,1278.41,6,1,0,3
EMP0020-2024-07,EMP0020,Claudiu Reka,Male,1984-01-01,2017-06-10,,Active,0,1,DEP01,Human Resources,JOB01,HR Specialist,2024-07-01,23,10532.73,10532.73,1350.28,24,2,0,4
EMP0020-2024-08,EMP0020,Claudiu Reka,Male,1984-01-01,2017-06-10,,Active,0,1,DEP01,Human Resources,JOB01,HR Specialist,2024-08-01,22,10532.73,10532.73,1321.4,8,0,0,3
EMP0020-2024-09,EMP0020,Claudiu Reka,Male,1984-01-01,2017-06-10,,Active,0,1,DEP01,Human Resources,JOB01,HR Specialist,2024-09-01,21,10532.73,10532.73,0,16,1,5,3
EMP0020-2024-10,EMP0020,Claudiu Reka,Male,1984-01-01,2017-06-10,,Active,0,1,DEP01,Human Resources,JOB01,HR Specialist,2024-10-01,23,10532.73,10532.73,726.14,17,3,2,3
EMP0020-2024-11,EMP0020,Claudiu Reka,Male,1984-01-01,2017-06-10,,Active,0,1,DEP01,Human Resources,JOB01,HR Specialist,2024-11-01,21,10532.73,10532.73,820.73,10,0,4,3
EMP0020-2024-12,EMP0020,Claudiu Reka,Male,1984-01-01,2017-06-10,,Active,0,1,DEP01,Human Resources,JOB01,HR Specialist,2024-12-01,22,10532.73,10532.73,0,0,1,0,3
EMP0020-2025-01,EMP0020,Claudiu Reka,Male,1984-01-01,2017-06-10,,Active,0,1,DEP01,Human Resources,JOB01,HR Specialist,2025-01-01,23,11173.52,11173.52,0,0,1,2,3
EMP0020-2025-02,EMP0020,Claudiu Reka,Male,1984-01-01,2017-06-10,,Active,0,1,DEP01,Human Resources,JOB01,HR Specialist,2025-02-01,20,11173.52,11173.52,0,9,0,0,3
EMP0020-2025-03,EMP0020,Claudiu Reka,Male,1984-01-01,2017-06-10,,Active,0,1,DEP01,Human Resources,JOB01,HR Specialist,2025-03-01,21,11173.52,11173.52,0,0,0,1,3
EMP0020-2025-04,EMP0020,Claudiu Reka,Male,1984-01-01,2017-06-10,,Active,0,1,DEP01,Human Resources,JOB01,HR Specialist,2025-04-01,22,11173.52,11173.52,0,4,0,0,3
EMP0020-2025-05,EMP0020,Claudiu Reka,Male,1984-01-01,2017-06-10,,Active,0,1,DEP01,Human Resources,JOB01,HR Specialist,2025-05-01,22,11173.52,11173.52,0,8,2,0,3
EMP0020-2025-06,EMP0020,Claudiu Reka,Male,1984-01-01,2017-06-10,,Active,0,1,DEP01,Human Resources,JOB01,HR Specialist,2025-06-01,21,11173.52,11173.52,0,1,0,0,3
EMP0020-2025-07,EMP0020,Claudiu Reka,Male,1984-01-01,2017-06-10,,Active,0,1,DEP01,Human Resources,JOB01,HR Specialist,2025-07-01,23,11173.52,11173.52,1034.6,7,2,8,4
EMP0020-2025-08,EMP0020,Claudiu Reka,Male,1984-01-01,2017-06-10,,Active,0,1,DEP01,Human Resources,JOB01,HR Specialist,2025-08-01,21,11173.52,11173.52,0,0,0,0,3
EMP0020-2025-09,EMP0020,Claudiu Reka,Male,1984-01-01,2017-06-10,,Active,0,1,DEP01,Human Resources,JOB01,HR Specialist,2025-09-01,22,11173.52,11173.52,1147.27,0,1,4,3
EMP0020-2025-10,EMP0020,Claudiu Reka,Male,1984-01-01,2017-06-10,,Active,0,1,DEP01,Human Resources,JOB01,HR Specialist,2025-10-01,23,11173.52,11173.52,0,10,4,13,2
EMP0020-2025-11,EMP0020,Claudiu Reka,Male,1984-01-01,2017-06-10,,Active,0,1,DEP01,Human Resources,JOB01,HR Specialist,2025-11-01,20,11173.52,11173.52,0,16,3,6,3
EMP0020-2025-12,EMP0020,Claudiu Reka,Male,1984-01-01,2017-06-10,,Active,0,1,DEP01,Human Resources,JOB01,HR Specialist,2025-12-01,23,11173.52,11173.52,0,18,0,0,3
EMP0021-2024-01,EMP0021,Rasha Chapo,Female,1982-11-19,2018-02-25,,Active,2,2,DEP03,Information Technology,JOB05,Software Engineer,2024-01-01,23,22287.16,22287.16,1410.85,0,0,14,4
EMP0021-2024-02,EMP0021,Rasha Chapo,Female,1982-11-19,2018-02-25,,Active,2,2,DEP03,Information Technology,JOB05,Software Engineer,2024-02-01,21,22287.16,22287.16,2372.68,39,0,14,3
EMP0021-2024-03,EMP0021,Rasha Chapo,Female,1982-11-19,2018-02-25,,Active,2,2,DEP03,Information Technology,JOB05,Software Engineer,2024-03-01,21,22287.16,22287.16,2147.78,0,2,3,4
EMP0021-2024-04,EMP0021,Rasha Chapo,Female,1982-11-19,2018-02-25,,Active,2,2,DEP03,Information Technology,JOB05,Software Engineer,2024-04-01,22,22287.16,22287.16,0,0,3,5,3
EMP0021-2024-05,EMP0021,Rasha Chapo,Female,1982-11-19,2018-02-25,,Active,2,2,DEP03,Information Technology,JOB05,Software Engineer,2024-05-01,23,22287.16,22287.16,1513.82,0,1,6,3
EMP0021-2024-06,EMP0021,Rasha Chapo,Female,1982-11-19,2018-02-25,,Active,2,2,DEP03,Information Technology,JOB05,Software Engineer,2024-06-01,20,22287.16,22287.16,0,40,0,0,3
EMP0021-2024-07,EMP0021,Rasha Chapo,Female,1982-11-19,2018-02-25,,Active,2,2,DEP03,Information Technology,JOB05,Software Engineer,2024-07-01,23,22287.16,22287.16,0,9,0,7,3
EMP0021-2024-08,EMP0021,Rasha Chapo,Female,1982-11-19,2018-02-25,,Active,2,2,DEP03,Information Technology,JOB05,Software Engineer,2024-08-01,22,22287.16,22287.16,0,4,4,7,4
EMP0021-2024-09,EMP0021,Rasha Chapo,Female,1982-11-19,2018-02-25,,Active,2,2,DEP03,Information Technology,JOB05,Software Engineer,2024-09-01,21,22287.16,22287.16,0,19,1,0,3
EMP0021-2024-10,EMP0021,Rasha Chapo,Female,1982-11-19,2018-02-25,,Active,2,2,DEP03,Information Technology,JOB05,Software Engineer,2024-10-01,23,22287.16,22287.16,0,7,2,2,4
EMP0021-2024-11,EMP0021,Rasha Chapo,Female,1982-11-19,2018-02-25,,Active,2,2,DEP03,Information Technology,JOB05,Software Engineer,2024-11-01,21,22287.16,22287.16,955.14,29,0,3,4
EMP0021-2024-12,EMP0021,Rasha Chapo,Female,1982-11-19,2018-02-25,,Active,2,2,DEP03,Information Technology,JOB05,Software Engineer,2024-12-01,22,22287.16,22287.16,0,0,0,0,4
EMP0021-2025-01,EMP0021,Rasha Chapo,Female,1982-11-19,2018-02-25,,Active,2,2,DEP03,Information Technology,JOB05,Software Engineer,2025-01-01,23,23552.76,23552.76,473.85,6,0,14,3
EMP0021-2025-02,EMP0021,Rasha Chapo,Female,1982-11-19,2018-02-25,,Active,2,2,DEP03,Information Technology,JOB05,Software Engineer,2025-02-01,20,23552.76,23552.76,2793.16,7,0,9,3
EMP0021-2025-03,EMP0021,Rasha Chapo,Female,1982-11-19,2018-02-25,,Active,2,2,DEP03,Information Technology,JOB05,Software Engineer,2025-03-01,21,23552.76,23552.76,2009.24,3,0,6,4
EMP0021-2025-04,EMP0021,Rasha Chapo,Female,1982-11-19,2018-02-25,,Active,2,2,DEP03,Information Technology,JOB05,Software Engineer,2025-04-01,22,23552.76,23552.76,1604.51,0,1,3,4
EMP0021-2025-05,EMP0021,Rasha Chapo,Female,1982-11-19,2018-02-25,,Active,2,2,DEP03,Information Technology,JOB05,Software Engineer,2025-05-01,22,23552.76,23552.76,0,4,1,0,3
EMP0021-2025-06,EMP0021,Rasha Chapo,Female,1982-11-19,2018-02-25,,Active,2,2,DEP03,Information Technology,JOB05,Software Engineer,2025-06-01,21,23552.76,23552.76,0,5,0,1,4
EMP0021-2025-07,EMP0021,Rasha Chapo,Female,1982-11-19,2018-02-25,,Active,2,2,DEP03,Information Technology,JOB05,Software Engineer,2025-07-01,23,23552.76,23552.76,0,0,4,13,4
EMP0021-2025-08,EMP0021,Rasha Chapo,Female,1982-11-19,2018-02-25,,Active,2,2,DEP03,Information Technology,JOB05,Software Engineer,2025-08-01,21,23552.76,23552.76,0,36,3,5,4
EMP0021-2025-09,EMP0021,Rasha Chapo,Female,1982-11-19,2018-02-25,,Active,2,2,DEP03,Information Technology,JOB05,Software Engineer,2025-09-01,22,23552.76,23552.76,0,6,1,0,3
EMP0021-2025-10,EMP0021,Rasha Chapo,Female,1982-11-19,2018-02-25,,Active,2,2,DEP03,Information Technology,JOB05,Software Engineer,2025-10-01,23,23552.76,23552.76,0,0,1,1,3
EMP0021-2025-11,EMP0021,Rasha Chapo,Female,1982-11-19,2018-02-25,,Active,2,2,DEP03,Information Technology,JOB05,Software Engineer,2025-11-01,20,23552.76,23552.76,0,0,0,13,4
EMP0021-2025-12,EMP0021,Rasha Chapo,Female,1982-11-19,2018-02-25,,Active,2,2,DEP03,Information Technology,JOB05,Software Engineer,2025-12-01,23,23552.76,23552.76,846.93,18,0,0,3
EMP0022-2024-01,EMP0022,Mahmoud Sanca,Male,2000-09-07,2022-01-09,,Active,1,1,DEP03,Information Technology,JOB06,IT Support Specialist,2024-01-01,23,10300.56,10300.56,0,7,0,0,4
EMP0022-2024-02,EMP0022,Mahmoud Sanca,Male,2000-09-07,2022-01-09,,Active,1,1,DEP03,Information Technology,JOB06,IT Support Specialist,2024-02-01,21,10300.56,10300.56,355.09,5,1,3,4
EMP0022-2024-03,EMP0022,Mahmoud Sanca,Male,2000-09-07,2022-01-09,,Active,1,1,DEP03,Information Technology,JOB06,IT Support Specialist,2024-03-01,21,10300.56,10300.56,518.3,0,0,4,3
EMP0022-2024-04,EMP0022,Mahmoud Sanca,Male,2000-09-07,2022-01-09,,Active,1,1,DEP03,Information Technology,JOB06,IT Support Specialist,2024-04-01,22,10300.56,10300.56,0,6,1,4,3
EMP0022-2024-05,EMP0022,Mahmoud Sanca,Male,2000-09-07,2022-01-09,,Active,1,1,DEP03,Information Technology,JOB06,IT Support Specialist,2024-05-01,23,10300.56,10300.56,0,12,0,0,3
EMP0022-2024-06,EMP0022,Mahmoud Sanca,Male,2000-09-07,2022-01-09,,Active,1,1,DEP03,Information Technology,JOB06,IT Support Specialist,2024-06-01,20,10300.56,10300.56,372.74,8,4,4,3
EMP0022-2024-07,EMP0022,Mahmoud Sanca,Male,2000-09-07,2022-01-09,,Active,1,1,DEP03,Information Technology,JOB06,IT Support Specialist,2024-07-01,23,10300.56,10300.56,0,3,0,0,4
EMP0022-2024-08,EMP0022,Mahmoud Sanca,Male,2000-09-07,2022-01-09,,Active,1,1,DEP03,Information Technology,JOB06,IT Support Specialist,2024-08-01,22,10300.56,10300.56,0,2,0,3,4
EMP0022-2024-09,EMP0022,Mahmoud Sanca,Male,2000-09-07,2022-01-09,,Active,1,1,DEP03,Information Technology,JOB06,IT Support Specialist,2024-09-01,21,10300.56,10300.56,0,0,1,0,3
EMP0022-2024-10,EMP0022,Mahmoud Sanca,Male,2000-09-07,2022-01-09,,Active,1,1,DEP03,Information Technology,JOB06,IT Support Specialist,2024-10-01,23,10300.56,10300.56,829.92,9,2,6,4
EMP0022-2024-11,EMP0022,Mahmoud Sanca,Male,2000-09-07,2022-01-09,,Active,1,1,DEP03,Information Technology,JOB06,IT Support Specialist,2024-11-01,21,10300.56,10300.56,0,11,2,0,3
EMP0022-2024-12,EMP0022,Mahmoud Sanca,Male,2000-09-07,2022-01-09,,Active,1,1,DEP03,Information Technology,JOB06,IT Support Specialist,2024-12-01,22,10300.56,10300.56,1075.58,0,2,2,4
EMP0022-2025-01,EMP0022,Mahmoud Sanca,Male,2000-09-07,2022-01-09,,Active,1,1,DEP03,Information Technology,JOB06,IT Support Specialist,2025-01-01,23,11155.48,11155.48,1404.95,2,0,4,4
EMP0022-2025-02,EMP0022,Mahmoud Sanca,Male,2000-09-07,2022-01-09,,Active,1,1,DEP03,Information Technology,JOB06,IT Support Specialist,2025-02-01,20,11155.48,11155.48,0,30,0,9,4
EMP0022-2025-03,EMP0022,Mahmoud Sanca,Male,2000-09-07,2022-01-09,,Active,1,1,DEP03,Information Technology,JOB06,IT Support Specialist,2025-03-01,21,11155.48,11155.48,0,0,0,3,4
EMP0022-2025-04,EMP0022,Mahmoud Sanca,Male,2000-09-07,2022-01-09,,Active,1,1,DEP03,Information Technology,JOB06,IT Support Specialist,2025-04-01,22,11155.48,11155.48,0,0,0,0,3
EMP0022-2025-05,EMP0022,Mahmoud Sanca,Male,2000-09-07,2022-01-09,,Active,1,1,DEP03,Information Technology,JOB06,IT Support Specialist,2025-05-01,22,11155.48,11155.48,0,2,0,5,4
EMP0022-2025-06,EMP0022,Mahmoud Sanca,Male,2000-09-07,2022-01-09,,Active,1,1,DEP03,Information Technology,JOB06,IT Support Specialist,2025-06-01,21,11155.48,11155.48,0,7,2,3,4
EMP0022-2025-07,EMP0022,Mahmoud Sanca,Male,2000-09-07,2022-01-09,,Active,1,1,DEP03,Information Technology,JOB06,IT Support Specialist,2025-07-01,23,11155.48,11155.48,1648.32,0,0,4,3
EMP0022-2025-08,EMP0022,Mahmoud Sanca,Male,2000-09-07,2022-01-09,,Active,1,1,DEP03,Information Technology,JOB06,IT Support Specialist,2025-08-01,21,11155.48,11155.48,834.55,17,0,2,3
EMP0022-2025-09,EMP0022,Mahmoud Sanca,Male,2000-09-07,2022-01-09,,Active,1,1,DEP03,Information Technology,JOB06,IT Support Specialist,2025-09-01,22,11155.48,11155.48,386.8,7,0,0,4
EMP0022-2025-10,EMP0022,Mahmoud Sanca,Male,2000-09-07,2022-01-09,,Active,1,1,DEP03,Information Technology,JOB06,IT Support Specialist,2025-10-01,23,11155.48,11155.48,0,8,0,2,3
EMP0022-2025-11,EMP0022,Mahmoud Sanca,Male,2000-09-07,2022-01-09,,Active,1,1,DEP03,Information Technology,JOB06,IT Support Specialist,2025-11-01,20,11155.48,11155.48,0,0,1,0,3
EMP0022-2025-12,EMP0022,Mahmoud Sanca,Male,2000-09-07,2022-01-09,,Active,1,1,DEP03,Information Technology,JOB06,IT Support Specialist,2025-12-01,23,11155.48,11155.48,0,0,4,0,3
EMP0023-2024-01,EMP0023,Zviadauri Cox,Male,1987-03-07,2023-10-11,,Active,5,2,DEP06,Operations,JOB11,Operations Coordinator,2024-01-01,23,17732.51,17732.51,0,28,0,0,2
EMP0023-2024-02,EMP0023,Zviadauri Cox,Male,1987-03-07,2023-10-11,,Active,5,2,DEP06,Operations,JOB11,Operations Coordinator,2024-02-01,21,17732.51,17732.51,0,9,0,1,3
EMP0023-2024-03,EMP0023,Zviadauri Cox,Male,1987-03-07,2023-10-11,,Active,5,2,DEP06,Operations,JOB11,Operations Coordinator,2024-03-01,21,17732.51,17732.51,0,4,0,2,2
EMP0023-2024-04,EMP0023,Zviadauri Cox,Male,1987-03-07,2023-10-11,,Active,5,2,DEP06,Operations,JOB11,Operations Coordinator,2024-04-01,22,17732.51,17732.51,0,1,0,7,3
EMP0023-2024-05,EMP0023,Zviadauri Cox,Male,1987-03-07,2023-10-11,,Active,5,2,DEP06,Operations,JOB11,Operations Coordinator,2024-05-01,23,17732.51,17732.51,0,0,2,0,3
EMP0023-2024-06,EMP0023,Zviadauri Cox,Male,1987-03-07,2023-10-11,,Active,5,2,DEP06,Operations,JOB11,Operations Coordinator,2024-06-01,20,17732.51,17732.51,0,18,1,0,2
EMP0023-2024-07,EMP0023,Zviadauri Cox,Male,1987-03-07,2023-10-11,,Active,5,2,DEP06,Operations,JOB11,Operations Coordinator,2024-07-01,23,17732.51,17732.51,0,6,1,5,3
EMP0023-2024-08,EMP0023,Zviadauri Cox,Male,1987-03-07,2023-10-11,,Active,5,2,DEP06,Operations,JOB11,Operations Coordinator,2024-08-01,22,17732.51,17732.51,0,1,0,8,3
EMP0023-2024-09,EMP0023,Zviadauri Cox,Male,1987-03-07,2023-10-11,,Active,5,2,DEP06,Operations,JOB11,Operations Coordinator,2024-09-01,21,17732.51,17732.51,0,0,1,0,2
EMP0023-2024-10,EMP0023,Zviadauri Cox,Male,1987-03-07,2023-10-11,,Active,5,2,DEP06,Operations,JOB11,Operations Coordinator,2024-10-01,23,17732.51,17732.51,1845.87,9,1,2,3
EMP0023-2024-11,EMP0023,Zviadauri Cox,Male,1987-03-07,2023-10-11,,Active,5,2,DEP06,Operations,JOB11,Operations Coordinator,2024-11-01,21,17732.51,17732.51,1789.16,7,2,15,4
EMP0023-2024-12,EMP0023,Zviadauri Cox,Male,1987-03-07,2023-10-11,,Active,5,2,DEP06,Operations,JOB11,Operations Coordinator,2024-12-01,22,17732.51,17732.51,0,10,3,0,2
EMP0023-2025-01,EMP0023,Zviadauri Cox,Male,1987-03-07,2023-10-11,,Active,5,2,DEP06,Operations,JOB11,Operations Coordinator,2025-01-01,23,18441.81,18441.81,0,6,0,5,2
EMP0023-2025-02,EMP0023,Zviadauri Cox,Male,1987-03-07,2023-10-11,,Active,5,2,DEP06,Operations,JOB11,Operations Coordinator,2025-02-01,20,18441.81,18441.81,1033.19,0,0,0,3
EMP0023-2025-03,EMP0023,Zviadauri Cox,Male,1987-03-07,2023-10-11,,Active,5,2,DEP06,Operations,JOB11,Operations Coordinator,2025-03-01,21,18441.81,18441.81,0,28,0,10,3
EMP0023-2025-04,EMP0023,Zviadauri Cox,Male,1987-03-07,2023-10-11,,Active,5,2,DEP06,Operations,JOB11,Operations Coordinator,2025-04-01,22,18441.81,18441.81,1702.47,16,0,5,3
EMP0023-2025-05,EMP0023,Zviadauri Cox,Male,1987-03-07,2023-10-11,,Active,5,2,DEP06,Operations,JOB11,Operations Coordinator,2025-05-01,22,18441.81,18441.81,0,5,1,0,3
EMP0023-2025-06,EMP0023,Zviadauri Cox,Male,1987-03-07,2023-10-11,,Active,5,2,DEP06,Operations,JOB11,Operations Coordinator,2025-06-01,21,18441.81,18441.81,0,3,4,0,2
EMP0023-2025-07,EMP0023,Zviadauri Cox,Male,1987-03-07,2023-10-11,,Active,5,2,DEP06,Operations,JOB11,Operations Coordinator,2025-07-01,23,18441.81,18441.81,0,21,2,16,2
EMP0023-2025-08,EMP0023,Zviadauri Cox,Male,1987-03-07,2023-10-11,,Active,5,2,DEP06,Operations,JOB11,Operations Coordinator,2025-08-01,21,18441.81,18441.81,0,2,0,1,3
EMP0023-2025-09,EMP0023,Zviadauri Cox,Male,1987-03-07,2023-10-11,,Active,5,2,DEP06,Operations,JOB11,Operations Coordinator,2025-09-01,22,18441.81,18441.81,0,6,2,15,5
EMP0023-2025-10,EMP0023,Zviadauri Cox,Male,1987-03-07,2023-10-11,,Active,5,2,DEP06,Operations,JOB11,Operations Coordinator,2025-10-01,23,18441.81,18441.81,0,0,0,15,3
EMP0023-2025-11,EMP0023,Zviadauri Cox,Male,1987-03-07,2023-10-11,,Active,5,2,DEP06,Operations,JOB11,Operations Coordinator,2025-11-01,20,18441.81,18441.81,0,3,1,0,2
EMP0023-2025-12,EMP0023,Zviadauri Cox,Male,1987-03-07,2023-10-11,,Active,5,2,DEP06,Operations,JOB11,Operations Coordinator,2025-12-01,23,18441.81,18441.81,878.11,5,0,8,3
EMP0024-2024-01,EMP0024,Min-ho Nunez,Male,1977-06-18,2021-07-12,,Active,9,3,DEP03,Information Technology,JOB05,Software Engineer,2024-01-01,23,30314.14,30314.14,0,0,1,4,4
EMP0024-2024-02,EMP0024,Min-ho Nunez,Male,1977-06-18,2021-07-12,,Active,9,3,DEP03,Information Technology,JOB05,Software Engineer,2024-02-01,21,30314.14,30314.14,2580.78,10,0,0,4
EMP0024-2024-03,EMP0024,Min-ho Nunez,Male,1977-06-18,2021-07-12,,Active,9,3,DEP03,Information Technology,JOB05,Software Engineer,2024-03-01,21,30314.14,30314.14,1330.95,8,0,0,4
EMP0024-2024-04,EMP0024,Min-ho Nunez,Male,1977-06-18,2021-07-12,,Active,9,3,DEP03,Information Technology,JOB05,Software Engineer,2024-04-01,22,30314.14,30314.14,0,12,0,9,3
EMP0024-2024-05,EMP0024,Min-ho Nunez,Male,1977-06-18,2021-07-12,,Active,9,3,DEP03,Information Technology,JOB05,Software Engineer,2024-05-01,23,30314.14,30314.14,0,2,4,0,4
EMP0024-2024-06,EMP0024,Min-ho Nunez,Male,1977-06-18,2021-07-12,,Active,9,3,DEP03,Information Technology,JOB05,Software Engineer,2024-06-01,20,30314.14,30314.14,0,0,1,0,3
EMP0024-2024-07,EMP0024,Min-ho Nunez,Male,1977-06-18,2021-07-12,,Active,9,3,DEP03,Information Technology,JOB05,Software Engineer,2024-07-01,23,30314.14,30314.14,1748.24,3,1,10,4
EMP0024-2024-08,EMP0024,Min-ho Nunez,Male,1977-06-18,2021-07-12,,Active,9,3,DEP03,Information Technology,JOB05,Software Engineer,2024-08-01,22,30314.14,30314.14,0,0,2,14,3
EMP0024-2024-09,EMP0024,Min-ho Nunez,Male,1977-06-18,2021-07-12,,Active,9,3,DEP03,Information Technology,JOB05,Software Engineer,2024-09-01,21,30314.14,30314.14,1826.58,0,1,4,4
EMP0024-2024-10,EMP0024,Min-ho Nunez,Male,1977-06-18,2021-07-12,,Active,9,3,DEP03,Information Technology,JOB05,Software Engineer,2024-10-01,23,30314.14,30314.14,0,5,0,0,4
EMP0024-2024-11,EMP0024,Min-ho Nunez,Male,1977-06-18,2021-07-12,,Active,9,3,DEP03,Information Technology,JOB05,Software Engineer,2024-11-01,21,30314.14,30314.14,2217.18,6,0,0,4
EMP0024-2024-12,EMP0024,Min-ho Nunez,Male,1977-06-18,2021-07-12,,Active,9,3,DEP03,Information Technology,JOB05,Software Engineer,2024-12-01,22,30314.14,30314.14,0,0,3,1,3
EMP0024-2025-01,EMP0024,Min-ho Nunez,Male,1977-06-18,2021-07-12,,Active,9,3,DEP03,Information Technology,JOB05,Software Engineer,2025-01-01,23,32307.39,32307.39,4475.91,0,0,0,4
EMP0024-2025-02,EMP0024,Min-ho Nunez,Male,1977-06-18,2021-07-12,,Active,9,3,DEP03,Information Technology,JOB05,Software Engineer,2025-02-01,20,32307.39,32307.39,2524.77,0,3,8,3
EMP0024-2025-03,EMP0024,Min-ho Nunez,Male,1977-06-18,2021-07-12,,Active,9,3,DEP03,Information Technology,JOB05,Software Engineer,2025-03-01,21,32307.39,32307.39,0,1,2,10,3
EMP0024-2025-04,EMP0024,Min-ho Nunez,Male,1977-06-18,2021-07-12,,Active,9,3,DEP03,Information Technology,JOB05,Software Engineer,2025-04-01,22,32307.39,32307.39,0,0,0,4,3
EMP0024-2025-05,EMP0024,Min-ho Nunez,Male,1977-06-18,2021-07-12,,Active,9,3,DEP03,Information Technology,JOB05,Software Engineer,2025-05-01,22,32307.39,32307.39,0,0,0,0,3
EMP0024-2025-06,EMP0024,Min-ho Nunez,Male,1977-06-18,2021-07-12,,Active,9,3,DEP03,Information Technology,JOB05,Software Engineer,2025-06-01,21,32307.39,32307.39,0,10,2,0,3
EMP0024-2025-07,EMP0024,Min-ho Nunez,Male,1977-06-18,2021-07-12,,Active,9,3,DEP03,Information Technology,JOB05,Software Engineer,2025-07-01,23,32307.39,32307.39,0,0,0,0,4
EMP0024-2025-08,EMP0024,Min-ho Nunez,Male,1977-06-18,2021-07-12,,Active,9,3,DEP03,Information Technology,JOB05,Software Engineer,2025-08-01,21,32307.39,32307.39,0,0,3,0,4
EMP0024-2025-09,EMP0024,Min-ho Nunez,Male,1977-06-18,2021-07-12,,Active,9,3,DEP03,Information Technology,JOB05,Software Engineer,2025-09-01,22,32307.39,32307.39,4136.4,0,1,15,4
EMP0024-2025-10,EMP0024,Min-ho Nunez,Male,1977-06-18,2021-07-12,,Active,9,3,DEP03,Information Technology,JOB05,Software Engineer,2025-10-01,23,32307.39,32307.39,0,37,0,3,3
EMP0024-2025-11,EMP0024,Min-ho Nunez,Male,1977-06-18,2021-07-12,,Active,9,3,DEP03,Information Technology,JOB05,Software Engineer,2025-11-01,20,32307.39,32307.39,1590.72,0,3,0,4
EMP0024-2025-12,EMP0024,Min-ho Nunez,Male,1977-06-18,2021-07-12,,Active,9,3,DEP03,Information Technology,JOB05,Software Engineer,2025-12-01,23,32307.39,32307.39,0,13,0,3,4
EMP0025-2024-01,EMP0025,Otoniel Al-Juaid,Male,1985-09-02,2021-11-30,,Active,2,2,DEP06,Operations,JOB11,Operations Coordinator,2024-01-01,23,12997.93,12997.93,564.42,10,0,2,4
EMP0025-2024-02,EMP0025,Otoniel Al-Juaid,Male,1985-09-02,2021-11-30,,Active,2,2,DEP06,Operations,JOB11,Operations Coordinator,2024-02-01,21,12997.93,12997.93,0,39,3,1,4
EMP0025-2024-03,EMP0025,Otoniel Al-Juaid,Male,1985-09-02,2021-11-30,,Active,2,2,DEP06,Operations,JOB11,Operations Coordinator,2024-03-01,21,12997.93,12997.93,0,7,0,3,3
EMP0025-2024-04,EMP0025,Otoniel Al-Juaid,Male,1985-09-02,2021-11-30,,Active,2,2,DEP06,Operations,JOB11,Operations Coordinator,2024-04-01,22,12997.93,12997.93,524.25,1,2,7,4
EMP0025-2024-05,EMP0025,Otoniel Al-Juaid,Male,1985-09-02,2021-11-30,,Active,2,2,DEP06,Operations,JOB11,Operations Coordinator,2024-05-01,23,12997.93,12997.93,685.28,0,0,0,4
EMP0025-2024-06,EMP0025,Otoniel Al-Juaid,Male,1985-09-02,2021-11-30,,Active,2,2,DEP06,Operations,JOB11,Operations Coordinator,2024-06-01,20,12997.93,12997.93,1356.87,0,1,0,4
EMP0025-2024-07,EMP0025,Otoniel Al-Juaid,Male,1985-09-02,2021-11-30,,Active,2,2,DEP06,Operations,JOB11,Operations Coordinator,2024-07-01,23,12997.93,12997.93,0,17,4,4,3
EMP0025-2024-08,EMP0025,Otoniel Al-Juaid,Male,1985-09-02,2021-11-30,,Active,2,2,DEP06,Operations,JOB11,Operations Coordinator,2024-08-01,22,12997.93,12997.93,0,0,2,0,4
EMP0025-2024-09,EMP0025,Otoniel Al-Juaid,Male,1985-09-02,2021-11-30,,Active,2,2,DEP06,Operations,JOB11,Operations Coordinator,2024-09-01,21,12997.93,12997.93,1627.09,10,2,16,4
EMP0025-2024-10,EMP0025,Otoniel Al-Juaid,Male,1985-09-02,2021-11-30,,Active,2,2,DEP06,Operations,JOB11,Operations Coordinator,2024-10-01,23,12997.93,12997.93,0,30,4,0,3
EMP0025-2024-11,EMP0025,Otoniel Al-Juaid,Male,1985-09-02,2021-11-30,,Active,2,2,DEP06,Operations,JOB11,Operations Coordinator,2024-11-01,21,12997.93,12997.93,0,14,0,0,3
EMP0025-2024-12,EMP0025,Otoniel Al-Juaid,Male,1985-09-02,2021-11-30,,Active,2,2,DEP06,Operations,JOB11,Operations Coordinator,2024-12-01,22,12997.93,12997.93,604.83,40,1,0,4
EMP0025-2025-01,EMP0025,Otoniel Al-Juaid,Male,1985-09-02,2021-11-30,,Active,2,2,DEP06,Operations,JOB11,Operations Coordinator,2025-01-01,23,13887.37,13887.37,545.33,27,0,0,3
EMP0025-2025-02,EMP0025,Otoniel Al-Juaid,Male,1985-09-02,2021-11-30,,Active,2,2,DEP06,Operations,JOB11,Operations Coordinator,2025-02-01,20,13887.37,13887.37,0,15,2,14,4
EMP0025-2025-03,EMP0025,Otoniel Al-Juaid,Male,1985-09-02,2021-11-30,,Active,2,2,DEP06,Operations,JOB11,Operations Coordinator,2025-03-01,21,13887.37,13887.37,0,3,0,2,3
EMP0025-2025-04,EMP0025,Otoniel Al-Juaid,Male,1985-09-02,2021-11-30,,Active,2,2,DEP06,Operations,JOB11,Operations Coordinator,2025-04-01,22,13887.37,13887.37,0,0,3,10,3
EMP0025-2025-05,EMP0025,Otoniel Al-Juaid,Male,1985-09-02,2021-11-30,,Active,2,2,DEP06,Operations,JOB11,Operations Coordinator,2025-05-01,22,13887.37,13887.37,0,0,0,0,4
EMP0025-2025-06,EMP0025,Otoniel Al-Juaid,Male,1985-09-02,2021-11-30,,Active,2,2,DEP06,Operations,JOB11,Operations Coordinator,2025-06-01,21,13887.37,13887.37,0,10,1,4,3
EMP0025-2025-07,EMP0025,Otoniel Al-Juaid,Male,1985-09-02,2021-11-30,,Active,2,2,DEP06,Operations,JOB11,Operations Coordinator,2025-07-01,23,13887.37,13887.37,0,3,0,4,4
EMP0025-2025-08,EMP0025,Otoniel Al-Juaid,Male,1985-09-02,2021-11-30,,Active,2,2,DEP06,Operations,JOB11,Operations Coordinator,2025-08-01,21,13887.37,13887.37,1265.82,0,1,6,4
EMP0025-2025-09,EMP0025,Otoniel Al-Juaid,Male,1985-09-02,2021-11-30,,Active,2,2,DEP06,Operations,JOB11,Operations Coordinator,2025-09-01,22,13887.37,13887.37,1238.98,14,1,0,3
EMP0025-2025-10,EMP0025,Otoniel Al-Juaid,Male,1985-09-02,2021-11-30,,Active,2,2,DEP06,Operations,JOB11,Operations Coordinator,2025-10-01,23,13887.37,13887.37,0,0,0,0,4
EMP0025-2025-11,EMP0025,Otoniel Al-Juaid,Male,1985-09-02,2021-11-30,,Active,2,2,DEP06,Operations,JOB11,Operations Coordinator,2025-11-01,20,13887.37,13887.37,289.88,13,3,0,4
EMP0025-2025-12,EMP0025,Otoniel Al-Juaid,Male,1985-09-02,2021-11-30,,Active,2,2,DEP06,Operations,JOB11,Operations Coordinator,2025-12-01,23,13887.37,13887.37,0,14,2,5,4
EMP0026-2024-01,EMP0026,Désirée Holt,Female,1981-02-27,2017-10-07,,Active,8,3,DEP03,Information Technology,JOB06,IT Support Specialist,2024-01-01,23,23281.09,23281.09,1065.87,1,1,4,4
EMP0026-2024-02,EMP0026,Désirée Holt,Female,1981-02-27,2017-10-07,,Active,8,3,DEP03,Information Technology,JOB06,IT Support Specialist,2024-02-01,21,23281.09,23281.09,0,20,3,2,4
EMP0026-2024-03,EMP0026,Désirée Holt,Female,1981-02-27,2017-10-07,,Active,8,3,DEP03,Information Technology,JOB06,IT Support Specialist,2024-03-01,21,23281.09,23281.09,0,28,3,0,4
EMP0026-2024-04,EMP0026,Désirée Holt,Female,1981-02-27,2017-10-07,,Active,8,3,DEP03,Information Technology,JOB06,IT Support Specialist,2024-04-01,22,23281.09,23281.09,2580.91,13,3,0,4
EMP0026-2024-05,EMP0026,Désirée Holt,Female,1981-02-27,2017-10-07,,Active,8,3,DEP03,Information Technology,JOB06,IT Support Specialist,2024-05-01,23,23281.09,23281.09,0,0,1,0,4
EMP0026-2024-06,EMP0026,Désirée Holt,Female,1981-02-27,2017-10-07,,Active,8,3,DEP03,Information Technology,JOB06,IT Support Specialist,2024-06-01,20,23281.09,23281.09,1849.67,0,0,3,3
EMP0026-2024-07,EMP0026,Désirée Holt,Female,1981-02-27,2017-10-07,,Active,8,3,DEP03,Information Technology,JOB06,IT Support Specialist,2024-07-01,23,23281.09,23281.09,879.7,6,3,1,4
EMP0026-2024-08,EMP0026,Désirée Holt,Female,1981-02-27,2017-10-07,,Active,8,3,DEP03,Information Technology,JOB06,IT Support Specialist,2024-08-01,22,23281.09,23281.09,2646.65,33,2,0,4
EMP0026-2024-09,EMP0026,Désirée Holt,Female,1981-02-27,2017-10-07,,Active,8,3,DEP03,Information Technology,JOB06,IT Support Specialist,2024-09-01,21,23281.09,23281.09,1473.46,21,0,0,4
EMP0026-2024-10,EMP0026,Désirée Holt,Female,1981-02-27,2017-10-07,,Active,8,3,DEP03,Information Technology,JOB06,IT Support Specialist,2024-10-01,23,23281.09,23281.09,0,21,1,10,3
EMP0026-2024-11,EMP0026,Désirée Holt,Female,1981-02-27,2017-10-07,,Active,8,3,DEP03,Information Technology,JOB06,IT Support Specialist,2024-11-01,21,23281.09,23281.09,0,0,2,3,4
EMP0026-2024-12,EMP0026,Désirée Holt,Female,1981-02-27,2017-10-07,,Active,8,3,DEP03,Information Technology,JOB06,IT Support Specialist,2024-12-01,22,23281.09,23281.09,0,8,1,0,3
EMP0026-2025-01,EMP0026,Désirée Holt,Female,1981-02-27,2017-10-07,,Active,8,3,DEP03,Information Technology,JOB06,IT Support Specialist,2025-01-01,23,25640.64,25640.64,0,0,1,1,4
EMP0026-2025-02,EMP0026,Désirée Holt,Female,1981-02-27,2017-10-07,,Active,8,3,DEP03,Information Technology,JOB06,IT Support Specialist,2025-02-01,20,25640.64,25640.64,0,8,2,0,4
EMP0026-2025-03,EMP0026,Désirée Holt,Female,1981-02-27,2017-10-07,,Active,8,3,DEP03,Information Technology,JOB06,IT Support Specialist,2025-03-01,21,25640.64,25640.64,0,6,2,1,5
EMP0026-2025-04,EMP0026,Désirée Holt,Female,1981-02-27,2017-10-07,,Active,8,3,DEP03,Information Technology,JOB06,IT Support Specialist,2025-04-01,22,25640.64,25640.64,0,18,0,10,4
EMP0026-2025-05,EMP0026,Désirée Holt,Female,1981-02-27,2017-10-07,,Active,8,3,DEP03,Information Technology,JOB06,IT Support Specialist,2025-05-01,22,25640.64,25640.64,2277.45,14,1,0,4
EMP0026-2025-06,EMP0026,Désirée Holt,Female,1981-02-27,2017-10-07,,Active,8,3,DEP03,Information Technology,JOB06,IT Support Specialist,2025-06-01,21,25640.64,25640.64,0,19,3,2,3
EMP0026-2025-07,EMP0026,Désirée Holt,Female,1981-02-27,2017-10-07,,Active,8,3,DEP03,Information Technology,JOB06,IT Support Specialist,2025-07-01,23,25640.64,25640.64,914.04,0,3,5,4
EMP0026-2025-08,EMP0026,Désirée Holt,Female,1981-02-27,2017-10-07,,Active,8,3,DEP03,Information Technology,JOB06,IT Support Specialist,2025-08-01,21,25640.64,25640.64,2436.69,9,0,2,4
EMP0026-2025-09,EMP0026,Désirée Holt,Female,1981-02-27,2017-10-07,,Active,8,3,DEP03,Information Technology,JOB06,IT Support Specialist,2025-09-01,22,25640.64,25640.64,927.67,0,1,0,4
EMP0026-2025-10,EMP0026,Désirée Holt,Female,1981-02-27,2017-10-07,,Active,8,3,DEP03,Information Technology,JOB06,IT Support Specialist,2025-10-01,23,25640.64,25640.64,3795.22,0,0,7,3
EMP0026-2025-11,EMP0026,Désirée Holt,Female,1981-02-27,2017-10-07,,Active,8,3,DEP03,Information Technology,JOB06,IT Support Specialist,2025-11-01,20,25640.64,25640.64,2247.74,8,0,3,5
EMP0026-2025-12,EMP0026,Désirée Holt,Female,1981-02-27,2017-10-07,,Active,8,3,DEP03,Information Technology,JOB06,IT Support Specialist,2025-12-01,23,25640.64,25640.64,0,1,0,7,3
EMP0027-2024-01,EMP0027,Aliakbar Hourani,Male,1986-02-06,2023-02-07,,Active,6,2,DEP04,Sales,JOB07,Sales Executive,2024-01-01,23,14399.7,14399.7,2031.22,7,0,3,4
EMP0027-2024-02,EMP0027,Aliakbar Hourani,Male,1986-02-06,2023-02-07,,Active,6,2,DEP04,Sales,JOB07,Sales Executive,2024-02-01,21,14399.7,14399.7,0,0,0,3,4
EMP0027-2024-03,EMP0027,Aliakbar Hourani,Male,1986-02-06,2023-02-07,,Active,6,2,DEP04,Sales,JOB07,Sales Executive,2024-03-01,21,14399.7,14399.7,669.73,18,3,3,4
EMP0027-2024-04,EMP0027,Aliakbar Hourani,Male,1986-02-06,2023-02-07,,Active,6,2,DEP04,Sales,JOB07,Sales Executive,2024-04-01,22,14399.7,14399.7,905.01,0,3,0,4
EMP0027-2024-05,EMP0027,Aliakbar Hourani,Male,1986-02-06,2023-02-07,,Active,6,2,DEP04,Sales,JOB07,Sales Executive,2024-05-01,23,14399.7,14399.7,664.53,3,1,2,4
EMP0027-2024-06,EMP0027,Aliakbar Hourani,Male,1986-02-06,2023-02-07,,Active,6,2,DEP04,Sales,JOB07,Sales Executive,2024-06-01,20,14399.7,14399.7,803.48,3,1,5,4
EMP0027-2024-07,EMP0027,Aliakbar Hourani,Male,1986-02-06,2023-02-07,,Active,6,2,DEP04,Sales,JOB07,Sales Executive,2024-07-01,23,14399.7,14399.7,1959.08,9,0,5,4
EMP0027-2024-08,EMP0027,Aliakbar Hourani,Male,1986-02-06,2023-02-07,,Active,6,2,DEP04,Sales,JOB07,Sales Executive,2024-08-01,22,14399.7,14399.7,1001.71,4,3,8,4
EMP0027-2024-09,EMP0027,Aliakbar Hourani,Male,1986-02-06,2023-02-07,,Active,6,2,DEP04,Sales,JOB07,Sales Executive,2024-09-01,21,14399.7,14399.7,0,4,2,9,4
EMP0027-2024-10,EMP0027,Aliakbar Hourani,Male,1986-02-06,2023-02-07,,Active,6,2,DEP04,Sales,JOB07,Sales Executive,2024-10-01,23,14399.7,14399.7,0,34,0,0,3
EMP0027-2024-11,EMP0027,Aliakbar Hourani,Male,1986-02-06,2023-02-07,,Active,6,2,DEP04,Sales,JOB07,Sales Executive,2024-11-01,21,14399.7,14399.7,0,0,0,6,4
EMP0027-2024-12,EMP0027,Aliakbar Hourani,Male,1986-02-06,2023-02-07,,Active,6,2,DEP04,Sales,JOB07,Sales Executive,2024-12-01,22,14399.7,14399.7,1754.39,21,1,0,3
EMP0027-2025-01,EMP0027,Aliakbar Hourani,Male,1986-02-06,2023-02-07,,Active,6,2,DEP04,Sales,JOB07,Sales Executive,2025-01-01,23,15386.34,15386.34,0,0,1,0,4
EMP0027-2025-02,EMP0027,Aliakbar Hourani,Male,1986-02-06,2023-02-07,,Active,6,2,DEP04,Sales,JOB07,Sales Executive,2025-02-01,20,15386.34,15386.34,0,0,1,1,3
EMP0027-2025-03,EMP0027,Aliakbar Hourani,Male,1986-02-06,2023-02-07,,Active,6,2,DEP04,Sales,JOB07,Sales Executive,2025-03-01,21,15386.34,15386.34,0,9,2,13,3
EMP0027-2025-04,EMP0027,Aliakbar Hourani,Male,1986-02-06,2023-02-07,,Active,6,2,DEP04,Sales,JOB07,Sales Executive,2025-04-01,22,15386.34,15386.34,0,18,0,0,3
EMP0027-2025-05,EMP0027,Aliakbar Hourani,Male,1986-02-06,2023-02-07,,Active,6,2,DEP04,Sales,JOB07,Sales Executive,2025-05-01,22,15386.34,15386.34,1404.61,7,3,5,5
EMP0027-2025-06,EMP0027,Aliakbar Hourani,Male,1986-02-06,2023-02-07,,Active,6,2,DEP04,Sales,JOB07,Sales Executive,2025-06-01,21,15386.34,15386.34,1077.1,10,3,16,4
EMP0027-2025-07,EMP0027,Aliakbar Hourani,Male,1986-02-06,2023-02-07,,Active,6,2,DEP04,Sales,JOB07,Sales Executive,2025-07-01,23,15386.34,15386.34,958.44,9,2,0,4
EMP0027-2025-08,EMP0027,Aliakbar Hourani,Male,1986-02-06,2023-02-07,,Active,6,2,DEP04,Sales,JOB07,Sales Executive,2025-08-01,21,15386.34,15386.34,1517.34,3,0,10,3
EMP0027-2025-09,EMP0027,Aliakbar Hourani,Male,1986-02-06,2023-02-07,,Active,6,2,DEP04,Sales,JOB07,Sales Executive,2025-09-01,22,15386.34,15386.34,1205.89,9,1,0,4
EMP0027-2025-10,EMP0027,Aliakbar Hourani,Male,1986-02-06,2023-02-07,,Active,6,2,DEP04,Sales,JOB07,Sales Executive,2025-10-01,23,15386.34,15386.34,0,0,1,1,4
EMP0027-2025-11,EMP0027,Aliakbar Hourani,Male,1986-02-06,2023-02-07,,Active,6,2,DEP04,Sales,JOB07,Sales Executive,2025-11-01,20,15386.34,15386.34,1175.33,0,0,0,4
EMP0027-2025-12,EMP0027,Aliakbar Hourani,Male,1986-02-06,2023-02-07,,Active,6,2,DEP04,Sales,JOB07,Sales Executive,2025-12-01,23,15386.34,15386.34,556.32,0,0,1,4
EMP0028-2024-01,EMP0028,Maja Watson,Female,1987-01-02,2020-09-17,,Active,11,4,DEP03,Information Technology,JOB06,IT Support Specialist,2024-01-01,23,34491.38,34491.38,4611.73,9,0,0,4
EMP0028-2024-02,EMP0028,Maja Watson,Female,1987-01-02,2020-09-17,,Active,11,4,DEP03,Information Technology,JOB06,IT Support Specialist,2024-02-01,21,34491.38,34491.38,0,19,4,1,4
EMP0028-2024-03,EMP0028,Maja Watson,Female,1987-01-02,2020-09-17,,Active,11,4,DEP03,Information Technology,JOB06,IT Support Specialist,2024-03-01,21,34491.38,34491.38,0,4,0,8,4
EMP0028-2024-04,EMP0028,Maja Watson,Female,1987-01-02,2020-09-17,,Active,11,4,DEP03,Information Technology,JOB06,IT Support Specialist,2024-04-01,22,34491.38,34491.38,5160.53,7,2,8,3
EMP0028-2024-05,EMP0028,Maja Watson,Female,1987-01-02,2020-09-17,,Active,11,4,DEP03,Information Technology,JOB06,IT Support Specialist,2024-05-01,23,34491.38,34491.38,0,0,1,2,3
EMP0028-2024-06,EMP0028,Maja Watson,Female,1987-01-02,2020-09-17,,Active,11,4,DEP03,Information Technology,JOB06,IT Support Specialist,2024-06-01,20,34491.38,34491.38,0,0,0,2,4
EMP0028-2024-07,EMP0028,Maja Watson,Female,1987-01-02,2020-09-17,,Active,11,4,DEP03,Information Technology,JOB06,IT Support Specialist,2024-07-01,23,34491.38,34491.38,0,0,3,3,4
EMP0028-2024-08,EMP0028,Maja Watson,Female,1987-01-02,2020-09-17,,Active,11,4,DEP03,Information Technology,JOB06,IT Support Specialist,2024-08-01,22,34491.38,34491.38,1677.12,6,0,0,4
EMP0028-2024-09,EMP0028,Maja Watson,Female,1987-01-02,2020-09-17,,Active,11,4,DEP03,Information Technology,JOB06,IT Support Specialist,2024-09-01,21,34491.38,34491.38,0,1,0,2,4
EMP0028-2024-10,EMP0028,Maja Watson,Female,1987-01-02,2020-09-17,,Active,11,4,DEP03,Information Technology,JOB06,IT Support Specialist,2024-10-01,23,34491.38,34491.38,0,36,0,15,3
EMP0028-2024-11,EMP0028,Maja Watson,Female,1987-01-02,2020-09-17,,Active,11,4,DEP03,Information Technology,JOB06,IT Support Specialist,2024-11-01,21,34491.38,34491.38,871.09,32,1,2,4
EMP0028-2024-12,EMP0028,Maja Watson,Female,1987-01-02,2020-09-17,,Active,11,4,DEP03,Information Technology,JOB06,IT Support Specialist,2024-12-01,22,34491.38,34491.38,0,2,0,0,4
EMP0028-2025-01,EMP0028,Maja Watson,Female,1987-01-02,2020-09-17,,Active,11,4,DEP03,Information Technology,JOB06,IT Support Specialist,2025-01-01,23,37633.31,37633.31,0,14,3,7,3
EMP0028-2025-02,EMP0028,Maja Watson,Female,1987-01-02,2020-09-17,,Active,11,4,DEP03,Information Technology,JOB06,IT Support Specialist,2025-02-01,20,37633.31,37633.31,3472.03,4,0,10,4
EMP0028-2025-03,EMP0028,Maja Watson,Female,1987-01-02,2020-09-17,,Active,11,4,DEP03,Information Technology,JOB06,IT Support Specialist,2025-03-01,21,37633.31,37633.31,0,35,1,8,4
EMP0028-2025-04,EMP0028,Maja Watson,Female,1987-01-02,2020-09-17,,Active,11,4,DEP03,Information Technology,JOB06,IT Support Specialist,2025-04-01,22,37633.31,37633.31,0,37,0,16,3
EMP0028-2025-05,EMP0028,Maja Watson,Female,1987-01-02,2020-09-17,,Active,11,4,DEP03,Information Technology,JOB06,IT Support Specialist,2025-05-01,22,37633.31,37633.31,0,4,2,0,4
EMP0028-2025-06,EMP0028,Maja Watson,Female,1987-01-02,2020-09-17,,Active,11,4,DEP03,Information Technology,JOB06,IT Support Specialist,2025-06-01,21,37633.31,37633.31,4209.34,0,0,0,3
EMP0028-2025-07,EMP0028,Maja Watson,Female,1987-01-02,2020-09-17,,Active,11,4,DEP03,Information Technology,JOB06,IT Support Specialist,2025-07-01,23,37633.31,37633.31,2640.65,7,1,7,3
EMP0028-2025-08,EMP0028,Maja Watson,Female,1987-01-02,2020-09-17,,Active,11,4,DEP03,Information Technology,JOB06,IT Support Specialist,2025-08-01,21,37633.31,37633.31,0,0,2,0,3
EMP0028-2025-09,EMP0028,Maja Watson,Female,1987-01-02,2020-09-17,,Active,11,4,DEP03,Information Technology,JOB06,IT Support Specialist,2025-09-01,22,37633.31,37633.31,0,0,1,0,3
EMP0028-2025-10,EMP0028,Maja Watson,Female,1987-01-02,2020-09-17,,Active,11,4,DEP03,Information Technology,JOB06,IT Support Specialist,2025-10-01,23,37633.31,37633.31,0,0,0,0,2
EMP0028-2025-11,EMP0028,Maja Watson,Female,1987-01-02,2020-09-17,,Active,11,4,DEP03,Information Technology,JOB06,IT Support Specialist,2025-11-01,20,37633.31,37633.31,0,0,1,2,4
EMP0028-2025-12,EMP0028,Maja Watson,Female,1987-01-02,2020-09-17,,Active,11,4,DEP03,Information Technology,JOB06,IT Support Specialist,2025-12-01,23,37633.31,37633.31,0,0,0,0,4
EMP0029-2024-01,EMP0029,Gloria Jonsson,Female,1983-10-01,2017-08-11,,Active,3,2,DEP06,Operations,JOB11,Operations Coordinator,2024-01-01,23,13134.66,13134.66,0,23,2,1,2
EMP0029-2024-02,EMP0029,Gloria Jonsson,Female,1983-10-01,2017-08-11,,Active,3,2,DEP06,Operations,JOB11,Operations Coordinator,2024-02-01,21,13134.66,13134.66,872.71,11,3,0,3
EMP0029-2024-03,EMP0029,Gloria Jonsson,Female,1983-10-01,2017-08-11,,Active,3,2,DEP06,Operations,JOB11,Operations Coordinator,2024-03-01,21,13134.66,13134.66,0,0,1,0,2
EMP0029-2024-04,EMP0029,Gloria Jonsson,Female,1983-10-01,2017-08-11,,Active,3,2,DEP06,Operations,JOB11,Operations Coordinator,2024-04-01,22,13134.66,13134.66,0,0,0,3,3
EMP0029-2024-05,EMP0029,Gloria Jonsson,Female,1983-10-01,2017-08-11,,Active,3,2,DEP06,Operations,JOB11,Operations Coordinator,2024-05-01,23,13134.66,13134.66,0,17,2,11,3
EMP0029-2024-06,EMP0029,Gloria Jonsson,Female,1983-10-01,2017-08-11,,Active,3,2,DEP06,Operations,JOB11,Operations Coordinator,2024-06-01,20,13134.66,13134.66,1881.23,10,0,0,3
EMP0029-2024-07,EMP0029,Gloria Jonsson,Female,1983-10-01,2017-08-11,,Active,3,2,DEP06,Operations,JOB11,Operations Coordinator,2024-07-01,23,13134.66,13134.66,0,20,2,10,3
EMP0029-2024-08,EMP0029,Gloria Jonsson,Female,1983-10-01,2017-08-11,,Active,3,2,DEP06,Operations,JOB11,Operations Coordinator,2024-08-01,22,13134.66,13134.66,0,4,1,7,3
EMP0029-2024-09,EMP0029,Gloria Jonsson,Female,1983-10-01,2017-08-11,,Active,3,2,DEP06,Operations,JOB11,Operations Coordinator,2024-09-01,21,13134.66,13134.66,0,19,0,0,4
EMP0029-2024-10,EMP0029,Gloria Jonsson,Female,1983-10-01,2017-08-11,,Active,3,2,DEP06,Operations,JOB11,Operations Coordinator,2024-10-01,23,13134.66,13134.66,0,40,1,0,3
EMP0029-2024-11,EMP0029,Gloria Jonsson,Female,1983-10-01,2017-08-11,,Active,3,2,DEP06,Operations,JOB11,Operations Coordinator,2024-11-01,21,13134.66,13134.66,0,2,0,4,3
EMP0029-2024-12,EMP0029,Gloria Jonsson,Female,1983-10-01,2017-08-11,,Active,3,2,DEP06,Operations,JOB11,Operations Coordinator,2024-12-01,22,13134.66,13134.66,1325.16,32,0,0,3
EMP0029-2025-01,EMP0029,Gloria Jonsson,Female,1983-10-01,2017-08-11,,Active,3,2,DEP06,Operations,JOB11,Operations Coordinator,2025-01-01,23,13787.52,13787.52,0,0,2,0,3
EMP0029-2025-02,EMP0029,Gloria Jonsson,Female,1983-10-01,2017-08-11,,Active,3,2,DEP06,Operations,JOB11,Operations Coordinator,2025-02-01,20,13787.52,13787.52,1411.07,16,0,2,3
EMP0029-2025-03,EMP0029,Gloria Jonsson,Female,1983-10-01,2017-08-11,,Active,3,2,DEP06,Operations,JOB11,Operations Coordinator,2025-03-01,21,13787.52,13787.52,0,6,0,0,3
EMP0029-2025-04,EMP0029,Gloria Jonsson,Female,1983-10-01,2017-08-11,,Active,3,2,DEP06,Operations,JOB11,Operations Coordinator,2025-04-01,22,13787.52,13787.52,1993.3,0,0,14,2
EMP0029-2025-05,EMP0029,Gloria Jonsson,Female,1983-10-01,2017-08-11,,Active,3,2,DEP06,Operations,JOB11,Operations Coordinator,2025-05-01,22,13787.52,13787.52,650.61,0,0,6,3
EMP0029-2025-06,EMP0029,Gloria Jonsson,Female,1983-10-01,2017-08-11,,Active,3,2,DEP06,Operations,JOB11,Operations Coordinator,2025-06-01,21,13787.52,13787.52,0,0,0,12,3
EMP0029-2025-07,EMP0029,Gloria Jonsson,Female,1983-10-01,2017-08-11,,Active,3,2,DEP06,Operations,JOB11,Operations Coordinator,2025-07-01,23,13787.52,13787.52,0,25,0,0,3
EMP0029-2025-08,EMP0029,Gloria Jonsson,Female,1983-10-01,2017-08-11,,Active,3,2,DEP06,Operations,JOB11,Operations Coordinator,2025-08-01,21,13787.52,13787.52,0,0,1,2,3
EMP0029-2025-09,EMP0029,Gloria Jonsson,Female,1983-10-01,2017-08-11,,Active,3,2,DEP06,Operations,JOB11,Operations Coordinator,2025-09-01,22,13787.52,13787.52,0,18,0,1,3
EMP0029-2025-10,EMP0029,Gloria Jonsson,Female,1983-10-01,2017-08-11,,Active,3,2,DEP06,Operations,JOB11,Operations Coordinator,2025-10-01,23,13787.52,13787.52,0,0,2,2,2
EMP0029-2025-11,EMP0029,Gloria Jonsson,Female,1983-10-01,2017-08-11,,Active,3,2,DEP06,Operations,JOB11,Operations Coordinator,2025-11-01,20,13787.52,13787.52,0,17,0,4,3
EMP0029-2025-12,EMP0029,Gloria Jonsson,Female,1983-10-01,2017-08-11,,Active,3,2,DEP06,Operations,JOB11,Operations Coordinator,2025-12-01,23,13787.52,13787.52,1166.19,4,0,7,4
EMP0030-2024-01,EMP0030,Rudolf Reyes,Male,1985-05-22,2019-12-28,,Active,3,2,DEP01,Human Resources,JOB01,HR Specialist,2024-01-01,23,14895.21,14895.21,0,21,0,0,4
EMP0030-2024-02,EMP0030,Rudolf Reyes,Male,1985-05-22,2019-12-28,,Active,3,2,DEP01,Human Resources,JOB01,HR Specialist,2024-02-01,21,14895.21,14895.21,0,36,1,7,2
EMP0030-2024-03,EMP0030,Rudolf Reyes,Male,1985-05-22,2019-12-28,,Active,3,2,DEP01,Human Resources,JOB01,HR Specialist,2024-03-01,21,14895.21,14895.21,0,39,4,3,3
EMP0030-2024-04,EMP0030,Rudolf Reyes,Male,1985-05-22,2019-12-28,,Active,3,2,DEP01,Human Resources,JOB01,HR Specialist,2024-04-01,22,14895.21,14895.21,0,9,0,0,4
EMP0030-2024-05,EMP0030,Rudolf Reyes,Male,1985-05-22,2019-12-28,,Active,3,2,DEP01,Human Resources,JOB01,HR Specialist,2024-05-01,23,14895.21,14895.21,0,8,2,7,4
EMP0030-2024-06,EMP0030,Rudolf Reyes,Male,1985-05-22,2019-12-28,,Active,3,2,DEP01,Human Resources,JOB01,HR Specialist,2024-06-01,20,14895.21,14895.21,0,19,3,1,3
EMP0030-2024-07,EMP0030,Rudolf Reyes,Male,1985-05-22,2019-12-28,,Active,3,2,DEP01,Human Resources,JOB01,HR Specialist,2024-07-01,23,14895.21,14895.21,0,22,2,16,3
EMP0030-2024-08,EMP0030,Rudolf Reyes,Male,1985-05-22,2019-12-28,,Active,3,2,DEP01,Human Resources,JOB01,HR Specialist,2024-08-01,22,14895.21,14895.21,1188.69,0,0,6,2
EMP0030-2024-09,EMP0030,Rudolf Reyes,Male,1985-05-22,2019-12-28,,Active,3,2,DEP01,Human Resources,JOB01,HR Specialist,2024-09-01,21,14895.21,14895.21,470,8,1,8,3
EMP0030-2024-10,EMP0030,Rudolf Reyes,Male,1985-05-22,2019-12-28,,Active,3,2,DEP01,Human Resources,JOB01,HR Specialist,2024-10-01,23,14895.21,14895.21,0,0,2,0,4
EMP0030-2024-11,EMP0030,Rudolf Reyes,Male,1985-05-22,2019-12-28,,Active,3,2,DEP01,Human Resources,JOB01,HR Specialist,2024-11-01,21,14895.21,14895.21,1393.87,7,0,0,3
EMP0030-2024-12,EMP0030,Rudolf Reyes,Male,1985-05-22,2019-12-28,,Active,3,2,DEP01,Human Resources,JOB01,HR Specialist,2024-12-01,22,14895.21,14895.21,0,0,3,1,3
EMP0030-2025-01,EMP0030,Rudolf Reyes,Male,1985-05-22,2019-12-28,,Active,3,2,DEP01,Human Resources,JOB01,HR Specialist,2025-01-01,23,16152.24,16152.24,0,0,0,0,3
EMP0030-2025-02,EMP0030,Rudolf Reyes,Male,1985-05-22,2019-12-28,,Active,3,2,DEP01,Human Resources,JOB01,HR Specialist,2025-02-01,20,16152.24,16152.24,0,0,3,0,4
EMP0030-2025-03,EMP0030,Rudolf Reyes,Male,1985-05-22,2019-12-28,,Active,3,2,DEP01,Human Resources,JOB01,HR Specialist,2025-03-01,21,16152.24,16152.24,0,21,2,0,4
EMP0030-2025-04,EMP0030,Rudolf Reyes,Male,1985-05-22,2019-12-28,,Active,3,2,DEP01,Human Resources,JOB01,HR Specialist,2025-04-01,22,16152.24,16152.24,0,0,0,6,5
EMP0030-2025-05,EMP0030,Rudolf Reyes,Male,1985-05-22,2019-12-28,,Active,3,2,DEP01,Human Resources,JOB01,HR Specialist,2025-05-01,22,16152.24,16152.24,1058.95,4,1,6,4
EMP0030-2025-06,EMP0030,Rudolf Reyes,Male,1985-05-22,2019-12-28,,Active,3,2,DEP01,Human Resources,JOB01,HR Specialist,2025-06-01,21,16152.24,16152.24,1403.06,14,0,2,4
EMP0030-2025-07,EMP0030,Rudolf Reyes,Male,1985-05-22,2019-12-28,,Active,3,2,DEP01,Human Resources,JOB01,HR Specialist,2025-07-01,23,16152.24,16152.24,1649.86,21,0,4,3
EMP0030-2025-08,EMP0030,Rudolf Reyes,Male,1985-05-22,2019-12-28,,Active,3,2,DEP01,Human Resources,JOB01,HR Specialist,2025-08-01,21,16152.24,16152.24,1928.27,10,4,5,4
EMP0030-2025-09,EMP0030,Rudolf Reyes,Male,1985-05-22,2019-12-28,,Active,3,2,DEP01,Human Resources,JOB01,HR Specialist,2025-09-01,22,16152.24,16152.24,0,18,0,0,3
EMP0030-2025-10,EMP0030,Rudolf Reyes,Male,1985-05-22,2019-12-28,,Active,3,2,DEP01,Human Resources,JOB01,HR Specialist,2025-10-01,23,16152.24,16152.24,0,29,1,2,3
EMP0030-2025-11,EMP0030,Rudolf Reyes,Male,1985-05-22,2019-12-28,,Active,3,2,DEP01,Human Resources,JOB01,HR Specialist,2025-11-01,20,16152.24,16152.24,0,0,0,8,4
EMP0030-2025-12,EMP0030,Rudolf Reyes,Male,1985-05-22,2019-12-28,,Active,3,2,DEP01,Human Resources,JOB01,HR Specialist,2025-12-01,23,16152.24,16152.24,1050.23,5,0,11,3
EMP0031-2024-01,EMP0031,Germaine Koné,Female,1984-07-10,2023-06-28,,Active,6,2,DEP01,Human Resources,JOB02,Recruiter,2024-01-01,23,12764.78,12764.78,1174.88,24,0,6,4
EMP0031-2024-02,EMP0031,Germaine Koné,Female,1984-07-10,2023-06-28,,Active,6,2,DEP01,Human Resources,JOB02,Recruiter,2024-02-01,21,12764.78,12764.78,426.96,0,1,2,3
EMP0031-2024-03,EMP0031,Germaine Koné,Female,1984-07-10,2023-06-28,,Active,6,2,DEP01,Human Resources,JOB02,Recruiter,2024-03-01,21,12764.78,12764.78,0,0,0,0,4
EMP0031-2024-04,EMP0031,Germaine Koné,Female,1984-07-10,2023-06-28,,Active,6,2,DEP01,Human Resources,JOB02,Recruiter,2024-04-01,22,12764.78,12764.78,0,14,3,0,4
EMP0031-2024-05,EMP0031,Germaine Koné,Female,1984-07-10,2023-06-28,,Active,6,2,DEP01,Human Resources,JOB02,Recruiter,2024-05-01,23,12764.78,12764.78,0,28,0,0,4
EMP0031-2024-06,EMP0031,Germaine Koné,Female,1984-07-10,2023-06-28,,Active,6,2,DEP01,Human Resources,JOB02,Recruiter,2024-06-01,20,12764.78,12764.78,0,0,1,0,4
EMP0031-2024-07,EMP0031,Germaine Koné,Female,1984-07-10,2023-06-28,,Active,6,2,DEP01,Human Resources,JOB02,Recruiter,2024-07-01,23,12764.78,12764.78,767.63,0,0,11,4
EMP0031-2024-08,EMP0031,Germaine Koné,Female,1984-07-10,2023-06-28,,Active,6,2,DEP01,Human Resources,JOB02,Recruiter,2024-08-01,22,12764.78,12764.78,0,0,4,8,4
EMP0031-2024-09,EMP0031,Germaine Koné,Female,1984-07-10,2023-06-28,,Active,6,2,DEP01,Human Resources,JOB02,Recruiter,2024-09-01,21,12764.78,12764.78,0,36,3,14,4
EMP0031-2024-10,EMP0031,Germaine Koné,Female,1984-07-10,2023-06-28,,Active,6,2,DEP01,Human Resources,JOB02,Recruiter,2024-10-01,23,12764.78,12764.78,0,0,1,0,4
EMP0031-2024-11,EMP0031,Germaine Koné,Female,1984-07-10,2023-06-28,,Active,6,2,DEP01,Human Resources,JOB02,Recruiter,2024-11-01,21,12764.78,12764.78,755.37,26,0,12,3
EMP0031-2024-12,EMP0031,Germaine Koné,Female,1984-07-10,2023-06-28,,Active,6,2,DEP01,Human Resources,JOB02,Recruiter,2024-12-01,22,12764.78,12764.78,793.81,0,1,11,3
EMP0031-2025-01,EMP0031,Germaine Koné,Female,1984-07-10,2023-06-28,,Active,6,2,DEP01,Human Resources,JOB02,Recruiter,2025-01-01,23,13675.05,13675.05,1410.66,40,0,7,4
EMP0031-2025-02,EMP0031,Germaine Koné,Female,1984-07-10,2023-06-28,,Active,6,2,DEP01,Human Resources,JOB02,Recruiter,2025-02-01,20,13675.05,13675.05,1365.31,0,2,2,4
EMP0031-2025-03,EMP0031,Germaine Koné,Female,1984-07-10,2023-06-28,,Active,6,2,DEP01,Human Resources,JOB02,Recruiter,2025-03-01,21,13675.05,13675.05,1008.6,3,0,0,4
EMP0031-2025-04,EMP0031,Germaine Koné,Female,1984-07-10,2023-06-28,,Active,6,2,DEP01,Human Resources,JOB02,Recruiter,2025-04-01,22,13675.05,13675.05,1127.08,0,0,0,3
EMP0031-2025-05,EMP0031,Germaine Koné,Female,1984-07-10,2023-06-28,,Active,6,2,DEP01,Human Resources,JOB02,Recruiter,2025-05-01,22,13675.05,13675.05,0,30,1,1,4
EMP0031-2025-06,EMP0031,Germaine Koné,Female,1984-07-10,2023-06-28,,Active,6,2,DEP01,Human Resources,JOB02,Recruiter,2025-06-01,21,13675.05,13675.05,0,0,1,0,3
EMP0031-2025-07,EMP0031,Germaine Koné,Female,1984-07-10,2023-06-28,,Active,6,2,DEP01,Human Resources,JOB02,Recruiter,2025-07-01,23,13675.05,13675.05,0,4,2,0,3
EMP0031-2025-08,EMP0031,Germaine Koné,Female,1984-07-10,2023-06-28,,Active,6,2,DEP01,Human Resources,JOB02,Recruiter,2025-08-01,21,13675.05,13675.05,0,10,3,0,4
EMP0031-2025-09,EMP0031,Germaine Koné,Female,1984-07-10,2023-06-28,,Active,6,2,DEP01,Human Resources,JOB02,Recruiter,2025-09-01,22,13675.05,13675.05,1014.91,9,2,16,4
EMP0031-2025-10,EMP0031,Germaine Koné,Female,1984-07-10,2023-06-28,,Active,6,2,DEP01,Human Resources,JOB02,Recruiter,2025-10-01,23,13675.05,13675.05,0,33,2,0,3
EMP0031-2025-11,EMP0031,Germaine Koné,Female,1984-07-10,2023-06-28,,Active,6,2,DEP01,Human Resources,JOB02,Recruiter,2025-11-01,20,13675.05,13675.05,1011.27,35,0,0,4
EMP0031-2025-12,EMP0031,Germaine Koné,Female,1984-07-10,2023-06-28,,Active,6,2,DEP01,Human Resources,JOB02,Recruiter,2025-12-01,23,13675.05,13675.05,874.11,0,0,2,4
EMP0032-2025-01,EMP0032,Joseph Abdel Moneim,Male,1994-02-16,2025-01-27,,Active,3,2,DEP02,Finance,JOB04,Financial Analyst,2025-01-01,5,16267.96,3536.51,315.5,10,4,0,4
EMP0032-2025-02,EMP0032,Joseph Abdel Moneim,Male,1994-02-16,2025-01-27,,Active,3,2,DEP02,Finance,JOB04,Financial Analyst,2025-02-01,20,16267.96,16267.96,0,0,1,3,3
EMP0032-2025-03,EMP0032,Joseph Abdel Moneim,Male,1994-02-16,2025-01-27,,Active,3,2,DEP02,Finance,JOB04,Financial Analyst,2025-03-01,21,16267.96,16267.96,556.9,0,0,4,4
EMP0032-2025-04,EMP0032,Joseph Abdel Moneim,Male,1994-02-16,2025-01-27,,Active,3,2,DEP02,Finance,JOB04,Financial Analyst,2025-04-01,22,16267.96,16267.96,0,7,0,0,3
EMP0032-2025-05,EMP0032,Joseph Abdel Moneim,Male,1994-02-16,2025-01-27,,Active,3,2,DEP02,Finance,JOB04,Financial Analyst,2025-05-01,22,16267.96,16267.96,0,13,4,16,3
EMP0032-2025-06,EMP0032,Joseph Abdel Moneim,Male,1994-02-16,2025-01-27,,Active,3,2,DEP02,Finance,JOB04,Financial Analyst,2025-06-01,21,16267.96,16267.96,1813.2,2,2,7,4
EMP0032-2025-07,EMP0032,Joseph Abdel Moneim,Male,1994-02-16,2025-01-27,,Active,3,2,DEP02,Finance,JOB04,Financial Analyst,2025-07-01,23,16267.96,16267.96,0,0,1,5,3
EMP0032-2025-08,EMP0032,Joseph Abdel Moneim,Male,1994-02-16,2025-01-27,,Active,3,2,DEP02,Finance,JOB04,Financial Analyst,2025-08-01,21,16267.96,16267.96,0,0,2,0,3
EMP0032-2025-09,EMP0032,Joseph Abdel Moneim,Male,1994-02-16,2025-01-27,,Active,3,2,DEP02,Finance,JOB04,Financial Analyst,2025-09-01,22,16267.96,16267.96,430.79,5,2,0,3
EMP0032-2025-10,EMP0032,Joseph Abdel Moneim,Male,1994-02-16,2025-01-27,,Active,3,2,DEP02,Finance,JOB04,Financial Analyst,2025-10-01,23,16267.96,16267.96,2016.48,21,0,9,4
EMP0032-2025-11,EMP0032,Joseph Abdel Moneim,Male,1994-02-16,2025-01-27,,Active,3,2,DEP02,Finance,JOB04,Financial Analyst,2025-11-01,20,16267.96,16267.96,0,4,4,2,4
EMP0032-2025-12,EMP0032,Joseph Abdel Moneim,Male,1994-02-16,2025-01-27,,Active,3,2,DEP02,Finance,JOB04,Financial Analyst,2025-12-01,23,16267.96,16267.96,0,8,0,6,4
EMP0033-2024-11,EMP0033,Arthur Gross,Male,1993-05-24,2024-11-24,,Active,2,2,DEP04,Sales,JOB07,Sales Executive,2024-11-01,5,19489.75,4640.42,359.76,10,0,8,3
EMP0033-2024-12,EMP0033,Arthur Gross,Male,1993-05-24,2024-11-24,,Active,2,2,DEP04,Sales,JOB07,Sales Executive,2024-12-01,22,19489.75,19489.75,0,0,1,13,3
EMP0033-2025-01,EMP0033,Arthur Gross,Male,1993-05-24,2024-11-24,,Active,2,2,DEP04,Sales,JOB07,Sales Executive,2025-01-01,23,21291,21291,0,0,0,2,4
EMP0033-2025-02,EMP0033,Arthur Gross,Male,1993-05-24,2024-11-24,,Active,2,2,DEP04,Sales,JOB07,Sales Executive,2025-02-01,20,21291,21291,1325.46,28,3,13,4
EMP0033-2025-03,EMP0033,Arthur Gross,Male,1993-05-24,2024-11-24,,Active,2,2,DEP04,Sales,JOB07,Sales Executive,2025-03-01,21,21291,21291,0,27,0,8,4
EMP0033-2025-04,EMP0033,Arthur Gross,Male,1993-05-24,2024-11-24,,Active,2,2,DEP04,Sales,JOB07,Sales Executive,2025-04-01,22,21291,21291,0,10,0,0,4
EMP0033-2025-05,EMP0033,Arthur Gross,Male,1993-05-24,2024-11-24,,Active,2,2,DEP04,Sales,JOB07,Sales Executive,2025-05-01,22,21291,21291,2577.77,0,2,5,3
EMP0033-2025-06,EMP0033,Arthur Gross,Male,1993-05-24,2024-11-24,,Active,2,2,DEP04,Sales,JOB07,Sales Executive,2025-06-01,21,21291,21291,0,0,2,0,3
EMP0033-2025-07,EMP0033,Arthur Gross,Male,1993-05-24,2024-11-24,,Active,2,2,DEP04,Sales,JOB07,Sales Executive,2025-07-01,23,21291,21291,0,0,0,5,3
EMP0033-2025-08,EMP0033,Arthur Gross,Male,1993-05-24,2024-11-24,,Active,2,2,DEP04,Sales,JOB07,Sales Executive,2025-08-01,21,21291,21291,2636.78,0,3,0,3
EMP0033-2025-09,EMP0033,Arthur Gross,Male,1993-05-24,2024-11-24,,Active,2,2,DEP04,Sales,JOB07,Sales Executive,2025-09-01,22,21291,21291,0,11,2,11,2
EMP0033-2025-10,EMP0033,Arthur Gross,Male,1993-05-24,2024-11-24,,Active,2,2,DEP04,Sales,JOB07,Sales Executive,2025-10-01,23,21291,21291,0,34,0,8,3
EMP0033-2025-11,EMP0033,Arthur Gross,Male,1993-05-24,2024-11-24,,Active,2,2,DEP04,Sales,JOB07,Sales Executive,2025-11-01,20,21291,21291,2686.54,5,2,5,4
EMP0033-2025-12,EMP0033,Arthur Gross,Male,1993-05-24,2024-11-24,,Active,2,2,DEP04,Sales,JOB07,Sales Executive,2025-12-01,23,21291,21291,0,0,4,0,1
EMP0034-2024-01,EMP0034,Daniel Leroy,Male,1984-05-23,2024-01-13,,Active,19,4,DEP06,Operations,JOB11,Operations Coordinator,2024-01-01,13,42155.45,23826.99,0,0,0,0,3
EMP0034-2024-02,EMP0034,Daniel Leroy,Male,1984-05-23,2024-01-13,,Active,19,4,DEP06,Operations,JOB11,Operations Coordinator,2024-02-01,21,42155.45,42155.45,0,0,0,6,2
EMP0034-2024-03,EMP0034,Daniel Leroy,Male,1984-05-23,2024-01-13,,Active,19,4,DEP06,Operations,JOB11,Operations Coordinator,2024-03-01,21,42155.45,42155.45,0,24,2,5,3
EMP0034-2024-04,EMP0034,Daniel Leroy,Male,1984-05-23,2024-01-13,,Active,19,4,DEP06,Operations,JOB11,Operations Coordinator,2024-04-01,22,42155.45,42155.45,5852.88,0,1,7,2
EMP0034-2024-05,EMP0034,Daniel Leroy,Male,1984-05-23,2024-01-13,,Active,19,4,DEP06,Operations,JOB11,Operations Coordinator,2024-05-01,23,42155.45,42155.45,0,5,1,8,3
EMP0034-2024-06,EMP0034,Daniel Leroy,Male,1984-05-23,2024-01-13,,Active,19,4,DEP06,Operations,JOB11,Operations Coordinator,2024-06-01,20,42155.45,42155.45,1582.24,0,1,0,3
EMP0034-2024-07,EMP0034,Daniel Leroy,Male,1984-05-23,2024-01-13,,Active,19,4,DEP06,Operations,JOB11,Operations Coordinator,2024-07-01,23,42155.45,42155.45,6203.56,0,0,0,4
EMP0034-2024-08,EMP0034,Daniel Leroy,Male,1984-05-23,2024-01-13,,Active,19,4,DEP06,Operations,JOB11,Operations Coordinator,2024-08-01,22,42155.45,42155.45,0,2,1,3,2
EMP0034-2024-09,EMP0034,Daniel Leroy,Male,1984-05-23,2024-01-13,,Active,19,4,DEP06,Operations,JOB11,Operations Coordinator,2024-09-01,21,42155.45,42155.45,5912.11,10,1,0,3
EMP0034-2024-10,EMP0034,Daniel Leroy,Male,1984-05-23,2024-01-13,,Active,19,4,DEP06,Operations,JOB11,Operations Coordinator,2024-10-01,23,42155.45,42155.45,0,10,2,0,3
EMP0034-2024-11,EMP0034,Daniel Leroy,Male,1984-05-23,2024-01-13,,Active,19,4,DEP06,Operations,JOB11,Operations Coordinator,2024-11-01,21,42155.45,42155.45,4072.02,6,2,8,4
EMP0034-2024-12,EMP0034,Daniel Leroy,Male,1984-05-23,2024-01-13,,Active,19,4,DEP06,Operations,JOB11,Operations Coordinator,2024-12-01,22,42155.45,42155.45,1594.68,33,0,0,3
EMP0034-2025-01,EMP0034,Daniel Leroy,Male,1984-05-23,2024-01-13,,Active,19,4,DEP06,Operations,JOB11,Operations Coordinator,2025-01-01,23,45328.53,45328.53,0,3,0,0,3
EMP0034-2025-02,EMP0034,Daniel Leroy,Male,1984-05-23,2024-01-13,,Active,19,4,DEP06,Operations,JOB11,Operations Coordinator,2025-02-01,20,45328.53,45328.53,0,0,2,0,3
EMP0034-2025-03,EMP0034,Daniel Leroy,Male,1984-05-23,2024-01-13,,Active,19,4,DEP06,Operations,JOB11,Operations Coordinator,2025-03-01,21,45328.53,45328.53,6148.48,34,4,0,3
EMP0034-2025-04,EMP0034,Daniel Leroy,Male,1984-05-23,2024-01-13,,Active,19,4,DEP06,Operations,JOB11,Operations Coordinator,2025-04-01,22,45328.53,45328.53,0,6,0,2,2
EMP0034-2025-05,EMP0034,Daniel Leroy,Male,1984-05-23,2024-01-13,,Active,19,4,DEP06,Operations,JOB11,Operations Coordinator,2025-05-01,22,45328.53,45328.53,0,1,2,0,3
EMP0034-2025-06,EMP0034,Daniel Leroy,Male,1984-05-23,2024-01-13,,Active,19,4,DEP06,Operations,JOB11,Operations Coordinator,2025-06-01,21,45328.53,45328.53,6097.88,25,3,0,3
EMP0034-2025-07,EMP0034,Daniel Leroy,Male,1984-05-23,2024-01-13,,Active,19,4,DEP06,Operations,JOB11,Operations Coordinator,2025-07-01,23,45328.53,45328.53,3016.31,1,1,3,3
EMP0034-2025-08,EMP0034,Daniel Leroy,Male,1984-05-23,2024-01-13,,Active,19,4,DEP06,Operations,JOB11,Operations Coordinator,2025-08-01,21,45328.53,45328.53,0,1,3,1,3
EMP0034-2025-09,EMP0034,Daniel Leroy,Male,1984-05-23,2024-01-13,,Active,19,4,DEP06,Operations,JOB11,Operations Coordinator,2025-09-01,22,45328.53,45328.53,0,21,0,16,3
EMP0034-2025-10,EMP0034,Daniel Leroy,Male,1984-05-23,2024-01-13,,Active,19,4,DEP06,Operations,JOB11,Operations Coordinator,2025-10-01,23,45328.53,45328.53,0,14,0,7,4
EMP0034-2025-11,EMP0034,Daniel Leroy,Male,1984-05-23,2024-01-13,,Active,19,4,DEP06,Operations,JOB11,Operations Coordinator,2025-11-01,20,45328.53,45328.53,0,5,1,8,3
EMP0034-2025-12,EMP0034,Daniel Leroy,Male,1984-05-23,2024-01-13,,Active,19,4,DEP06,Operations,JOB11,Operations Coordinator,2025-12-01,23,45328.53,45328.53,0,0,0,1,2
EMP0035-2024-01,EMP0035,Éliane Zannis,Female,1987-11-18,2023-05-01,,Active,5,3,DEP05,Marketing,JOB10,Marketing Analyst,2024-01-01,23,23925.99,23925.99,0,0,0,0,3
EMP0035-2024-02,EMP0035,Éliane Zannis,Female,1987-11-18,2023-05-01,,Active,5,3,DEP05,Marketing,JOB10,Marketing Analyst,2024-02-01,21,23925.99,23925.99,0,2,0,2,3
EMP0035-2024-03,EMP0035,Éliane Zannis,Female,1987-11-18,2023-05-01,,Active,5,3,DEP05,Marketing,JOB10,Marketing Analyst,2024-03-01,21,23925.99,23925.99,1086.5,0,2,2,3
EMP0035-2024-04,EMP0035,Éliane Zannis,Female,1987-11-18,2023-05-01,,Active,5,3,DEP05,Marketing,JOB10,Marketing Analyst,2024-04-01,22,23925.99,23925.99,2974.27,15,0,0,3
EMP0035-2024-05,EMP0035,Éliane Zannis,Female,1987-11-18,2023-05-01,,Active,5,3,DEP05,Marketing,JOB10,Marketing Analyst,2024-05-01,23,23925.99,23925.99,0,0,0,0,4
EMP0035-2024-06,EMP0035,Éliane Zannis,Female,1987-11-18,2023-05-01,,Active,5,3,DEP05,Marketing,JOB10,Marketing Analyst,2024-06-01,20,23925.99,23925.99,0,0,0,1,2
EMP0035-2024-07,EMP0035,Éliane Zannis,Female,1987-11-18,2023-05-01,,Active,5,3,DEP05,Marketing,JOB10,Marketing Analyst,2024-07-01,23,23925.99,23925.99,537.75,0,3,0,4
EMP0035-2024-08,EMP0035,Éliane Zannis,Female,1987-11-18,2023-05-01,,Active,5,3,DEP05,Marketing,JOB10,Marketing Analyst,2024-08-01,22,23925.99,23925.99,0,13,2,2,3
EMP0035-2024-09,EMP0035,Éliane Zannis,Female,1987-11-18,2023-05-01,,Active,5,3,DEP05,Marketing,JOB10,Marketing Analyst,2024-09-01,21,23925.99,23925.99,0,16,2,2,3
EMP0035-2024-10,EMP0035,Éliane Zannis,Female,1987-11-18,2023-05-01,,Active,5,3,DEP05,Marketing,JOB10,Marketing Analyst,2024-10-01,23,23925.99,23925.99,1536.17,10,1,15,3
EMP0035-2024-11,EMP0035,Éliane Zannis,Female,1987-11-18,2023-05-01,,Active,5,3,DEP05,Marketing,JOB10,Marketing Analyst,2024-11-01,21,23925.99,23925.99,0,7,2,0,4
EMP0035-2024-12,EMP0035,Éliane Zannis,Female,1987-11-18,2023-05-01,,Active,5,3,DEP05,Marketing,JOB10,Marketing Analyst,2024-12-01,22,23925.99,23925.99,0,5,0,0,3
EMP0035-2025-01,EMP0035,Éliane Zannis,Female,1987-11-18,2023-05-01,,Active,5,3,DEP05,Marketing,JOB10,Marketing Analyst,2025-01-01,23,25001.37,25001.37,1093.54,16,1,0,4
EMP0035-2025-02,EMP0035,Éliane Zannis,Female,1987-11-18,2023-05-01,,Active,5,3,DEP05,Marketing,JOB10,Marketing Analyst,2025-02-01,20,25001.37,25001.37,3119.29,21,2,0,3
EMP0035-2025-03,EMP0035,Éliane Zannis,Female,1987-11-18,2023-05-01,,Active,5,3,DEP05,Marketing,JOB10,Marketing Analyst,2025-03-01,21,25001.37,25001.37,2407.02,40,0,0,3
EMP0035-2025-04,EMP0035,Éliane Zannis,Female,1987-11-18,2023-05-01,,Active,5,3,DEP05,Marketing,JOB10,Marketing Analyst,2025-04-01,22,25001.37,25001.37,3233.92,9,0,9,3
EMP0035-2025-05,EMP0035,Éliane Zannis,Female,1987-11-18,2023-05-01,,Active,5,3,DEP05,Marketing,JOB10,Marketing Analyst,2025-05-01,22,25001.37,25001.37,0,7,0,3,3
EMP0035-2025-06,EMP0035,Éliane Zannis,Female,1987-11-18,2023-05-01,,Active,5,3,DEP05,Marketing,JOB10,Marketing Analyst,2025-06-01,21,25001.37,25001.37,1830.11,2,0,0,4
EMP0035-2025-07,EMP0035,Éliane Zannis,Female,1987-11-18,2023-05-01,,Active,5,3,DEP05,Marketing,JOB10,Marketing Analyst,2025-07-01,23,25001.37,25001.37,1587.96,25,0,0,4
EMP0035-2025-08,EMP0035,Éliane Zannis,Female,1987-11-18,2023-05-01,,Active,5,3,DEP05,Marketing,JOB10,Marketing Analyst,2025-08-01,21,25001.37,25001.37,0,7,0,16,4
EMP0035-2025-09,EMP0035,Éliane Zannis,Female,1987-11-18,2023-05-01,,Active,5,3,DEP05,Marketing,JOB10,Marketing Analyst,2025-09-01,22,25001.37,25001.37,0,9,0,0,3
EMP0035-2025-10,EMP0035,Éliane Zannis,Female,1987-11-18,2023-05-01,,Active,5,3,DEP05,Marketing,JOB10,Marketing Analyst,2025-10-01,23,25001.37,25001.37,0,32,0,4,3
EMP0035-2025-11,EMP0035,Éliane Zannis,Female,1987-11-18,2023-05-01,,Active,5,3,DEP05,Marketing,JOB10,Marketing Analyst,2025-11-01,20,25001.37,25001.37,0,5,1,0,3
EMP0035-2025-12,EMP0035,Éliane Zannis,Female,1987-11-18,2023-05-01,,Active,5,3,DEP05,Marketing,JOB10,Marketing Analyst,2025-12-01,23,25001.37,25001.37,0,12,1,15,3
EMP0036-2024-01,EMP0036,Gilad Battaglia,Male,1975-07-06,2018-02-17,,Active,20,4,DEP04,Sales,JOB07,Sales Executive,2024-01-01,23,32702.89,32702.89,2665.79,0,1,0,3
EMP0036-2024-02,EMP0036,Gilad Battaglia,Male,1975-07-06,2018-02-17,,Active,20,4,DEP04,Sales,JOB07,Sales Executive,2024-02-01,21,32702.89,32702.89,0,7,0,2,3
EMP0036-2024-03,EMP0036,Gilad Battaglia,Male,1975-07-06,2018-02-17,,Active,20,4,DEP04,Sales,JOB07,Sales Executive,2024-03-01,21,32702.89,32702.89,2939.78,0,3,4,3
EMP0036-2024-04,EMP0036,Gilad Battaglia,Male,1975-07-06,2018-02-17,,Active,20,4,DEP04,Sales,JOB07,Sales Executive,2024-04-01,22,32702.89,32702.89,2801.96,38,0,0,3
EMP0036-2024-05,EMP0036,Gilad Battaglia,Male,1975-07-06,2018-02-17,,Active,20,4,DEP04,Sales,JOB07,Sales Executive,2024-05-01,23,32702.89,32702.89,1933.15,9,0,14,3
EMP0036-2024-06,EMP0036,Gilad Battaglia,Male,1975-07-06,2018-02-17,,Active,20,4,DEP04,Sales,JOB07,Sales Executive,2024-06-01,20,32702.89,32702.89,3528.26,0,4,16,3
EMP0036-2024-07,EMP0036,Gilad Battaglia,Male,1975-07-06,2018-02-17,,Active,20,4,DEP04,Sales,JOB07,Sales Executive,2024-07-01,23,32702.89,32702.89,4585.22,0,1,4,3
EMP0036-2024-08,EMP0036,Gilad Battaglia,Male,1975-07-06,2018-02-17,,Active,20,4,DEP04,Sales,JOB07,Sales Executive,2024-08-01,22,32702.89,32702.89,0,0,1,1,2
EMP0036-2024-09,EMP0036,Gilad Battaglia,Male,1975-07-06,2018-02-17,,Active,20,4,DEP04,Sales,JOB07,Sales Executive,2024-09-01,21,32702.89,32702.89,0,12,4,0,3
EMP0036-2024-10,EMP0036,Gilad Battaglia,Male,1975-07-06,2018-02-17,,Active,20,4,DEP04,Sales,JOB07,Sales Executive,2024-10-01,23,32702.89,32702.89,3443.56,4,2,0,2
EMP0036-2024-11,EMP0036,Gilad Battaglia,Male,1975-07-06,2018-02-17,,Active,20,4,DEP04,Sales,JOB07,Sales Executive,2024-11-01,21,32702.89,32702.89,0,0,0,3,3
EMP0036-2024-12,EMP0036,Gilad Battaglia,Male,1975-07-06,2018-02-17,,Active,20,4,DEP04,Sales,JOB07,Sales Executive,2024-12-01,22,32702.89,32702.89,0,0,0,6,3
EMP0036-2025-01,EMP0036,Gilad Battaglia,Male,1975-07-06,2018-02-17,,Active,20,4,DEP04,Sales,JOB07,Sales Executive,2025-01-01,23,35036.66,35036.66,4162.96,24,3,0,3
EMP0036-2025-02,EMP0036,Gilad Battaglia,Male,1975-07-06,2018-02-17,,Active,20,4,DEP04,Sales,JOB07,Sales Executive,2025-02-01,20,35036.66,35036.66,0,0,4,7,3
EMP0036-2025-03,EMP0036,Gilad Battaglia,Male,1975-07-06,2018-02-17,,Active,20,4,DEP04,Sales,JOB07,Sales Executive,2025-03-01,21,35036.66,35036.66,0,20,2,9,3
EMP0036-2025-04,EMP0036,Gilad Battaglia,Male,1975-07-06,2018-02-17,,Active,20,4,DEP04,Sales,JOB07,Sales Executive,2025-04-01,22,35036.66,35036.66,1359.65,28,1,4,5
EMP0036-2025-05,EMP0036,Gilad Battaglia,Male,1975-07-06,2018-02-17,,Active,20,4,DEP04,Sales,JOB07,Sales Executive,2025-05-01,22,35036.66,35036.66,2534.1,14,1,4,3
EMP0036-2025-06,EMP0036,Gilad Battaglia,Male,1975-07-06,2018-02-17,,Active,20,4,DEP04,Sales,JOB07,Sales Executive,2025-06-01,21,35036.66,35036.66,0,0,1,0,3
EMP0036-2025-07,EMP0036,Gilad Battaglia,Male,1975-07-06,2018-02-17,,Active,20,4,DEP04,Sales,JOB07,Sales Executive,2025-07-01,23,35036.66,35036.66,0,0,0,0,3
EMP0036-2025-08,EMP0036,Gilad Battaglia,Male,1975-07-06,2018-02-17,,Active,20,4,DEP04,Sales,JOB07,Sales Executive,2025-08-01,21,35036.66,35036.66,4724.48,0,4,13,2
EMP0036-2025-09,EMP0036,Gilad Battaglia,Male,1975-07-06,2018-02-17,,Active,20,4,DEP04,Sales,JOB07,Sales Executive,2025-09-01,22,35036.66,35036.66,0,0,0,1,2
EMP0036-2025-10,EMP0036,Gilad Battaglia,Male,1975-07-06,2018-02-17,,Active,20,4,DEP04,Sales,JOB07,Sales Executive,2025-10-01,23,35036.66,35036.66,0,3,0,0,3
EMP0036-2025-11,EMP0036,Gilad Battaglia,Male,1975-07-06,2018-02-17,,Active,20,4,DEP04,Sales,JOB07,Sales Executive,2025-11-01,20,35036.66,35036.66,0,3,0,9,3
EMP0036-2025-12,EMP0036,Gilad Battaglia,Male,1975-07-06,2018-02-17,,Active,20,4,DEP04,Sales,JOB07,Sales Executive,2025-12-01,23,35036.66,35036.66,996.51,0,0,5,4
EMP0037-2024-01,EMP0037,Claudio Mizrahi,Male,1978-08-06,2019-03-07,,Active,7,3,DEP04,Sales,JOB07,Sales Executive,2024-01-01,23,28831.37,28831.37,0,0,0,1,3
EMP0037-2024-02,EMP0037,Claudio Mizrahi,Male,1978-08-06,2019-03-07,,Active,7,3,DEP04,Sales,JOB07,Sales Executive,2024-02-01,21,28831.37,28831.37,3583.03,4,0,6,4
EMP0037-2024-03,EMP0037,Claudio Mizrahi,Male,1978-08-06,2019-03-07,,Active,7,3,DEP04,Sales,JOB07,Sales Executive,2024-03-01,21,28831.37,28831.37,2798.81,9,0,7,2
EMP0037-2024-04,EMP0037,Claudio Mizrahi,Male,1978-08-06,2019-03-07,,Active,7,3,DEP04,Sales,JOB07,Sales Executive,2024-04-01,22,28831.37,28831.37,0,27,1,6,3
EMP0037-2024-05,EMP0037,Claudio Mizrahi,Male,1978-08-06,2019-03-07,,Active,7,3,DEP04,Sales,JOB07,Sales Executive,2024-05-01,23,28831.37,28831.37,0,5,1,0,3
EMP0037-2024-06,EMP0037,Claudio Mizrahi,Male,1978-08-06,2019-03-07,,Active,7,3,DEP04,Sales,JOB07,Sales Executive,2024-06-01,20,28831.37,28831.37,3083.81,24,2,3,5
EMP0037-2024-07,EMP0037,Claudio Mizrahi,Male,1978-08-06,2019-03-07,,Active,7,3,DEP04,Sales,JOB07,Sales Executive,2024-07-01,23,28831.37,28831.37,0,10,2,0,3
EMP0037-2024-08,EMP0037,Claudio Mizrahi,Male,1978-08-06,2019-03-07,,Active,7,3,DEP04,Sales,JOB07,Sales Executive,2024-08-01,22,28831.37,28831.37,0,13,0,1,2
EMP0037-2024-09,EMP0037,Claudio Mizrahi,Male,1978-08-06,2019-03-07,,Active,7,3,DEP04,Sales,JOB07,Sales Executive,2024-09-01,21,28831.37,28831.37,677.32,5,0,0,4
EMP0037-2024-10,EMP0037,Claudio Mizrahi,Male,1978-08-06,2019-03-07,,Active,7,3,DEP04,Sales,JOB07,Sales Executive,2024-10-01,23,28831.37,28831.37,0,0,0,0,4
EMP0037-2024-11,EMP0037,Claudio Mizrahi,Male,1978-08-06,2019-03-07,,Active,7,3,DEP04,Sales,JOB07,Sales Executive,2024-11-01,21,28831.37,28831.37,0,14,3,11,3
EMP0037-2024-12,EMP0037,Claudio Mizrahi,Male,1978-08-06,2019-03-07,,Active,7,3,DEP04,Sales,JOB07,Sales Executive,2024-12-01,22,28831.37,28831.37,2220.32,0,0,3,4
EMP0037-2025-01,EMP0037,Claudio Mizrahi,Male,1978-08-06,2019-03-07,,Active,7,3,DEP04,Sales,JOB07,Sales Executive,2025-01-01,23,30599.28,30599.28,0,7,0,0,3
EMP0037-2025-02,EMP0037,Claudio Mizrahi,Male,1978-08-06,2019-03-07,,Active,7,3,DEP04,Sales,JOB07,Sales Executive,2025-02-01,20,30599.28,30599.28,0,0,0,2,3
EMP0037-2025-03,EMP0037,Claudio Mizrahi,Male,1978-08-06,2019-03-07,,Active,7,3,DEP04,Sales,JOB07,Sales Executive,2025-03-01,21,30599.28,30599.28,0,0,1,3,3
EMP0037-2025-04,EMP0037,Claudio Mizrahi,Male,1978-08-06,2019-03-07,,Active,7,3,DEP04,Sales,JOB07,Sales Executive,2025-04-01,22,30599.28,30599.28,0,35,1,6,4
EMP0037-2025-05,EMP0037,Claudio Mizrahi,Male,1978-08-06,2019-03-07,,Active,7,3,DEP04,Sales,JOB07,Sales Executive,2025-05-01,22,30599.28,30599.28,1072.23,38,1,2,4
EMP0037-2025-06,EMP0037,Claudio Mizrahi,Male,1978-08-06,2019-03-07,,Active,7,3,DEP04,Sales,JOB07,Sales Executive,2025-06-01,21,30599.28,30599.28,0,0,0,5,4
EMP0037-2025-07,EMP0037,Claudio Mizrahi,Male,1978-08-06,2019-03-07,,Active,7,3,DEP04,Sales,JOB07,Sales Executive,2025-07-01,23,30599.28,30599.28,0,25,0,11,2
EMP0037-2025-08,EMP0037,Claudio Mizrahi,Male,1978-08-06,2019-03-07,,Active,7,3,DEP04,Sales,JOB07,Sales Executive,2025-08-01,21,30599.28,30599.28,4381.15,18,0,7,4
EMP0037-2025-09,EMP0037,Claudio Mizrahi,Male,1978-08-06,2019-03-07,,Active,7,3,DEP04,Sales,JOB07,Sales Executive,2025-09-01,22,30599.28,30599.28,2659.99,9,1,0,3
EMP0037-2025-10,EMP0037,Claudio Mizrahi,Male,1978-08-06,2019-03-07,,Active,7,3,DEP04,Sales,JOB07,Sales Executive,2025-10-01,23,30599.28,30599.28,4026.96,5,0,4,4
EMP0037-2025-11,EMP0037,Claudio Mizrahi,Male,1978-08-06,2019-03-07,,Active,7,3,DEP04,Sales,JOB07,Sales Executive,2025-11-01,20,30599.28,30599.28,0,2,1,3,4
EMP0037-2025-12,EMP0037,Claudio Mizrahi,Male,1978-08-06,2019-03-07,,Active,7,3,DEP04,Sales,JOB07,Sales Executive,2025-12-01,23,30599.28,30599.28,3713.44,0,2,1,3
EMP0038-2024-01,EMP0038,Sonia Abu Dawoud,Female,1983-05-14,2022-12-09,,Active,2,2,DEP02,Finance,JOB04,Financial Analyst,2024-01-01,23,16775.36,16775.36,0,0,1,1,4
EMP0038-2024-02,EMP0038,Sonia Abu Dawoud,Female,1983-05-14,2022-12-09,,Active,2,2,DEP02,Finance,JOB04,Financial Analyst,2024-02-01,21,16775.36,16775.36,1897.4,6,0,6,3
EMP0038-2024-03,EMP0038,Sonia Abu Dawoud,Female,1983-05-14,2022-12-09,,Active,2,2,DEP02,Finance,JOB04,Financial Analyst,2024-03-01,21,16775.36,16775.36,0,0,0,14,4
EMP0038-2024-04,EMP0038,Sonia Abu Dawoud,Female,1983-05-14,2022-12-09,,Active,2,2,DEP02,Finance,JOB04,Financial Analyst,2024-04-01,22,16775.36,16775.36,1596.85,5,1,4,4
EMP0038-2024-05,EMP0038,Sonia Abu Dawoud,Female,1983-05-14,2022-12-09,,Active,2,2,DEP02,Finance,JOB04,Financial Analyst,2024-05-01,23,16775.36,16775.36,2077.95,0,2,11,4
EMP0038-2024-06,EMP0038,Sonia Abu Dawoud,Female,1983-05-14,2022-12-09,,Active,2,2,DEP02,Finance,JOB04,Financial Analyst,2024-06-01,20,16775.36,16775.36,0,0,1,0,3
EMP0038-2024-07,EMP0038,Sonia Abu Dawoud,Female,1983-05-14,2022-12-09,,Active,2,2,DEP02,Finance,JOB04,Financial Analyst,2024-07-01,23,16775.36,16775.36,0,0,0,3,4
EMP0038-2024-08,EMP0038,Sonia Abu Dawoud,Female,1983-05-14,2022-12-09,,Active,2,2,DEP02,Finance,JOB04,Financial Analyst,2024-08-01,22,16775.36,16775.36,0,0,0,8,4
EMP0038-2024-09,EMP0038,Sonia Abu Dawoud,Female,1983-05-14,2022-12-09,,Active,2,2,DEP02,Finance,JOB04,Financial Analyst,2024-09-01,21,16775.36,16775.36,1605.81,3,1,0,3
EMP0038-2024-10,EMP0038,Sonia Abu Dawoud,Female,1983-05-14,2022-12-09,,Active,2,2,DEP02,Finance,JOB04,Financial Analyst,2024-10-01,23,16775.36,16775.36,0,0,3,8,3
EMP0038-2024-11,EMP0038,Sonia Abu Dawoud,Female,1983-05-14,2022-12-09,,Active,2,2,DEP02,Finance,JOB04,Financial Analyst,2024-11-01,21,16775.36,16775.36,0,29,0,0,3
EMP0038-2024-12,EMP0038,Sonia Abu Dawoud,Female,1983-05-14,2022-12-09,,Active,2,2,DEP02,Finance,JOB04,Financial Analyst,2024-12-01,22,16775.36,16775.36,1500.79,5,0,0,4
EMP0038-2025-01,EMP0038,Sonia Abu Dawoud,Female,1983-05-14,2022-12-09,,Active,2,2,DEP02,Finance,JOB04,Financial Analyst,2025-01-01,23,17672.21,17672.21,1008.31,0,0,0,4
EMP0038-2025-02,EMP0038,Sonia Abu Dawoud,Female,1983-05-14,2022-12-09,,Active,2,2,DEP02,Finance,JOB04,Financial Analyst,2025-02-01,20,17672.21,17672.21,0,36,0,0,4
EMP0038-2025-03,EMP0038,Sonia Abu Dawoud,Female,1983-05-14,2022-12-09,,Active,2,2,DEP02,Finance,JOB04,Financial Analyst,2025-03-01,21,17672.21,17672.21,1011.31,9,2,7,3
EMP0038-2025-04,EMP0038,Sonia Abu Dawoud,Female,1983-05-14,2022-12-09,,Active,2,2,DEP02,Finance,JOB04,Financial Analyst,2025-04-01,22,17672.21,17672.21,459.86,22,0,2,3
EMP0038-2025-05,EMP0038,Sonia Abu Dawoud,Female,1983-05-14,2022-12-09,,Active,2,2,DEP02,Finance,JOB04,Financial Analyst,2025-05-01,22,17672.21,17672.21,0,10,0,3,4
EMP0038-2025-06,EMP0038,Sonia Abu Dawoud,Female,1983-05-14,2022-12-09,,Active,2,2,DEP02,Finance,JOB04,Financial Analyst,2025-06-01,21,17672.21,17672.21,2562.4,1,0,0,4
EMP0038-2025-07,EMP0038,Sonia Abu Dawoud,Female,1983-05-14,2022-12-09,,Active,2,2,DEP02,Finance,JOB04,Financial Analyst,2025-07-01,23,17672.21,17672.21,0,0,0,4,3
EMP0038-2025-08,EMP0038,Sonia Abu Dawoud,Female,1983-05-14,2022-12-09,,Active,2,2,DEP02,Finance,JOB04,Financial Analyst,2025-08-01,21,17672.21,17672.21,0,32,1,3,3
EMP0038-2025-09,EMP0038,Sonia Abu Dawoud,Female,1983-05-14,2022-12-09,,Active,2,2,DEP02,Finance,JOB04,Financial Analyst,2025-09-01,22,17672.21,17672.21,1824.03,8,1,0,3
EMP0038-2025-10,EMP0038,Sonia Abu Dawoud,Female,1983-05-14,2022-12-09,,Active,2,2,DEP02,Finance,JOB04,Financial Analyst,2025-10-01,23,17672.21,17672.21,412.5,14,3,14,2
EMP0038-2025-11,EMP0038,Sonia Abu Dawoud,Female,1983-05-14,2022-12-09,,Active,2,2,DEP02,Finance,JOB04,Financial Analyst,2025-11-01,20,17672.21,17672.21,0,22,2,0,2
EMP0038-2025-12,EMP0038,Sonia Abu Dawoud,Female,1983-05-14,2022-12-09,,Active,2,2,DEP02,Finance,JOB04,Financial Analyst,2025-12-01,23,17672.21,17672.21,0,0,2,0,3
EMP0039-2024-01,EMP0039,Gideon Byaruhanga,Male,1995-05-04,2021-12-07,,Active,2,2,DEP03,Information Technology,JOB06,IT Support Specialist,2024-01-01,23,15493.79,15493.79,0,2,4,4,2
EMP0039-2024-02,EMP0039,Gideon Byaruhanga,Male,1995-05-04,2021-12-07,,Active,2,2,DEP03,Information Technology,JOB06,IT Support Specialist,2024-02-01,21,15493.79,15493.79,0,0,1,13,3
EMP0039-2024-03,EMP0039,Gideon Byaruhanga,Male,1995-05-04,2021-12-07,,Active,2,2,DEP03,Information Technology,JOB06,IT Support Specialist,2024-03-01,21,15493.79,15493.79,0,5,0,8,4
EMP0039-2024-04,EMP0039,Gideon Byaruhanga,Male,1995-05-04,2021-12-07,,Active,2,2,DEP03,Information Technology,JOB06,IT Support Specialist,2024-04-01,22,15493.79,15493.79,0,8,3,5,4
EMP0039-2024-05,EMP0039,Gideon Byaruhanga,Male,1995-05-04,2021-12-07,,Active,2,2,DEP03,Information Technology,JOB06,IT Support Specialist,2024-05-01,23,15493.79,15493.79,1197.13,9,2,5,4
EMP0039-2024-06,EMP0039,Gideon Byaruhanga,Male,1995-05-04,2021-12-07,,Active,2,2,DEP03,Information Technology,JOB06,IT Support Specialist,2024-06-01,20,15493.79,15493.79,2226.45,36,2,0,4
EMP0039-2024-07,EMP0039,Gideon Byaruhanga,Male,1995-05-04,2021-12-07,,Active,2,2,DEP03,Information Technology,JOB06,IT Support Specialist,2024-07-01,23,15493.79,15493.79,2174.13,34,0,0,4
EMP0039-2024-08,EMP0039,Gideon Byaruhanga,Male,1995-05-04,2021-12-07,,Active,2,2,DEP03,Information Technology,JOB06,IT Support Specialist,2024-08-01,22,15493.79,15493.79,0,0,1,6,3
EMP0039-2024-09,EMP0039,Gideon Byaruhanga,Male,1995-05-04,2021-12-07,,Active,2,2,DEP03,Information Technology,JOB06,IT Support Specialist,2024-09-01,21,15493.79,15493.79,0,7,1,0,3
EMP0039-2024-10,EMP0039,Gideon Byaruhanga,Male,1995-05-04,2021-12-07,,Active,2,2,DEP03,Information Technology,JOB06,IT Support Specialist,2024-10-01,23,15493.79,15493.79,0,16,0,14,3
EMP0039-2024-11,EMP0039,Gideon Byaruhanga,Male,1995-05-04,2021-12-07,,Active,2,2,DEP03,Information Technology,JOB06,IT Support Specialist,2024-11-01,21,15493.79,15493.79,0,0,1,4,3
EMP0039-2024-12,EMP0039,Gideon Byaruhanga,Male,1995-05-04,2021-12-07,,Active,2,2,DEP03,Information Technology,JOB06,IT Support Specialist,2024-12-01,22,15493.79,15493.79,1605.47,6,1,0,3
EMP0039-2025-01,EMP0039,Gideon Byaruhanga,Male,1995-05-04,2021-12-07,,Active,2,2,DEP03,Information Technology,JOB06,IT Support Specialist,2025-01-01,23,17079.25,17079.25,1785.77,0,0,0,4
EMP0039-2025-02,EMP0039,Gideon Byaruhanga,Male,1995-05-04,2021-12-07,,Active,2,2,DEP03,Information Technology,JOB06,IT Support Specialist,2025-02-01,20,17079.25,17079.25,825.44,5,0,3,3
EMP0039-2025-03,EMP0039,Gideon Byaruhanga,Male,1995-05-04,2021-12-07,,Active,2,2,DEP03,Information Technology,JOB06,IT Support Specialist,2025-03-01,21,17079.25,17079.25,432.84,0,1,0,4
EMP0039-2025-04,EMP0039,Gideon Byaruhanga,Male,1995-05-04,2021-12-07,,Active,2,2,DEP03,Information Technology,JOB06,IT Support Specialist,2025-04-01,22,17079.25,17079.25,600.08,29,3,8,3
EMP0039-2025-05,EMP0039,Gideon Byaruhanga,Male,1995-05-04,2021-12-07,,Active,2,2,DEP03,Information Technology,JOB06,IT Support Specialist,2025-05-01,22,17079.25,17079.25,0,0,0,12,4
EMP0039-2025-06,EMP0039,Gideon Byaruhanga,Male,1995-05-04,2021-12-07,,Active,2,2,DEP03,Information Technology,JOB06,IT Support Specialist,2025-06-01,21,17079.25,17079.25,0,19,1,3,3
EMP0039-2025-07,EMP0039,Gideon Byaruhanga,Male,1995-05-04,2021-12-07,,Active,2,2,DEP03,Information Technology,JOB06,IT Support Specialist,2025-07-01,23,17079.25,17079.25,0,2,2,3,4
EMP0039-2025-08,EMP0039,Gideon Byaruhanga,Male,1995-05-04,2021-12-07,,Active,2,2,DEP03,Information Technology,JOB06,IT Support Specialist,2025-08-01,21,17079.25,17079.25,0,7,2,1,4
EMP0039-2025-09,EMP0039,Gideon Byaruhanga,Male,1995-05-04,2021-12-07,,Active,2,2,DEP03,Information Technology,JOB06,IT Support Specialist,2025-09-01,22,17079.25,17079.25,0,7,0,4,4
EMP0039-2025-10,EMP0039,Gideon Byaruhanga,Male,1995-05-04,2021-12-07,,Active,2,2,DEP03,Information Technology,JOB06,IT Support Specialist,2025-10-01,23,17079.25,17079.25,0,8,4,0,4
EMP0039-2025-11,EMP0039,Gideon Byaruhanga,Male,1995-05-04,2021-12-07,,Active,2,2,DEP03,Information Technology,JOB06,IT Support Specialist,2025-11-01,20,17079.25,17079.25,2430.45,4,1,0,4
EMP0039-2025-12,EMP0039,Gideon Byaruhanga,Male,1995-05-04,2021-12-07,,Active,2,2,DEP03,Information Technology,JOB06,IT Support Specialist,2025-12-01,23,17079.25,17079.25,0,20,1,6,4
EMP0040-2024-10,EMP0040,Albert Gjergji,Male,1987-07-17,2024-10-24,2024-11-24,Left,5,2,DEP06,Operations,JOB12,Supply Chain Analyst,2024-10-01,6,18838.93,4914.5,0,12,0,0,4
EMP0040-2024-11,EMP0040,Albert Gjergji,Male,1987-07-17,2024-10-24,2024-11-24,Left,5,2,DEP06,Operations,JOB12,Supply Chain Analyst,2024-11-01,16,18838.93,14353.47,0,9,0,9,3
EMP0041-2024-01,EMP0041,Brooke Björnsson,Female,1995-12-24,2022-04-20,2024-03-15,Left,1,1,DEP03,Information Technology,JOB05,Software Engineer,2024-01-01,23,11915.01,11915.01,0,0,1,2,3
EMP0041-2024-02,EMP0041,Brooke Björnsson,Female,1995-12-24,2022-04-20,2024-03-15,Left,1,1,DEP03,Information Technology,JOB05,Software Engineer,2024-02-01,21,11915.01,11915.01,642.97,17,0,5,3
EMP0041-2024-03,EMP0041,Brooke Björnsson,Female,1995-12-24,2022-04-20,2024-03-15,Left,1,1,DEP03,Information Technology,JOB05,Software Engineer,2024-03-01,11,11915.01,6241.2,0,0,0,11,3
EMP0042-2024-01,EMP0042,Jacques Tam,Male,1995-12-20,2022-02-17,,Active,3,1,DEP06,Operations,JOB12,Supply Chain Analyst,2024-01-01,23,12264.69,12264.69,0,19,0,16,3
EMP0042-2024-02,EMP0042,Jacques Tam,Male,1995-12-20,2022-02-17,,Active,3,1,DEP06,Operations,JOB12,Supply Chain Analyst,2024-02-01,21,12264.69,12264.69,1355.76,0,2,10,3
EMP0042-2024-03,EMP0042,Jacques Tam,Male,1995-12-20,2022-02-17,,Active,3,1,DEP06,Operations,JOB12,Supply Chain Analyst,2024-03-01,21,12264.69,12264.69,0,0,0,0,3
EMP0042-2024-04,EMP0042,Jacques Tam,Male,1995-12-20,2022-02-17,,Active,3,1,DEP06,Operations,JOB12,Supply Chain Analyst,2024-04-01,22,12264.69,12264.69,1063.89,0,0,0,3
EMP0042-2024-05,EMP0042,Jacques Tam,Male,1995-12-20,2022-02-17,,Active,3,1,DEP06,Operations,JOB12,Supply Chain Analyst,2024-05-01,23,12264.69,12264.69,1213.31,10,1,6,3
EMP0042-2024-06,EMP0042,Jacques Tam,Male,1995-12-20,2022-02-17,,Active,3,1,DEP06,Operations,JOB12,Supply Chain Analyst,2024-06-01,20,12264.69,12264.69,445.86,7,0,2,4
EMP0042-2024-07,EMP0042,Jacques Tam,Male,1995-12-20,2022-02-17,,Active,3,1,DEP06,Operations,JOB12,Supply Chain Analyst,2024-07-01,23,12264.69,12264.69,807.13,0,2,0,3
EMP0042-2024-08,EMP0042,Jacques Tam,Male,1995-12-20,2022-02-17,,Active,3,1,DEP06,Operations,JOB12,Supply Chain Analyst,2024-08-01,22,12264.69,12264.69,0,24,0,4,4
EMP0042-2024-09,EMP0042,Jacques Tam,Male,1995-12-20,2022-02-17,,Active,3,1,DEP06,Operations,JOB12,Supply Chain Analyst,2024-09-01,21,12264.69,12264.69,652.83,34,1,8,5
EMP0042-2024-10,EMP0042,Jacques Tam,Male,1995-12-20,2022-02-17,,Active,3,1,DEP06,Operations,JOB12,Supply Chain Analyst,2024-10-01,23,12264.69,12264.69,0,0,2,16,4
EMP0042-2024-11,EMP0042,Jacques Tam,Male,1995-12-20,2022-02-17,,Active,3,1,DEP06,Operations,JOB12,Supply Chain Analyst,2024-11-01,21,12264.69,12264.69,0,0,0,0,4
EMP0042-2024-12,EMP0042,Jacques Tam,Male,1995-12-20,2022-02-17,,Active,3,1,DEP06,Operations,JOB12,Supply Chain Analyst,2024-12-01,22,12264.69,12264.69,0,9,1,6,3
EMP0042-2025-01,EMP0042,Jacques Tam,Male,1995-12-20,2022-02-17,,Active,3,1,DEP06,Operations,JOB12,Supply Chain Analyst,2025-01-01,23,13093.21,13093.21,0,3,2,0,4
EMP0042-2025-02,EMP0042,Jacques Tam,Male,1995-12-20,2022-02-17,,Active,3,1,DEP06,Operations,JOB12,Supply Chain Analyst,2025-02-01,20,13093.21,13093.21,1668.67,23,1,1,3
EMP0042-2025-03,EMP0042,Jacques Tam,Male,1995-12-20,2022-02-17,,Active,3,1,DEP06,Operations,JOB12,Supply Chain Analyst,2025-03-01,21,13093.21,13093.21,0,15,1,16,3
EMP0042-2025-04,EMP0042,Jacques Tam,Male,1995-12-20,2022-02-17,,Active,3,1,DEP06,Operations,JOB12,Supply Chain Analyst,2025-04-01,22,13093.21,13093.21,689.29,4,0,6,4
EMP0042-2025-05,EMP0042,Jacques Tam,Male,1995-12-20,2022-02-17,,Active,3,1,DEP06,Operations,JOB12,Supply Chain Analyst,2025-05-01,22,13093.21,13093.21,0,0,0,4,3
EMP0042-2025-06,EMP0042,Jacques Tam,Male,1995-12-20,2022-02-17,,Active,3,1,DEP06,Operations,JOB12,Supply Chain Analyst,2025-06-01,21,13093.21,13093.21,1785.85,17,0,0,4
EMP0042-2025-07,EMP0042,Jacques Tam,Male,1995-12-20,2022-02-17,,Active,3,1,DEP06,Operations,JOB12,Supply Chain Analyst,2025-07-01,23,13093.21,13093.21,1138.76,0,1,10,3
EMP0042-2025-08,EMP0042,Jacques Tam,Male,1995-12-20,2022-02-17,,Active,3,1,DEP06,Operations,JOB12,Supply Chain Analyst,2025-08-01,21,13093.21,13093.21,1022.61,27,3,5,4
EMP0042-2025-09,EMP0042,Jacques Tam,Male,1995-12-20,2022-02-17,,Active,3,1,DEP06,Operations,JOB12,Supply Chain Analyst,2025-09-01,22,13093.21,13093.21,0,25,3,13,3
EMP0042-2025-10,EMP0042,Jacques Tam,Male,1995-12-20,2022-02-17,,Active,3,1,DEP06,Operations,JOB12,Supply Chain Analyst,2025-10-01,23,13093.21,13093.21,0,14,0,7,4
EMP0042-2025-11,EMP0042,Jacques Tam,Male,1995-12-20,2022-02-17,,Active,3,1,DEP06,Operations,JOB12,Supply Chain Analyst,2025-11-01,20,13093.21,13093.21,827.29,5,2,15,4
EMP0042-2025-12,EMP0042,Jacques Tam,Male,1995-12-20,2022-02-17,,Active,3,1,DEP06,Operations,JOB12,Supply Chain Analyst,2025-12-01,23,13093.21,13093.21,0,6,0,13,4
EMP0043-2024-01,EMP0043,Lúcia Medina,Female,1979-05-18,2017-05-02,,Active,7,3,DEP01,Human Resources,JOB02,Recruiter,2024-01-01,23,26051.64,26051.64,0,0,0,1,3
EMP0043-2024-02,EMP0043,Lúcia Medina,Female,1979-05-18,2017-05-02,,Active,7,3,DEP01,Human Resources,JOB02,Recruiter,2024-02-01,21,26051.64,26051.64,0,13,1,2,4
EMP0043-2024-03,EMP0043,Lúcia Medina,Female,1979-05-18,2017-05-02,,Active,7,3,DEP01,Human Resources,JOB02,Recruiter,2024-03-01,21,26051.64,26051.64,0,2,0,0,3
EMP0043-2024-04,EMP0043,Lúcia Medina,Female,1979-05-18,2017-05-02,,Active,7,3,DEP01,Human Resources,JOB02,Recruiter,2024-04-01,22,26051.64,26051.64,2578.15,1,0,0,3
EMP0043-2024-05,EMP0043,Lúcia Medina,Female,1979-05-18,2017-05-02,,Active,7,3,DEP01,Human Resources,JOB02,Recruiter,2024-05-01,23,26051.64,26051.64,0,0,0,5,3
EMP0043-2024-06,EMP0043,Lúcia Medina,Female,1979-05-18,2017-05-02,,Active,7,3,DEP01,Human Resources,JOB02,Recruiter,2024-06-01,20,26051.64,26051.64,3899.85,0,0,0,4
EMP0043-2024-07,EMP0043,Lúcia Medina,Female,1979-05-18,2017-05-02,,Active,7,3,DEP01,Human Resources,JOB02,Recruiter,2024-07-01,23,26051.64,26051.64,1127.05,8,0,0,3
EMP0043-2024-08,EMP0043,Lúcia Medina,Female,1979-05-18,2017-05-02,,Active,7,3,DEP01,Human Resources,JOB02,Recruiter,2024-08-01,22,26051.64,26051.64,3371.37,0,3,8,4
EMP0043-2024-09,EMP0043,Lúcia Medina,Female,1979-05-18,2017-05-02,,Active,7,3,DEP01,Human Resources,JOB02,Recruiter,2024-09-01,21,26051.64,26051.64,0,11,2,0,3
EMP0043-2024-10,EMP0043,Lúcia Medina,Female,1979-05-18,2017-05-02,,Active,7,3,DEP01,Human Resources,JOB02,Recruiter,2024-10-01,23,26051.64,26051.64,0,2,2,0,3
EMP0043-2024-11,EMP0043,Lúcia Medina,Female,1979-05-18,2017-05-02,,Active,7,3,DEP01,Human Resources,JOB02,Recruiter,2024-11-01,21,26051.64,26051.64,0,14,2,0,3
EMP0043-2024-12,EMP0043,Lúcia Medina,Female,1979-05-18,2017-05-02,,Active,7,3,DEP01,Human Resources,JOB02,Recruiter,2024-12-01,22,26051.64,26051.64,0,35,2,7,4
EMP0043-2025-01,EMP0043,Lúcia Medina,Female,1979-05-18,2017-05-02,,Active,7,3,DEP01,Human Resources,JOB02,Recruiter,2025-01-01,23,28074.77,28074.77,2923.31,4,1,0,4
EMP0043-2025-02,EMP0043,Lúcia Medina,Female,1979-05-18,2017-05-02,,Active,7,3,DEP01,Human Resources,JOB02,Recruiter,2025-02-01,20,28074.77,28074.77,0,12,0,11,3
EMP0043-2025-03,EMP0043,Lúcia Medina,Female,1979-05-18,2017-05-02,,Active,7,3,DEP01,Human Resources,JOB02,Recruiter,2025-03-01,21,28074.77,28074.77,0,10,1,0,3
EMP0043-2025-04,EMP0043,Lúcia Medina,Female,1979-05-18,2017-05-02,,Active,7,3,DEP01,Human Resources,JOB02,Recruiter,2025-04-01,22,28074.77,28074.77,0,0,2,6,4
EMP0043-2025-05,EMP0043,Lúcia Medina,Female,1979-05-18,2017-05-02,,Active,7,3,DEP01,Human Resources,JOB02,Recruiter,2025-05-01,22,28074.77,28074.77,618.77,0,0,3,3
EMP0043-2025-06,EMP0043,Lúcia Medina,Female,1979-05-18,2017-05-02,,Active,7,3,DEP01,Human Resources,JOB02,Recruiter,2025-06-01,21,28074.77,28074.77,1865.09,32,2,0,3
EMP0043-2025-07,EMP0043,Lúcia Medina,Female,1979-05-18,2017-05-02,,Active,7,3,DEP01,Human Resources,JOB02,Recruiter,2025-07-01,23,28074.77,28074.77,0,6,2,1,3
EMP0043-2025-08,EMP0043,Lúcia Medina,Female,1979-05-18,2017-05-02,,Active,7,3,DEP01,Human Resources,JOB02,Recruiter,2025-08-01,21,28074.77,28074.77,0,6,1,0,3
EMP0043-2025-09,EMP0043,Lúcia Medina,Female,1979-05-18,2017-05-02,,Active,7,3,DEP01,Human Resources,JOB02,Recruiter,2025-09-01,22,28074.77,28074.77,1949.59,0,0,3,3
EMP0043-2025-10,EMP0043,Lúcia Medina,Female,1979-05-18,2017-05-02,,Active,7,3,DEP01,Human Resources,JOB02,Recruiter,2025-10-01,23,28074.77,28074.77,1493.75,0,0,0,2
EMP0043-2025-11,EMP0043,Lúcia Medina,Female,1979-05-18,2017-05-02,,Active,7,3,DEP01,Human Resources,JOB02,Recruiter,2025-11-01,20,28074.77,28074.77,0,0,0,1,2
EMP0043-2025-12,EMP0043,Lúcia Medina,Female,1979-05-18,2017-05-02,,Active,7,3,DEP01,Human Resources,JOB02,Recruiter,2025-12-01,23,28074.77,28074.77,0,35,1,2,3
EMP0044-2024-01,EMP0044,Sabah Kiniaua,Female,1994-05-21,2022-12-31,,Active,6,3,DEP06,Operations,JOB11,Operations Coordinator,2024-01-01,23,19564.14,19564.14,0,25,3,0,2
EMP0044-2024-02,EMP0044,Sabah Kiniaua,Female,1994-05-21,2022-12-31,,Active,6,3,DEP06,Operations,JOB11,Operations Coordinator,2024-02-01,21,19564.14,19564.14,0,0,1,7,3
EMP0044-2024-03,EMP0044,Sabah Kiniaua,Female,1994-05-21,2022-12-31,,Active,6,3,DEP06,Operations,JOB11,Operations Coordinator,2024-03-01,21,19564.14,19564.14,2355.73,37,0,10,2
EMP0044-2024-04,EMP0044,Sabah Kiniaua,Female,1994-05-21,2022-12-31,,Active,6,3,DEP06,Operations,JOB11,Operations Coordinator,2024-04-01,22,19564.14,19564.14,0,8,0,14,3
EMP0044-2024-05,EMP0044,Sabah Kiniaua,Female,1994-05-21,2022-12-31,,Active,6,3,DEP06,Operations,JOB11,Operations Coordinator,2024-05-01,23,19564.14,19564.14,0,0,0,8,3
EMP0044-2024-06,EMP0044,Sabah Kiniaua,Female,1994-05-21,2022-12-31,,Active,6,3,DEP06,Operations,JOB11,Operations Coordinator,2024-06-01,20,19564.14,19564.14,803.61,7,1,6,3
EMP0044-2024-07,EMP0044,Sabah Kiniaua,Female,1994-05-21,2022-12-31,,Active,6,3,DEP06,Operations,JOB11,Operations Coordinator,2024-07-01,23,19564.14,19564.14,0,29,2,8,4
EMP0044-2024-08,EMP0044,Sabah Kiniaua,Female,1994-05-21,2022-12-31,,Active,6,3,DEP06,Operations,JOB11,Operations Coordinator,2024-08-01,22,19564.14,19564.14,0,18,3,0,2
EMP0044-2024-09,EMP0044,Sabah Kiniaua,Female,1994-05-21,2022-12-31,,Active,6,3,DEP06,Operations,JOB11,Operations Coordinator,2024-09-01,21,19564.14,19564.14,0,17,1,3,4
EMP0044-2024-10,EMP0044,Sabah Kiniaua,Female,1994-05-21,2022-12-31,,Active,6,3,DEP06,Operations,JOB11,Operations Coordinator,2024-10-01,23,19564.14,19564.14,1497.58,0,1,0,4
EMP0044-2024-11,EMP0044,Sabah Kiniaua,Female,1994-05-21,2022-12-31,,Active,6,3,DEP06,Operations,JOB11,Operations Coordinator,2024-11-01,21,19564.14,19564.14,0,0,0,1,3
EMP0044-2024-12,EMP0044,Sabah Kiniaua,Female,1994-05-21,2022-12-31,,Active,6,3,DEP06,Operations,JOB11,Operations Coordinator,2024-12-01,22,19564.14,19564.14,877.03,0,3,2,3
EMP0044-2025-01,EMP0044,Sabah Kiniaua,Female,1994-05-21,2022-12-31,,Active,6,3,DEP06,Operations,JOB11,Operations Coordinator,2025-01-01,23,20748.19,20748.19,0,0,2,5,3
EMP0044-2025-02,EMP0044,Sabah Kiniaua,Female,1994-05-21,2022-12-31,,Active,6,3,DEP06,Operations,JOB11,Operations Coordinator,2025-02-01,20,20748.19,20748.19,0,1,0,0,3
EMP0044-2025-03,EMP0044,Sabah Kiniaua,Female,1994-05-21,2022-12-31,,Active,6,3,DEP06,Operations,JOB11,Operations Coordinator,2025-03-01,21,20748.19,20748.19,0,11,2,0,3
EMP0044-2025-04,EMP0044,Sabah Kiniaua,Female,1994-05-21,2022-12-31,,Active,6,3,DEP06,Operations,JOB11,Operations Coordinator,2025-04-01,22,20748.19,20748.19,0,0,4,6,3
EMP0044-2025-05,EMP0044,Sabah Kiniaua,Female,1994-05-21,2022-12-31,,Active,6,3,DEP06,Operations,JOB11,Operations Coordinator,2025-05-01,22,20748.19,20748.19,2411.92,33,3,3,3
EMP0044-2025-06,EMP0044,Sabah Kiniaua,Female,1994-05-21,2022-12-31,,Active,6,3,DEP06,Operations,JOB11,Operations Coordinator,2025-06-01,21,20748.19,20748.19,0,22,4,3,3
EMP0044-2025-07,EMP0044,Sabah Kiniaua,Female,1994-05-21,2022-12-31,,Active,6,3,DEP06,Operations,JOB11,Operations Coordinator,2025-07-01,23,20748.19,20748.19,0,0,0,4,3
EMP0044-2025-08,EMP0044,Sabah Kiniaua,Female,1994-05-21,2022-12-31,,Active,6,3,DEP06,Operations,JOB11,Operations Coordinator,2025-08-01,21,20748.19,20748.19,1717.23,0,1,8,2
EMP0044-2025-09,EMP0044,Sabah Kiniaua,Female,1994-05-21,2022-12-31,,Active,6,3,DEP06,Operations,JOB11,Operations Coordinator,2025-09-01,22,20748.19,20748.19,749.73,0,3,0,4
EMP0044-2025-10,EMP0044,Sabah Kiniaua,Female,1994-05-21,2022-12-31,,Active,6,3,DEP06,Operations,JOB11,Operations Coordinator,2025-10-01,23,20748.19,20748.19,678.82,5,1,0,3
EMP0044-2025-11,EMP0044,Sabah Kiniaua,Female,1994-05-21,2022-12-31,,Active,6,3,DEP06,Operations,JOB11,Operations Coordinator,2025-11-01,20,20748.19,20748.19,0,1,0,0,3
EMP0044-2025-12,EMP0044,Sabah Kiniaua,Female,1994-05-21,2022-12-31,,Active,6,3,DEP06,Operations,JOB11,Operations Coordinator,2025-12-01,23,20748.19,20748.19,0,10,0,0,4
EMP0045-2025-04,EMP0045,Jake Siewcharran,Male,1996-07-20,2025-04-09,2025-07-07,Left,4,2,DEP05,Marketing,JOB09,Marketing Specialist,2025-04-01,16,16167,11757.82,0,5,0,0,4
EMP0045-2025-05,EMP0045,Jake Siewcharran,Male,1996-07-20,2025-04-09,2025-07-07,Left,4,2,DEP05,Marketing,JOB09,Marketing Specialist,2025-05-01,22,16167,16167,2044.45,0,0,0,4
EMP0045-2025-06,EMP0045,Jake Siewcharran,Male,1996-07-20,2025-04-09,2025-07-07,Left,4,2,DEP05,Marketing,JOB09,Marketing Specialist,2025-06-01,21,16167,16167,0,0,1,7,4
EMP0045-2025-07,EMP0045,Jake Siewcharran,Male,1996-07-20,2025-04-09,2025-07-07,Left,4,2,DEP05,Marketing,JOB09,Marketing Specialist,2025-07-01,5,16167,3514.57,0,10,0,0,4
EMP0046-2024-07,EMP0046,Ngonidzashe Edwards,Male,1981-01-03,2024-06-30,,Active,5,2,DEP02,Finance,JOB03,Accountant,2024-07-01,23,18665.1,18665.1,0,22,0,0,3
EMP0046-2024-08,EMP0046,Ngonidzashe Edwards,Male,1981-01-03,2024-06-30,,Active,5,2,DEP02,Finance,JOB03,Accountant,2024-08-01,22,18665.1,18665.1,0,2,2,4,3
EMP0046-2024-09,EMP0046,Ngonidzashe Edwards,Male,1981-01-03,2024-06-30,,Active,5,2,DEP02,Finance,JOB03,Accountant,2024-09-01,21,18665.1,18665.1,0,0,1,0,3
EMP0046-2024-10,EMP0046,Ngonidzashe Edwards,Male,1981-01-03,2024-06-30,,Active,5,2,DEP02,Finance,JOB03,Accountant,2024-10-01,23,18665.1,18665.1,0,12,3,3,3
EMP0046-2024-11,EMP0046,Ngonidzashe Edwards,Male,1981-01-03,2024-06-30,,Active,5,2,DEP02,Finance,JOB03,Accountant,2024-11-01,21,18665.1,18665.1,0,6,4,0,2
EMP0046-2024-12,EMP0046,Ngonidzashe Edwards,Male,1981-01-03,2024-06-30,,Active,5,2,DEP02,Finance,JOB03,Accountant,2024-12-01,22,18665.1,18665.1,0,10,1,2,3
EMP0046-2025-01,EMP0046,Ngonidzashe Edwards,Male,1981-01-03,2024-06-30,,Active,5,2,DEP02,Finance,JOB03,Accountant,2025-01-01,23,20290.25,20290.25,0,40,1,0,3
EMP0046-2025-02,EMP0046,Ngonidzashe Edwards,Male,1981-01-03,2024-06-30,,Active,5,2,DEP02,Finance,JOB03,Accountant,2025-02-01,20,20290.25,20290.25,0,0,2,10,3
EMP0046-2025-03,EMP0046,Ngonidzashe Edwards,Male,1981-01-03,2024-06-30,,Active,5,2,DEP02,Finance,JOB03,Accountant,2025-03-01,21,20290.25,20290.25,2943.76,13,0,0,5
EMP0046-2025-04,EMP0046,Ngonidzashe Edwards,Male,1981-01-03,2024-06-30,,Active,5,2,DEP02,Finance,JOB03,Accountant,2025-04-01,22,20290.25,20290.25,0,0,1,0,3
EMP0046-2025-05,EMP0046,Ngonidzashe Edwards,Male,1981-01-03,2024-06-30,,Active,5,2,DEP02,Finance,JOB03,Accountant,2025-05-01,22,20290.25,20290.25,0,0,0,5,3
EMP0046-2025-06,EMP0046,Ngonidzashe Edwards,Male,1981-01-03,2024-06-30,,Active,5,2,DEP02,Finance,JOB03,Accountant,2025-06-01,21,20290.25,20290.25,0,0,1,0,3
EMP0046-2025-07,EMP0046,Ngonidzashe Edwards,Male,1981-01-03,2024-06-30,,Active,5,2,DEP02,Finance,JOB03,Accountant,2025-07-01,23,20290.25,20290.25,1226.04,0,0,2,3
EMP0046-2025-08,EMP0046,Ngonidzashe Edwards,Male,1981-01-03,2024-06-30,,Active,5,2,DEP02,Finance,JOB03,Accountant,2025-08-01,21,20290.25,20290.25,0,0,2,0,3
EMP0046-2025-09,EMP0046,Ngonidzashe Edwards,Male,1981-01-03,2024-06-30,,Active,5,2,DEP02,Finance,JOB03,Accountant,2025-09-01,22,20290.25,20290.25,1787.02,0,0,7,3
EMP0046-2025-10,EMP0046,Ngonidzashe Edwards,Male,1981-01-03,2024-06-30,,Active,5,2,DEP02,Finance,JOB03,Accountant,2025-10-01,23,20290.25,20290.25,1663.39,0,0,6,3
EMP0046-2025-11,EMP0046,Ngonidzashe Edwards,Male,1981-01-03,2024-06-30,,Active,5,2,DEP02,Finance,JOB03,Accountant,2025-11-01,20,20290.25,20290.25,0,0,1,0,3
EMP0046-2025-12,EMP0046,Ngonidzashe Edwards,Male,1981-01-03,2024-06-30,,Active,5,2,DEP02,Finance,JOB03,Accountant,2025-12-01,23,20290.25,20290.25,1414.09,0,0,0,3
EMP0047-2024-04,EMP0047,Raymond Karamanlis,Male,1990-09-21,2024-04-30,,Active,5,3,DEP04,Sales,JOB08,Account Manager,2024-04-01,1,28809.78,1309.54,0,2,0,0,3
EMP0047-2024-05,EMP0047,Raymond Karamanlis,Male,1990-09-21,2024-04-30,,Active,5,3,DEP04,Sales,JOB08,Account Manager,2024-05-01,23,28809.78,28809.78,0,0,3,5,3
EMP0047-2024-06,EMP0047,Raymond Karamanlis,Male,1990-09-21,2024-04-30,,Active,5,3,DEP04,Sales,JOB08,Account Manager,2024-06-01,20,28809.78,28809.78,0,35,3,1,3
EMP0047-2024-07,EMP0047,Raymond Karamanlis,Male,1990-09-21,2024-04-30,,Active,5,3,DEP04,Sales,JOB08,Account Manager,2024-07-01,23,28809.78,28809.78,0,1,2,0,3
EMP0047-2024-08,EMP0047,Raymond Karamanlis,Male,1990-09-21,2024-04-30,,Active,5,3,DEP04,Sales,JOB08,Account Manager,2024-08-01,22,28809.78,28809.78,4310.76,0,3,3,2
EMP0047-2024-09,EMP0047,Raymond Karamanlis,Male,1990-09-21,2024-04-30,,Active,5,3,DEP04,Sales,JOB08,Account Manager,2024-09-01,21,28809.78,28809.78,0,10,0,4,3
EMP0047-2024-10,EMP0047,Raymond Karamanlis,Male,1990-09-21,2024-04-30,,Active,5,3,DEP04,Sales,JOB08,Account Manager,2024-10-01,23,28809.78,28809.78,1199.05,9,1,12,3
EMP0047-2024-11,EMP0047,Raymond Karamanlis,Male,1990-09-21,2024-04-30,,Active,5,3,DEP04,Sales,JOB08,Account Manager,2024-11-01,21,28809.78,28809.78,0,0,2,0,3
EMP0047-2024-12,EMP0047,Raymond Karamanlis,Male,1990-09-21,2024-04-30,,Active,5,3,DEP04,Sales,JOB08,Account Manager,2024-12-01,22,28809.78,28809.78,0,22,2,2,3
EMP0047-2025-01,EMP0047,Raymond Karamanlis,Male,1990-09-21,2024-04-30,,Active,5,3,DEP04,Sales,JOB08,Account Manager,2025-01-01,23,31119.35,31119.35,0,23,3,0,3
EMP0047-2025-02,EMP0047,Raymond Karamanlis,Male,1990-09-21,2024-04-30,,Active,5,3,DEP04,Sales,JOB08,Account Manager,2025-02-01,20,31119.35,31119.35,0,0,0,0,3
EMP0047-2025-03,EMP0047,Raymond Karamanlis,Male,1990-09-21,2024-04-30,,Active,5,3,DEP04,Sales,JOB08,Account Manager,2025-03-01,21,31119.35,31119.35,3830.93,2,1,0,4
EMP0047-2025-04,EMP0047,Raymond Karamanlis,Male,1990-09-21,2024-04-30,,Active,5,3,DEP04,Sales,JOB08,Account Manager,2025-04-01,22,31119.35,31119.35,0,10,2,0,3
EMP0047-2025-05,EMP0047,Raymond Karamanlis,Male,1990-09-21,2024-04-30,,Active,5,3,DEP04,Sales,JOB08,Account Manager,2025-05-01,22,31119.35,31119.35,0,24,1,0,2
EMP0047-2025-06,EMP0047,Raymond Karamanlis,Male,1990-09-21,2024-04-30,,Active,5,3,DEP04,Sales,JOB08,Account Manager,2025-06-01,21,31119.35,31119.35,0,30,1,0,3
EMP0047-2025-07,EMP0047,Raymond Karamanlis,Male,1990-09-21,2024-04-30,,Active,5,3,DEP04,Sales,JOB08,Account Manager,2025-07-01,23,31119.35,31119.35,0,0,1,16,3
EMP0047-2025-08,EMP0047,Raymond Karamanlis,Male,1990-09-21,2024-04-30,,Active,5,3,DEP04,Sales,JOB08,Account Manager,2025-08-01,21,31119.35,31119.35,3911.03,2,2,0,3
EMP0047-2025-09,EMP0047,Raymond Karamanlis,Male,1990-09-21,2024-04-30,,Active,5,3,DEP04,Sales,JOB08,Account Manager,2025-09-01,22,31119.35,31119.35,0,30,0,0,3
EMP0047-2025-10,EMP0047,Raymond Karamanlis,Male,1990-09-21,2024-04-30,,Active,5,3,DEP04,Sales,JOB08,Account Manager,2025-10-01,23,31119.35,31119.35,1690.85,7,1,0,4
EMP0047-2025-11,EMP0047,Raymond Karamanlis,Male,1990-09-21,2024-04-30,,Active,5,3,DEP04,Sales,JOB08,Account Manager,2025-11-01,20,31119.35,31119.35,0,0,0,10,3
EMP0047-2025-12,EMP0047,Raymond Karamanlis,Male,1990-09-21,2024-04-30,,Active,5,3,DEP04,Sales,JOB08,Account Manager,2025-12-01,23,31119.35,31119.35,3999.21,25,0,12,3
EMP0048-2024-01,EMP0048,Nadica Rageh,Female,1994-10-06,2020-07-24,,Active,5,2,DEP04,Sales,JOB07,Sales Executive,2024-01-01,23,18349.71,18349.71,1066.42,0,1,1,4
EMP0048-2024-02,EMP0048,Nadica Rageh,Female,1994-10-06,2020-07-24,,Active,5,2,DEP04,Sales,JOB07,Sales Executive,2024-02-01,21,18349.71,18349.71,0,0,0,0,4
EMP0048-2024-03,EMP0048,Nadica Rageh,Female,1994-10-06,2020-07-24,,Active,5,2,DEP04,Sales,JOB07,Sales Executive,2024-03-01,21,18349.71,18349.71,0,9,0,10,3
EMP0048-2024-04,EMP0048,Nadica Rageh,Female,1994-10-06,2020-07-24,,Active,5,2,DEP04,Sales,JOB07,Sales Executive,2024-04-01,22,18349.71,18349.71,1362.76,28,2,0,4
EMP0048-2024-05,EMP0048,Nadica Rageh,Female,1994-10-06,2020-07-24,,Active,5,2,DEP04,Sales,JOB07,Sales Executive,2024-05-01,23,18349.71,18349.71,0,0,1,9,3
EMP0048-2024-06,EMP0048,Nadica Rageh,Female,1994-10-06,2020-07-24,,Active,5,2,DEP04,Sales,JOB07,Sales Executive,2024-06-01,20,18349.71,18349.71,1975.5,5,3,12,3
EMP0048-2024-07,EMP0048,Nadica Rageh,Female,1994-10-06,2020-07-24,,Active,5,2,DEP04,Sales,JOB07,Sales Executive,2024-07-01,23,18349.71,18349.71,2342.61,1,3,0,4
EMP0048-2024-08,EMP0048,Nadica Rageh,Female,1994-10-06,2020-07-24,,Active,5,2,DEP04,Sales,JOB07,Sales Executive,2024-08-01,22,18349.71,18349.71,0,6,0,0,4
EMP0048-2024-09,EMP0048,Nadica Rageh,Female,1994-10-06,2020-07-24,,Active,5,2,DEP04,Sales,JOB07,Sales Executive,2024-09-01,21,18349.71,18349.71,0,1,2,0,3
EMP0048-2024-10,EMP0048,Nadica Rageh,Female,1994-10-06,2020-07-24,,Active,5,2,DEP04,Sales,JOB07,Sales Executive,2024-10-01,23,18349.71,18349.71,2136.95,9,0,0,4
EMP0048-2024-11,EMP0048,Nadica Rageh,Female,1994-10-06,2020-07-24,,Active,5,2,DEP04,Sales,JOB07,Sales Executive,2024-11-01,21,18349.71,18349.71,1532.08,0,3,1,3
EMP0048-2024-12,EMP0048,Nadica Rageh,Female,1994-10-06,2020-07-24,,Active,5,2,DEP04,Sales,JOB07,Sales Executive,2024-12-01,22,18349.71,18349.71,1789.28,38,0,0,4
EMP0048-2025-01,EMP0048,Nadica Rageh,Female,1994-10-06,2020-07-24,,Active,5,2,DEP04,Sales,JOB07,Sales Executive,2025-01-01,23,19830.42,19830.42,0,0,0,0,3
EMP0048-2025-02,EMP0048,Nadica Rageh,Female,1994-10-06,2020-07-24,,Active,5,2,DEP04,Sales,JOB07,Sales Executive,2025-02-01,20,19830.42,19830.42,660.97,24,2,0,3
EMP0048-2025-03,EMP0048,Nadica Rageh,Female,1994-10-06,2020-07-24,,Active,5,2,DEP04,Sales,JOB07,Sales Executive,2025-03-01,21,19830.42,19830.42,2146.73,16,1,0,4
EMP0048-2025-04,EMP0048,Nadica Rageh,Female,1994-10-06,2020-07-24,,Active,5,2,DEP04,Sales,JOB07,Sales Executive,2025-04-01,22,19830.42,19830.42,0,0,0,4,4
EMP0048-2025-05,EMP0048,Nadica Rageh,Female,1994-10-06,2020-07-24,,Active,5,2,DEP04,Sales,JOB07,Sales Executive,2025-05-01,22,19830.42,19830.42,0,0,0,15,3
EMP0048-2025-06,EMP0048,Nadica Rageh,Female,1994-10-06,2020-07-24,,Active,5,2,DEP04,Sales,JOB07,Sales Executive,2025-06-01,21,19830.42,19830.42,2095.82,8,0,2,4
EMP0048-2025-07,EMP0048,Nadica Rageh,Female,1994-10-06,2020-07-24,,Active,5,2,DEP04,Sales,JOB07,Sales Executive,2025-07-01,23,19830.42,19830.42,1691.03,0,1,8,4
EMP0048-2025-08,EMP0048,Nadica Rageh,Female,1994-10-06,2020-07-24,,Active,5,2,DEP04,Sales,JOB07,Sales Executive,2025-08-01,21,19830.42,19830.42,0,0,3,0,4
EMP0048-2025-09,EMP0048,Nadica Rageh,Female,1994-10-06,2020-07-24,,Active,5,2,DEP04,Sales,JOB07,Sales Executive,2025-09-01,22,19830.42,19830.42,0,0,0,1,4
EMP0048-2025-10,EMP0048,Nadica Rageh,Female,1994-10-06,2020-07-24,,Active,5,2,DEP04,Sales,JOB07,Sales Executive,2025-10-01,23,19830.42,19830.42,716.32,0,0,7,3
EMP0048-2025-11,EMP0048,Nadica Rageh,Female,1994-10-06,2020-07-24,,Active,5,2,DEP04,Sales,JOB07,Sales Executive,2025-11-01,20,19830.42,19830.42,0,0,2,0,3
EMP0048-2025-12,EMP0048,Nadica Rageh,Female,1994-10-06,2020-07-24,,Active,5,2,DEP04,Sales,JOB07,Sales Executive,2025-12-01,23,19830.42,19830.42,0,0,0,7,4
EMP0049-2024-01,EMP0049,Chimi Dema Paez,Female,1987-08-03,2021-06-16,,Active,1,1,DEP04,Sales,JOB07,Sales Executive,2024-01-01,23,13372.84,13372.84,1757.52,16,4,3,4
EMP0049-2024-02,EMP0049,Chimi Dema Paez,Female,1987-08-03,2021-06-16,,Active,1,1,DEP04,Sales,JOB07,Sales Executive,2024-02-01,21,13372.84,13372.84,772.54,6,2,4,3
EMP0049-2024-03,EMP0049,Chimi Dema Paez,Female,1987-08-03,2021-06-16,,Active,1,1,DEP04,Sales,JOB07,Sales Executive,2024-03-01,21,13372.84,13372.84,0,0,0,8,3
EMP0049-2024-04,EMP0049,Chimi Dema Paez,Female,1987-08-03,2021-06-16,,Active,1,1,DEP04,Sales,JOB07,Sales Executive,2024-04-01,22,13372.84,13372.84,0,4,1,0,4
EMP0049-2024-05,EMP0049,Chimi Dema Paez,Female,1987-08-03,2021-06-16,,Active,1,1,DEP04,Sales,JOB07,Sales Executive,2024-05-01,23,13372.84,13372.84,0,10,2,0,3
EMP0049-2024-06,EMP0049,Chimi Dema Paez,Female,1987-08-03,2021-06-16,,Active,1,1,DEP04,Sales,JOB07,Sales Executive,2024-06-01,20,13372.84,13372.84,1371.55,30,2,4,3
EMP0049-2024-07,EMP0049,Chimi Dema Paez,Female,1987-08-03,2021-06-16,,Active,1,1,DEP04,Sales,JOB07,Sales Executive,2024-07-01,23,13372.84,13372.84,0,3,1,0,3
EMP0049-2024-08,EMP0049,Chimi Dema Paez,Female,1987-08-03,2021-06-16,,Active,1,1,DEP04,Sales,JOB07,Sales Executive,2024-08-01,22,13372.84,13372.84,0,32,0,2,3
EMP0049-2024-09,EMP0049,Chimi Dema Paez,Female,1987-08-03,2021-06-16,,Active,1,1,DEP04,Sales,JOB07,Sales Executive,2024-09-01,21,13372.84,13372.84,558.42,0,3,0,4
EMP0049-2024-10,EMP0049,Chimi Dema Paez,Female,1987-08-03,2021-06-16,,Active,1,1,DEP04,Sales,JOB07,Sales Executive,2024-10-01,23,13372.84,13372.84,1077.85,11,1,0,3
EMP0049-2024-11,EMP0049,Chimi Dema Paez,Female,1987-08-03,2021-06-16,,Active,1,1,DEP04,Sales,JOB07,Sales Executive,2024-11-01,21,13372.84,13372.84,1348,14,2,0,5
EMP0049-2024-12,EMP0049,Chimi Dema Paez,Female,1987-08-03,2021-06-16,,Active,1,1,DEP04,Sales,JOB07,Sales Executive,2024-12-01,22,13372.84,13372.84,0,3,0,6,2
EMP0049-2025-01,EMP0049,Chimi Dema Paez,Female,1987-08-03,2021-06-16,,Active,1,1,DEP04,Sales,JOB07,Sales Executive,2025-01-01,23,13972.62,13972.62,0,0,0,5,3
EMP0049-2025-02,EMP0049,Chimi Dema Paez,Female,1987-08-03,2021-06-16,,Active,1,1,DEP04,Sales,JOB07,Sales Executive,2025-02-01,20,13972.62,13972.62,0,0,2,16,2
EMP0049-2025-03,EMP0049,Chimi Dema Paez,Female,1987-08-03,2021-06-16,,Active,1,1,DEP04,Sales,JOB07,Sales Executive,2025-03-01,21,13972.62,13972.62,1033.17,0,1,0,3
EMP0049-2025-04,EMP0049,Chimi Dema Paez,Female,1987-08-03,2021-06-16,,Active,1,1,DEP04,Sales,JOB07,Sales Executive,2025-04-01,22,13972.62,13972.62,0,30,2,2,3
EMP0049-2025-05,EMP0049,Chimi Dema Paez,Female,1987-08-03,2021-06-16,,Active,1,1,DEP04,Sales,JOB07,Sales Executive,2025-05-01,22,13972.62,13972.62,1590.2,22,0,0,3
EMP0049-2025-06,EMP0049,Chimi Dema Paez,Female,1987-08-03,2021-06-16,,Active,1,1,DEP04,Sales,JOB07,Sales Executive,2025-06-01,21,13972.62,13972.62,0,6,0,5,3
EMP0049-2025-07,EMP0049,Chimi Dema Paez,Female,1987-08-03,2021-06-16,,Active,1,1,DEP04,Sales,JOB07,Sales Executive,2025-07-01,23,13972.62,13972.62,0,9,1,6,3
EMP0049-2025-08,EMP0049,Chimi Dema Paez,Female,1987-08-03,2021-06-16,,Active,1,1,DEP04,Sales,JOB07,Sales Executive,2025-08-01,21,13972.62,13972.62,1451.9,18,1,1,2
EMP0049-2025-09,EMP0049,Chimi Dema Paez,Female,1987-08-03,2021-06-16,,Active,1,1,DEP04,Sales,JOB07,Sales Executive,2025-09-01,22,13972.62,13972.62,1453.42,1,0,6,4
EMP0049-2025-10,EMP0049,Chimi Dema Paez,Female,1987-08-03,2021-06-16,,Active,1,1,DEP04,Sales,JOB07,Sales Executive,2025-10-01,23,13972.62,13972.62,0,0,0,3,3
EMP0049-2025-11,EMP0049,Chimi Dema Paez,Female,1987-08-03,2021-06-16,,Active,1,1,DEP04,Sales,JOB07,Sales Executive,2025-11-01,20,13972.62,13972.62,0,32,4,0,3
EMP0049-2025-12,EMP0049,Chimi Dema Paez,Female,1987-08-03,2021-06-16,,Active,1,1,DEP04,Sales,JOB07,Sales Executive,2025-12-01,23,13972.62,13972.62,889.13,22,0,9,3
EMP0050-2024-01,EMP0050,Amparo Iversen-Nielsen,Female,1981-07-04,2017-04-11,,Active,0,1,DEP04,Sales,JOB07,Sales Executive,2024-01-01,23,11813.14,11813.14,547.25,7,2,4,4
EMP0050-2024-02,EMP0050,Amparo Iversen-Nielsen,Female,1981-07-04,2017-04-11,,Active,0,1,DEP04,Sales,JOB07,Sales Executive,2024-02-01,21,11813.14,11813.14,0,0,1,0,3
EMP0050-2024-03,EMP0050,Amparo Iversen-Nielsen,Female,1981-07-04,2017-04-11,,Active,0,1,DEP04,Sales,JOB07,Sales Executive,2024-03-01,21,11813.14,11813.14,392.01,6,0,0,4
EMP0050-2024-04,EMP0050,Amparo Iversen-Nielsen,Female,1981-07-04,2017-04-11,,Active,0,1,DEP04,Sales,JOB07,Sales Executive,2024-04-01,22,11813.14,11813.14,0,16,1,16,4
EMP0050-2024-05,EMP0050,Amparo Iversen-Nielsen,Female,1981-07-04,2017-04-11,,Active,0,1,DEP04,Sales,JOB07,Sales Executive,2024-05-01,23,11813.14,11813.14,963.25,21,0,3,4
EMP0050-2024-06,EMP0050,Amparo Iversen-Nielsen,Female,1981-07-04,2017-04-11,,Active,0,1,DEP04,Sales,JOB07,Sales Executive,2024-06-01,20,11813.14,11813.14,256.76,0,0,0,4
EMP0050-2024-07,EMP0050,Amparo Iversen-Nielsen,Female,1981-07-04,2017-04-11,,Active,0,1,DEP04,Sales,JOB07,Sales Executive,2024-07-01,23,11813.14,11813.14,0,0,3,6,3
EMP0050-2024-08,EMP0050,Amparo Iversen-Nielsen,Female,1981-07-04,2017-04-11,,Active,0,1,DEP04,Sales,JOB07,Sales Executive,2024-08-01,22,11813.14,11813.14,0,6,0,4,3
EMP0050-2024-09,EMP0050,Amparo Iversen-Nielsen,Female,1981-07-04,2017-04-11,,Active,0,1,DEP04,Sales,JOB07,Sales Executive,2024-09-01,21,11813.14,11813.14,0,3,1,0,3
EMP0050-2024-10,EMP0050,Amparo Iversen-Nielsen,Female,1981-07-04,2017-04-11,,Active,0,1,DEP04,Sales,JOB07,Sales Executive,2024-10-01,23,11813.14,11813.14,1196.03,0,0,0,3
EMP0050-2024-11,EMP0050,Amparo Iversen-Nielsen,Female,1981-07-04,2017-04-11,,Active,0,1,DEP04,Sales,JOB07,Sales Executive,2024-11-01,21,11813.14,11813.14,0,1,3,8,4
EMP0050-2024-12,EMP0050,Amparo Iversen-Nielsen,Female,1981-07-04,2017-04-11,,Active,0,1,DEP04,Sales,JOB07,Sales Executive,2024-12-01,22,11813.14,11813.14,1307.32,24,0,15,4
EMP0050-2025-01,EMP0050,Amparo Iversen-Nielsen,Female,1981-07-04,2017-04-11,,Active,0,1,DEP04,Sales,JOB07,Sales Executive,2025-01-01,23,12499.6,12499.6,793.23,0,0,4,5
EMP0050-2025-02,EMP0050,Amparo Iversen-Nielsen,Female,1981-07-04,2017-04-11,,Active,0,1,DEP04,Sales,JOB07,Sales Executive,2025-02-01,20,12499.6,12499.6,393.2,16,0,3,4
EMP0050-2025-03,EMP0050,Amparo Iversen-Nielsen,Female,1981-07-04,2017-04-11,,Active,0,1,DEP04,Sales,JOB07,Sales Executive,2025-03-01,21,12499.6,12499.6,1688.96,0,0,16,3
EMP0050-2025-04,EMP0050,Amparo Iversen-Nielsen,Female,1981-07-04,2017-04-11,,Active,0,1,DEP04,Sales,JOB07,Sales Executive,2025-04-01,22,12499.6,12499.6,523.36,0,0,0,3
EMP0050-2025-05,EMP0050,Amparo Iversen-Nielsen,Female,1981-07-04,2017-04-11,,Active,0,1,DEP04,Sales,JOB07,Sales Executive,2025-05-01,22,12499.6,12499.6,0,1,0,0,3
EMP0050-2025-06,EMP0050,Amparo Iversen-Nielsen,Female,1981-07-04,2017-04-11,,Active,0,1,DEP04,Sales,JOB07,Sales Executive,2025-06-01,21,12499.6,12499.6,1004.45,31,3,7,3
EMP0050-2025-07,EMP0050,Amparo Iversen-Nielsen,Female,1981-07-04,2017-04-11,,Active,0,1,DEP04,Sales,JOB07,Sales Executive,2025-07-01,23,12499.6,12499.6,0,6,1,0,4
EMP0050-2025-08,EMP0050,Amparo Iversen-Nielsen,Female,1981-07-04,2017-04-11,,Active,0,1,DEP04,Sales,JOB07,Sales Executive,2025-08-01,21,12499.6,12499.6,0,14,4,1,3
EMP0050-2025-09,EMP0050,Amparo Iversen-Nielsen,Female,1981-07-04,2017-04-11,,Active,0,1,DEP04,Sales,JOB07,Sales Executive,2025-09-01,22,12499.6,12499.6,1747.99,6,2,0,4
EMP0050-2025-10,EMP0050,Amparo Iversen-Nielsen,Female,1981-07-04,2017-04-11,,Active,0,1,DEP04,Sales,JOB07,Sales Executive,2025-10-01,23,12499.6,12499.6,1558.88,24,0,16,3
EMP0050-2025-11,EMP0050,Amparo Iversen-Nielsen,Female,1981-07-04,2017-04-11,,Active,0,1,DEP04,Sales,JOB07,Sales Executive,2025-11-01,20,12499.6,12499.6,315.28,0,1,0,4
EMP0050-2025-12,EMP0050,Amparo Iversen-Nielsen,Female,1981-07-04,2017-04-11,,Active,0,1,DEP04,Sales,JOB07,Sales Executive,2025-12-01,23,12499.6,12499.6,1112.12,0,1,0,4
EMP0051-2024-01,EMP0051,Amy Mahfoud,Female,1978-10-16,2020-12-08,,Active,4,2,DEP04,Sales,JOB08,Account Manager,2024-01-01,23,16423.43,16423.43,0,6,1,0,3
EMP0051-2024-02,EMP0051,Amy Mahfoud,Female,1978-10-16,2020-12-08,,Active,4,2,DEP04,Sales,JOB08,Account Manager,2024-02-01,21,16423.43,16423.43,987.46,0,1,8,2
EMP0051-2024-03,EMP0051,Amy Mahfoud,Female,1978-10-16,2020-12-08,,Active,4,2,DEP04,Sales,JOB08,Account Manager,2024-03-01,21,16423.43,16423.43,463.27,23,2,2,3
EMP0051-2024-04,EMP0051,Amy Mahfoud,Female,1978-10-16,2020-12-08,,Active,4,2,DEP04,Sales,JOB08,Account Manager,2024-04-01,22,16423.43,16423.43,1957.35,0,0,11,4
EMP0051-2024-05,EMP0051,Amy Mahfoud,Female,1978-10-16,2020-12-08,,Active,4,2,DEP04,Sales,JOB08,Account Manager,2024-05-01,23,16423.43,16423.43,0,0,0,1,3
EMP0051-2024-06,EMP0051,Amy Mahfoud,Female,1978-10-16,2020-12-08,,Active,4,2,DEP04,Sales,JOB08,Account Manager,2024-06-01,20,16423.43,16423.43,1266.42,0,0,14,3
EMP0051-2024-07,EMP0051,Amy Mahfoud,Female,1978-10-16,2020-12-08,,Active,4,2,DEP04,Sales,JOB08,Account Manager,2024-07-01,23,16423.43,16423.43,1889.86,15,1,8,4
EMP0051-2024-08,EMP0051,Amy Mahfoud,Female,1978-10-16,2020-12-08,,Active,4,2,DEP04,Sales,JOB08,Account Manager,2024-08-01,22,16423.43,16423.43,0,16,0,1,3
EMP0051-2024-09,EMP0051,Amy Mahfoud,Female,1978-10-16,2020-12-08,,Active,4,2,DEP04,Sales,JOB08,Account Manager,2024-09-01,21,16423.43,16423.43,0,0,1,0,3
EMP0051-2024-10,EMP0051,Amy Mahfoud,Female,1978-10-16,2020-12-08,,Active,4,2,DEP04,Sales,JOB08,Account Manager,2024-10-01,23,16423.43,16423.43,1629.91,0,0,0,3
EMP0051-2024-11,EMP0051,Amy Mahfoud,Female,1978-10-16,2020-12-08,,Active,4,2,DEP04,Sales,JOB08,Account Manager,2024-11-01,21,16423.43,16423.43,0,5,0,4,3
EMP0051-2024-12,EMP0051,Amy Mahfoud,Female,1978-10-16,2020-12-08,,Active,4,2,DEP04,Sales,JOB08,Account Manager,2024-12-01,22,16423.43,16423.43,0,25,1,0,3
EMP0051-2025-01,EMP0051,Amy Mahfoud,Female,1978-10-16,2020-12-08,,Active,4,2,DEP04,Sales,JOB08,Account Manager,2025-01-01,23,17616.04,17616.04,0,16,0,5,4
EMP0051-2025-02,EMP0051,Amy Mahfoud,Female,1978-10-16,2020-12-08,,Active,4,2,DEP04,Sales,JOB08,Account Manager,2025-02-01,20,17616.04,17616.04,1785.14,2,0,3,4
EMP0051-2025-03,EMP0051,Amy Mahfoud,Female,1978-10-16,2020-12-08,,Active,4,2,DEP04,Sales,JOB08,Account Manager,2025-03-01,21,17616.04,17616.04,2143.75,0,0,0,3
EMP0051-2025-04,EMP0051,Amy Mahfoud,Female,1978-10-16,2020-12-08,,Active,4,2,DEP04,Sales,JOB08,Account Manager,2025-04-01,22,17616.04,17616.04,2625.28,16,0,4,4
EMP0051-2025-05,EMP0051,Amy Mahfoud,Female,1978-10-16,2020-12-08,,Active,4,2,DEP04,Sales,JOB08,Account Manager,2025-05-01,22,17616.04,17616.04,0,0,1,0,3
EMP0051-2025-06,EMP0051,Amy Mahfoud,Female,1978-10-16,2020-12-08,,Active,4,2,DEP04,Sales,JOB08,Account Manager,2025-06-01,21,17616.04,17616.04,0,0,0,4,3
EMP0051-2025-07,EMP0051,Amy Mahfoud,Female,1978-10-16,2020-12-08,,Active,4,2,DEP04,Sales,JOB08,Account Manager,2025-07-01,23,17616.04,17616.04,0,27,0,12,4
EMP0051-2025-08,EMP0051,Amy Mahfoud,Female,1978-10-16,2020-12-08,,Active,4,2,DEP04,Sales,JOB08,Account Manager,2025-08-01,21,17616.04,17616.04,1040.99,0,2,8,4
EMP0051-2025-09,EMP0051,Amy Mahfoud,Female,1978-10-16,2020-12-08,,Active,4,2,DEP04,Sales,JOB08,Account Manager,2025-09-01,22,17616.04,17616.04,0,7,1,6,3
EMP0051-2025-10,EMP0051,Amy Mahfoud,Female,1978-10-16,2020-12-08,,Active,4,2,DEP04,Sales,JOB08,Account Manager,2025-10-01,23,17616.04,17616.04,0,23,2,3,3
EMP0051-2025-11,EMP0051,Amy Mahfoud,Female,1978-10-16,2020-12-08,,Active,4,2,DEP04,Sales,JOB08,Account Manager,2025-11-01,20,17616.04,17616.04,2380.43,36,0,1,4
EMP0051-2025-12,EMP0051,Amy Mahfoud,Female,1978-10-16,2020-12-08,,Active,4,2,DEP04,Sales,JOB08,Account Manager,2025-12-01,23,17616.04,17616.04,0,6,2,1,3
EMP0052-2024-01,EMP0052,Edgar Phouxay,Male,1980-02-23,2024-01-21,,Active,6,3,DEP03,Information Technology,JOB06,IT Support Specialist,2024-01-01,8,21209.09,7377.07,0,0,1,0,4
EMP0052-2024-02,EMP0052,Edgar Phouxay,Male,1980-02-23,2024-01-21,,Active,6,3,DEP03,Information Technology,JOB06,IT Support Specialist,2024-02-01,21,21209.09,21209.09,0,2,1,6,4
EMP0052-2024-03,EMP0052,Edgar Phouxay,Male,1980-02-23,2024-01-21,,Active,6,3,DEP03,Information Technology,JOB06,IT Support Specialist,2024-03-01,21,21209.09,21209.09,2046.54,0,3,14,4
EMP0052-2024-04,EMP0052,Edgar Phouxay,Male,1980-02-23,2024-01-21,,Active,6,3,DEP03,Information Technology,JOB06,IT Support Specialist,2024-04-01,22,21209.09,21209.09,0,3,0,14,4
EMP0052-2024-05,EMP0052,Edgar Phouxay,Male,1980-02-23,2024-01-21,,Active,6,3,DEP03,Information Technology,JOB06,IT Support Specialist,2024-05-01,23,21209.09,21209.09,0,4,2,3,3
EMP0052-2024-06,EMP0052,Edgar Phouxay,Male,1980-02-23,2024-01-21,,Active,6,3,DEP03,Information Technology,JOB06,IT Support Specialist,2024-06-01,20,21209.09,21209.09,0,0,2,1,4
EMP0052-2024-07,EMP0052,Edgar Phouxay,Male,1980-02-23,2024-01-21,,Active,6,3,DEP03,Information Technology,JOB06,IT Support Specialist,2024-07-01,23,21209.09,21209.09,1696.21,0,0,1,4
EMP0052-2024-08,EMP0052,Edgar Phouxay,Male,1980-02-23,2024-01-21,,Active,6,3,DEP03,Information Technology,JOB06,IT Support Specialist,2024-08-01,22,21209.09,21209.09,1559.33,0,0,12,5
EMP0052-2024-09,EMP0052,Edgar Phouxay,Male,1980-02-23,2024-01-21,,Active,6,3,DEP03,Information Technology,JOB06,IT Support Specialist,2024-09-01,21,21209.09,21209.09,729.66,0,1,4,4
EMP0052-2024-10,EMP0052,Edgar Phouxay,Male,1980-02-23,2024-01-21,,Active,6,3,DEP03,Information Technology,JOB06,IT Support Specialist,2024-10-01,23,21209.09,21209.09,0,6,0,6,3
EMP0052-2024-11,EMP0052,Edgar Phouxay,Male,1980-02-23,2024-01-21,,Active,6,3,DEP03,Information Technology,JOB06,IT Support Specialist,2024-11-01,21,21209.09,21209.09,0,0,1,0,3
EMP0052-2024-12,EMP0052,Edgar Phouxay,Male,1980-02-23,2024-01-21,,Active,6,3,DEP03,Information Technology,JOB06,IT Support Specialist,2024-12-01,22,21209.09,21209.09,1299.89,0,0,0,3
EMP0052-2025-01,EMP0052,Edgar Phouxay,Male,1980-02-23,2024-01-21,,Active,6,3,DEP03,Information Technology,JOB06,IT Support Specialist,2025-01-01,23,22777.17,22777.17,0,0,0,5,3
EMP0052-2025-02,EMP0052,Edgar Phouxay,Male,1980-02-23,2024-01-21,,Active,6,3,DEP03,Information Technology,JOB06,IT Support Specialist,2025-02-01,20,22777.17,22777.17,2644.67,23,1,0,4
EMP0052-2025-03,EMP0052,Edgar Phouxay,Male,1980-02-23,2024-01-21,,Active,6,3,DEP03,Information Technology,JOB06,IT Support Specialist,2025-03-01,21,22777.17,22777.17,504.89,1,2,3,4
EMP0052-2025-04,EMP0052,Edgar Phouxay,Male,1980-02-23,2024-01-21,,Active,6,3,DEP03,Information Technology,JOB06,IT Support Specialist,2025-04-01,22,22777.17,22777.17,1031.89,4,2,6,4
EMP0052-2025-05,EMP0052,Edgar Phouxay,Male,1980-02-23,2024-01-21,,Active,6,3,DEP03,Information Technology,JOB06,IT Support Specialist,2025-05-01,22,22777.17,22777.17,0,4,0,0,4
EMP0052-2025-06,EMP0052,Edgar Phouxay,Male,1980-02-23,2024-01-21,,Active,6,3,DEP03,Information Technology,JOB06,IT Support Specialist,2025-06-01,21,22777.17,22777.17,0,6,1,15,3
EMP0052-2025-07,EMP0052,Edgar Phouxay,Male,1980-02-23,2024-01-21,,Active,6,3,DEP03,Information Technology,JOB06,IT Support Specialist,2025-07-01,23,22777.17,22777.17,1988.57,11,0,2,4
EMP0052-2025-08,EMP0052,Edgar Phouxay,Male,1980-02-23,2024-01-21,,Active,6,3,DEP03,Information Technology,JOB06,IT Support Specialist,2025-08-01,21,22777.17,22777.17,0,1,0,0,3
EMP0052-2025-09,EMP0052,Edgar Phouxay,Male,1980-02-23,2024-01-21,,Active,6,3,DEP03,Information Technology,JOB06,IT Support Specialist,2025-09-01,22,22777.17,22777.17,0,0,0,0,4
EMP0052-2025-10,EMP0052,Edgar Phouxay,Male,1980-02-23,2024-01-21,,Active,6,3,DEP03,Information Technology,JOB06,IT Support Specialist,2025-10-01,23,22777.17,22777.17,0,2,0,0,4
EMP0052-2025-11,EMP0052,Edgar Phouxay,Male,1980-02-23,2024-01-21,,Active,6,3,DEP03,Information Technology,JOB06,IT Support Specialist,2025-11-01,20,22777.17,22777.17,821,16,0,1,4
EMP0052-2025-12,EMP0052,Edgar Phouxay,Male,1980-02-23,2024-01-21,,Active,6,3,DEP03,Information Technology,JOB06,IT Support Specialist,2025-12-01,23,22777.17,22777.17,2108.23,5,0,0,3
EMP0053-2024-01,EMP0053,Achol Otsaghe,Female,1990-11-15,2020-04-06,,Active,6,2,DEP06,Operations,JOB12,Supply Chain Analyst,2024-01-01,23,17862.6,17862.6,2260.54,27,3,13,3
EMP0053-2024-02,EMP0053,Achol Otsaghe,Female,1990-11-15,2020-04-06,,Active,6,2,DEP06,Operations,JOB12,Supply Chain Analyst,2024-02-01,21,17862.6,17862.6,2274.33,6,0,6,3
EMP0053-2024-03,EMP0053,Achol Otsaghe,Female,1990-11-15,2020-04-06,,Active,6,2,DEP06,Operations,JOB12,Supply Chain Analyst,2024-03-01,21,17862.6,17862.6,0,12,4,4,3
EMP0053-2024-04,EMP0053,Achol Otsaghe,Female,1990-11-15,2020-04-06,,Active,6,2,DEP06,Operations,JOB12,Supply Chain Analyst,2024-04-01,22,17862.6,17862.6,0,0,0,8,3
EMP0053-2024-05,EMP0053,Achol Otsaghe,Female,1990-11-15,2020-04-06,,Active,6,2,DEP06,Operations,JOB12,Supply Chain Analyst,2024-05-01,23,17862.6,17862.6,0,0,0,0,4
EMP0053-2024-06,EMP0053,Achol Otsaghe,Female,1990-11-15,2020-04-06,,Active,6,2,DEP06,Operations,JOB12,Supply Chain Analyst,2024-06-01,20,17862.6,17862.6,0,2,1,3,3
EMP0053-2024-07,EMP0053,Achol Otsaghe,Female,1990-11-15,2020-04-06,,Active,6,2,DEP06,Operations,JOB12,Supply Chain Analyst,2024-07-01,23,17862.6,17862.6,0,6,2,0,1
EMP0053-2024-08,EMP0053,Achol Otsaghe,Female,1990-11-15,2020-04-06,,Active,6,2,DEP06,Operations,JOB12,Supply Chain Analyst,2024-08-01,22,17862.6,17862.6,0,2,1,14,3
EMP0053-2024-09,EMP0053,Achol Otsaghe,Female,1990-11-15,2020-04-06,,Active,6,2,DEP06,Operations,JOB12,Supply Chain Analyst,2024-09-01,21,17862.6,17862.6,0,1,3,3,3
EMP0053-2024-10,EMP0053,Achol Otsaghe,Female,1990-11-15,2020-04-06,,Active,6,2,DEP06,Operations,JOB12,Supply Chain Analyst,2024-10-01,23,17862.6,17862.6,0,0,0,5,3
EMP0053-2024-11,EMP0053,Achol Otsaghe,Female,1990-11-15,2020-04-06,,Active,6,2,DEP06,Operations,JOB12,Supply Chain Analyst,2024-11-01,21,17862.6,17862.6,0,0,0,0,3
EMP0053-2024-12,EMP0053,Achol Otsaghe,Female,1990-11-15,2020-04-06,,Active,6,2,DEP06,Operations,JOB12,Supply Chain Analyst,2024-12-01,22,17862.6,17862.6,0,0,2,1,3
EMP0053-2025-01,EMP0053,Achol Otsaghe,Female,1990-11-15,2020-04-06,,Active,6,2,DEP06,Operations,JOB12,Supply Chain Analyst,2025-01-01,23,18645.79,18645.79,0,4,0,0,3
EMP0053-2025-02,EMP0053,Achol Otsaghe,Female,1990-11-15,2020-04-06,,Active,6,2,DEP06,Operations,JOB12,Supply Chain Analyst,2025-02-01,20,18645.79,18645.79,0,0,3,3,3
EMP0053-2025-03,EMP0053,Achol Otsaghe,Female,1990-11-15,2020-04-06,,Active,6,2,DEP06,Operations,JOB12,Supply Chain Analyst,2025-03-01,21,18645.79,18645.79,0,0,0,0,2
EMP0053-2025-04,EMP0053,Achol Otsaghe,Female,1990-11-15,2020-04-06,,Active,6,2,DEP06,Operations,JOB12,Supply Chain Analyst,2025-04-01,22,18645.79,18645.79,0,2,1,0,3
EMP0053-2025-05,EMP0053,Achol Otsaghe,Female,1990-11-15,2020-04-06,,Active,6,2,DEP06,Operations,JOB12,Supply Chain Analyst,2025-05-01,22,18645.79,18645.79,0,29,0,16,3
EMP0053-2025-06,EMP0053,Achol Otsaghe,Female,1990-11-15,2020-04-06,,Active,6,2,DEP06,Operations,JOB12,Supply Chain Analyst,2025-06-01,21,18645.79,18645.79,0,0,0,0,2
EMP0053-2025-07,EMP0053,Achol Otsaghe,Female,1990-11-15,2020-04-06,,Active,6,2,DEP06,Operations,JOB12,Supply Chain Analyst,2025-07-01,23,18645.79,18645.79,0,0,0,4,4
EMP0053-2025-08,EMP0053,Achol Otsaghe,Female,1990-11-15,2020-04-06,,Active,6,2,DEP06,Operations,JOB12,Supply Chain Analyst,2025-08-01,21,18645.79,18645.79,2632.71,21,3,11,4
EMP0053-2025-09,EMP0053,Achol Otsaghe,Female,1990-11-15,2020-04-06,,Active,6,2,DEP06,Operations,JOB12,Supply Chain Analyst,2025-09-01,22,18645.79,18645.79,0,0,2,7,3
EMP0053-2025-10,EMP0053,Achol Otsaghe,Female,1990-11-15,2020-04-06,,Active,6,2,DEP06,Operations,JOB12,Supply Chain Analyst,2025-10-01,23,18645.79,18645.79,0,9,3,0,3
EMP0053-2025-11,EMP0053,Achol Otsaghe,Female,1990-11-15,2020-04-06,,Active,6,2,DEP06,Operations,JOB12,Supply Chain Analyst,2025-11-01,20,18645.79,18645.79,0,13,0,11,3
EMP0053-2025-12,EMP0053,Achol Otsaghe,Female,1990-11-15,2020-04-06,,Active,6,2,DEP06,Operations,JOB12,Supply Chain Analyst,2025-12-01,23,18645.79,18645.79,0,29,0,0,3
EMP0054-2024-01,EMP0054,Sylvie Bégot,Female,1986-06-14,2020-02-27,,Active,7,3,DEP04,Sales,JOB07,Sales Executive,2024-01-01,23,29799.01,29799.01,0,13,0,11,3
EMP0054-2024-02,EMP0054,Sylvie Bégot,Female,1986-06-14,2020-02-27,,Active,7,3,DEP04,Sales,JOB07,Sales Executive,2024-02-01,21,29799.01,29799.01,983.05,3,2,1,3
EMP0054-2024-03,EMP0054,Sylvie Bégot,Female,1986-06-14,2020-02-27,,Active,7,3,DEP04,Sales,JOB07,Sales Executive,2024-03-01,21,29799.01,29799.01,876.09,0,3,6,3
EMP0054-2024-04,EMP0054,Sylvie Bégot,Female,1986-06-14,2020-02-27,,Active,7,3,DEP04,Sales,JOB07,Sales Executive,2024-04-01,22,29799.01,29799.01,4467.26,18,0,6,4
EMP0054-2024-05,EMP0054,Sylvie Bégot,Female,1986-06-14,2020-02-27,,Active,7,3,DEP04,Sales,JOB07,Sales Executive,2024-05-01,23,29799.01,29799.01,0,15,0,0,4
EMP0054-2024-06,EMP0054,Sylvie Bégot,Female,1986-06-14,2020-02-27,,Active,7,3,DEP04,Sales,JOB07,Sales Executive,2024-06-01,20,29799.01,29799.01,0,10,3,0,3
EMP0054-2024-07,EMP0054,Sylvie Bégot,Female,1986-06-14,2020-02-27,,Active,7,3,DEP04,Sales,JOB07,Sales Executive,2024-07-01,23,29799.01,29799.01,1382.74,0,0,5,3
EMP0054-2024-08,EMP0054,Sylvie Bégot,Female,1986-06-14,2020-02-27,,Active,7,3,DEP04,Sales,JOB07,Sales Executive,2024-08-01,22,29799.01,29799.01,0,0,2,16,4
EMP0054-2024-09,EMP0054,Sylvie Bégot,Female,1986-06-14,2020-02-27,,Active,7,3,DEP04,Sales,JOB07,Sales Executive,2024-09-01,21,29799.01,29799.01,1709.4,6,0,10,3
EMP0054-2024-10,EMP0054,Sylvie Bégot,Female,1986-06-14,2020-02-27,,Active,7,3,DEP04,Sales,JOB07,Sales Executive,2024-10-01,23,29799.01,29799.01,3070.47,7,1,0,4
EMP0054-2024-11,EMP0054,Sylvie Bégot,Female,1986-06-14,2020-02-27,,Active,7,3,DEP04,Sales,JOB07,Sales Executive,2024-11-01,21,29799.01,29799.01,0,0,4,0,3
EMP0054-2024-12,EMP0054,Sylvie Bégot,Female,1986-06-14,2020-02-27,,Active,7,3,DEP04,Sales,JOB07,Sales Executive,2024-12-01,22,29799.01,29799.01,0,0,2,0,3
EMP0054-2025-01,EMP0054,Sylvie Bégot,Female,1986-06-14,2020-02-27,,Active,7,3,DEP04,Sales,JOB07,Sales Executive,2025-01-01,23,32021.84,32021.84,0,2,0,15,4
EMP0054-2025-02,EMP0054,Sylvie Bégot,Female,1986-06-14,2020-02-27,,Active,7,3,DEP04,Sales,JOB07,Sales Executive,2025-02-01,20,32021.84,32021.84,0,0,0,4,3
EMP0054-2025-03,EMP0054,Sylvie Bégot,Female,1986-06-14,2020-02-27,,Active,7,3,DEP04,Sales,JOB07,Sales Executive,2025-03-01,21,32021.84,32021.84,2131.57,0,1,2,4
EMP0054-2025-04,EMP0054,Sylvie Bégot,Female,1986-06-14,2020-02-27,,Active,7,3,DEP04,Sales,JOB07,Sales Executive,2025-04-01,22,32021.84,32021.84,0,1,0,0,3
EMP0054-2025-05,EMP0054,Sylvie Bégot,Female,1986-06-14,2020-02-27,,Active,7,3,DEP04,Sales,JOB07,Sales Executive,2025-05-01,22,32021.84,32021.84,0,0,0,8,3
EMP0054-2025-06,EMP0054,Sylvie Bégot,Female,1986-06-14,2020-02-27,,Active,7,3,DEP04,Sales,JOB07,Sales Executive,2025-06-01,21,32021.84,32021.84,0,4,1,2,3
EMP0054-2025-07,EMP0054,Sylvie Bégot,Female,1986-06-14,2020-02-27,,Active,7,3,DEP04,Sales,JOB07,Sales Executive,2025-07-01,23,32021.84,32021.84,0,36,0,5,4
EMP0054-2025-08,EMP0054,Sylvie Bégot,Female,1986-06-14,2020-02-27,,Active,7,3,DEP04,Sales,JOB07,Sales Executive,2025-08-01,21,32021.84,32021.84,0,34,1,3,4
EMP0054-2025-09,EMP0054,Sylvie Bégot,Female,1986-06-14,2020-02-27,,Active,7,3,DEP04,Sales,JOB07,Sales Executive,2025-09-01,22,32021.84,32021.84,1267.55,5,0,1,4
EMP0054-2025-10,EMP0054,Sylvie Bégot,Female,1986-06-14,2020-02-27,,Active,7,3,DEP04,Sales,JOB07,Sales Executive,2025-10-01,23,32021.84,32021.84,1810.03,0,1,8,4
EMP0054-2025-11,EMP0054,Sylvie Bégot,Female,1986-06-14,2020-02-27,,Active,7,3,DEP04,Sales,JOB07,Sales Executive,2025-11-01,20,32021.84,32021.84,809.67,15,4,0,3
EMP0054-2025-12,EMP0054,Sylvie Bégot,Female,1986-06-14,2020-02-27,,Active,7,3,DEP04,Sales,JOB07,Sales Executive,2025-12-01,23,32021.84,32021.84,0,0,2,0,2
EMP0055-2024-09,EMP0055,Kairi Duarte,Female,1986-02-15,2024-09-09,,Active,0,1,DEP06,Operations,JOB12,Supply Chain Analyst,2024-09-01,16,10548.76,8037.15,0,0,0,0,4
EMP0055-2024-10,EMP0055,Kairi Duarte,Female,1986-02-15,2024-09-09,,Active,0,1,DEP06,Operations,JOB12,Supply Chain Analyst,2024-10-01,23,10548.76,10548.76,0,15,0,11,3
EMP0055-2024-11,EMP0055,Kairi Duarte,Female,1986-02-15,2024-09-09,,Active,0,1,DEP06,Operations,JOB12,Supply Chain Analyst,2024-11-01,21,10548.76,10548.76,0,5,0,4,3
EMP0055-2024-12,EMP0055,Kairi Duarte,Female,1986-02-15,2024-09-09,,Active,0,1,DEP06,Operations,JOB12,Supply Chain Analyst,2024-12-01,22,10548.76,10548.76,782.98,0,0,4,4
EMP0055-2025-01,EMP0055,Kairi Duarte,Female,1986-02-15,2024-09-09,,Active,0,1,DEP06,Operations,JOB12,Supply Chain Analyst,2025-01-01,23,11110.29,11110.29,0,0,0,11,5
EMP0055-2025-02,EMP0055,Kairi Duarte,Female,1986-02-15,2024-09-09,,Active,0,1,DEP06,Operations,JOB12,Supply Chain Analyst,2025-02-01,20,11110.29,11110.29,0,13,0,0,3
EMP0055-2025-03,EMP0055,Kairi Duarte,Female,1986-02-15,2024-09-09,,Active,0,1,DEP06,Operations,JOB12,Supply Chain Analyst,2025-03-01,21,11110.29,11110.29,0,7,4,0,4
EMP0055-2025-04,EMP0055,Kairi Duarte,Female,1986-02-15,2024-09-09,,Active,0,1,DEP06,Operations,JOB12,Supply Chain Analyst,2025-04-01,22,11110.29,11110.29,926.4,0,0,5,3
EMP0055-2025-05,EMP0055,Kairi Duarte,Female,1986-02-15,2024-09-09,,Active,0,1,DEP06,Operations,JOB12,Supply Chain Analyst,2025-05-01,22,11110.29,11110.29,0,0,0,6,4
EMP0055-2025-06,EMP0055,Kairi Duarte,Female,1986-02-15,2024-09-09,,Active,0,1,DEP06,Operations,JOB12,Supply Chain Analyst,2025-06-01,21,11110.29,11110.29,0,9,3,7,4
EMP0055-2025-07,EMP0055,Kairi Duarte,Female,1986-02-15,2024-09-09,,Active,0,1,DEP06,Operations,JOB12,Supply Chain Analyst,2025-07-01,23,11110.29,11110.29,0,23,1,5,3
EMP0055-2025-08,EMP0055,Kairi Duarte,Female,1986-02-15,2024-09-09,,Active,0,1,DEP06,Operations,JOB12,Supply Chain Analyst,2025-08-01,21,11110.29,11110.29,839.25,3,1,1,4
EMP0055-2025-09,EMP0055,Kairi Duarte,Female,1986-02-15,2024-09-09,,Active,0,1,DEP06,Operations,JOB12,Supply Chain Analyst,2025-09-01,22,11110.29,11110.29,849.35,0,0,11,3
EMP0055-2025-10,EMP0055,Kairi Duarte,Female,1986-02-15,2024-09-09,,Active,0,1,DEP06,Operations,JOB12,Supply Chain Analyst,2025-10-01,23,11110.29,11110.29,0,1,1,0,5
EMP0055-2025-11,EMP0055,Kairi Duarte,Female,1986-02-15,2024-09-09,,Active,0,1,DEP06,Operations,JOB12,Supply Chain Analyst,2025-11-01,20,11110.29,11110.29,0,0,2,1,4
EMP0055-2025-12,EMP0055,Kairi Duarte,Female,1986-02-15,2024-09-09,,Active,0,1,DEP06,Operations,JOB12,Supply Chain Analyst,2025-12-01,23,11110.29,11110.29,282.02,32,0,2,3
EMP0056-2024-01,EMP0056,Céline Montané,Female,1985-11-28,2018-11-14,,Active,2,1,DEP02,Finance,JOB04,Financial Analyst,2024-01-01,23,9872.59,9872.59,0,0,0,2,4
EMP0056-2024-02,EMP0056,Céline Montané,Female,1985-11-28,2018-11-14,,Active,2,1,DEP02,Finance,JOB04,Financial Analyst,2024-02-01,21,9872.59,9872.59,755.48,0,1,0,4
EMP0056-2024-03,EMP0056,Céline Montané,Female,1985-11-28,2018-11-14,,Active,2,1,DEP02,Finance,JOB04,Financial Analyst,2024-03-01,21,9872.59,9872.59,0,2,1,9,4
EMP0056-2024-04,EMP0056,Céline Montané,Female,1985-11-28,2018-11-14,,Active,2,1,DEP02,Finance,JOB04,Financial Analyst,2024-04-01,22,9872.59,9872.59,707.93,12,1,0,3
EMP0056-2024-05,EMP0056,Céline Montané,Female,1985-11-28,2018-11-14,,Active,2,1,DEP02,Finance,JOB04,Financial Analyst,2024-05-01,23,9872.59,9872.59,1141.09,0,4,4,3
EMP0056-2024-06,EMP0056,Céline Montané,Female,1985-11-28,2018-11-14,,Active,2,1,DEP02,Finance,JOB04,Financial Analyst,2024-06-01,20,9872.59,9872.59,898.22,7,1,0,4
EMP0056-2024-07,EMP0056,Céline Montané,Female,1985-11-28,2018-11-14,,Active,2,1,DEP02,Finance,JOB04,Financial Analyst,2024-07-01,23,9872.59,9872.59,765.44,25,0,0,3
EMP0056-2024-08,EMP0056,Céline Montané,Female,1985-11-28,2018-11-14,,Active,2,1,DEP02,Finance,JOB04,Financial Analyst,2024-08-01,22,9872.59,9872.59,0,9,0,14,3
EMP0056-2024-09,EMP0056,Céline Montané,Female,1985-11-28,2018-11-14,,Active,2,1,DEP02,Finance,JOB04,Financial Analyst,2024-09-01,21,9872.59,9872.59,0,10,1,0,4
EMP0056-2024-10,EMP0056,Céline Montané,Female,1985-11-28,2018-11-14,,Active,2,1,DEP02,Finance,JOB04,Financial Analyst,2024-10-01,23,9872.59,9872.59,334.57,37,0,4,4
EMP0056-2024-11,EMP0056,Céline Montané,Female,1985-11-28,2018-11-14,,Active,2,1,DEP02,Finance,JOB04,Financial Analyst,2024-11-01,21,9872.59,9872.59,0,0,2,0,3
EMP0056-2024-12,EMP0056,Céline Montané,Female,1985-11-28,2018-11-14,,Active,2,1,DEP02,Finance,JOB04,Financial Analyst,2024-12-01,22,9872.59,9872.59,0,0,1,14,4
EMP0056-2025-01,EMP0056,Céline Montané,Female,1985-11-28,2018-11-14,,Active,2,1,DEP02,Finance,JOB04,Financial Analyst,2025-01-01,23,10530.07,10530.07,0,4,2,0,4
EMP0056-2025-02,EMP0056,Céline Montané,Female,1985-11-28,2018-11-14,,Active,2,1,DEP02,Finance,JOB04,Financial Analyst,2025-02-01,20,10530.07,10530.07,866.35,0,0,6,4
EMP0056-2025-03,EMP0056,Céline Montané,Female,1985-11-28,2018-11-14,,Active,2,1,DEP02,Finance,JOB04,Financial Analyst,2025-03-01,21,10530.07,10530.07,971.88,3,0,4,4
EMP0056-2025-04,EMP0056,Céline Montané,Female,1985-11-28,2018-11-14,,Active,2,1,DEP02,Finance,JOB04,Financial Analyst,2025-04-01,22,10530.07,10530.07,1108.3,8,1,3,4
EMP0056-2025-05,EMP0056,Céline Montané,Female,1985-11-28,2018-11-14,,Active,2,1,DEP02,Finance,JOB04,Financial Analyst,2025-05-01,22,10530.07,10530.07,0,10,0,0,4
EMP0056-2025-06,EMP0056,Céline Montané,Female,1985-11-28,2018-11-14,,Active,2,1,DEP02,Finance,JOB04,Financial Analyst,2025-06-01,21,10530.07,10530.07,0,26,0,0,4
EMP0056-2025-07,EMP0056,Céline Montané,Female,1985-11-28,2018-11-14,,Active,2,1,DEP02,Finance,JOB04,Financial Analyst,2025-07-01,23,10530.07,10530.07,1488.62,14,0,2,4
EMP0056-2025-08,EMP0056,Céline Montané,Female,1985-11-28,2018-11-14,,Active,2,1,DEP02,Finance,JOB04,Financial Analyst,2025-08-01,21,10530.07,10530.07,0,0,3,3,3
EMP0056-2025-09,EMP0056,Céline Montané,Female,1985-11-28,2018-11-14,,Active,2,1,DEP02,Finance,JOB04,Financial Analyst,2025-09-01,22,10530.07,10530.07,0,0,1,0,4
EMP0056-2025-10,EMP0056,Céline Montané,Female,1985-11-28,2018-11-14,,Active,2,1,DEP02,Finance,JOB04,Financial Analyst,2025-10-01,23,10530.07,10530.07,0,1,1,1,4
EMP0056-2025-11,EMP0056,Céline Montané,Female,1985-11-28,2018-11-14,,Active,2,1,DEP02,Finance,JOB04,Financial Analyst,2025-11-01,20,10530.07,10530.07,0,4,3,0,4
EMP0056-2025-12,EMP0056,Céline Montané,Female,1985-11-28,2018-11-14,,Active,2,1,DEP02,Finance,JOB04,Financial Analyst,2025-12-01,23,10530.07,10530.07,0,8,0,7,4
EMP0057-2024-12,EMP0057,Reginald Kelley,Male,1997-12-25,2024-12-04,,Active,6,2,DEP04,Sales,JOB07,Sales Executive,2024-12-01,20,12895.49,11723.17,0,0,1,2,3
EMP0057-2025-01,EMP0057,Reginald Kelley,Male,1997-12-25,2024-12-04,,Active,6,2,DEP04,Sales,JOB07,Sales Executive,2025-01-01,23,13920.8,13920.8,0,2,0,2,3
EMP0057-2025-02,EMP0057,Reginald Kelley,Male,1997-12-25,2024-12-04,,Active,6,2,DEP04,Sales,JOB07,Sales Executive,2025-02-01,20,13920.8,13920.8,315.2,2,2,2,4
EMP0057-2025-03,EMP0057,Reginald Kelley,Male,1997-12-25,2024-12-04,,Active,6,2,DEP04,Sales,JOB07,Sales Executive,2025-03-01,21,13920.8,13920.8,1779.8,39,4,3,3
EMP0057-2025-04,EMP0057,Reginald Kelley,Male,1997-12-25,2024-12-04,,Active,6,2,DEP04,Sales,JOB07,Sales Executive,2025-04-01,22,13920.8,13920.8,460.68,0,1,0,3
EMP0057-2025-05,EMP0057,Reginald Kelley,Male,1997-12-25,2024-12-04,,Active,6,2,DEP04,Sales,JOB07,Sales Executive,2025-05-01,22,13920.8,13920.8,0,4,2,0,4
EMP0057-2025-06,EMP0057,Reginald Kelley,Male,1997-12-25,2024-12-04,,Active,6,2,DEP04,Sales,JOB07,Sales Executive,2025-06-01,21,13920.8,13920.8,0,4,0,7,3
EMP0057-2025-07,EMP0057,Reginald Kelley,Male,1997-12-25,2024-12-04,,Active,6,2,DEP04,Sales,JOB07,Sales Executive,2025-07-01,23,13920.8,13920.8,0,0,1,4,3
EMP0057-2025-08,EMP0057,Reginald Kelley,Male,1997-12-25,2024-12-04,,Active,6,2,DEP04,Sales,JOB07,Sales Executive,2025-08-01,21,13920.8,13920.8,0,25,0,0,4
EMP0057-2025-09,EMP0057,Reginald Kelley,Male,1997-12-25,2024-12-04,,Active,6,2,DEP04,Sales,JOB07,Sales Executive,2025-09-01,22,13920.8,13920.8,0,0,0,0,1
EMP0057-2025-10,EMP0057,Reginald Kelley,Male,1997-12-25,2024-12-04,,Active,6,2,DEP04,Sales,JOB07,Sales Executive,2025-10-01,23,13920.8,13920.8,2002.66,3,0,0,3
EMP0057-2025-11,EMP0057,Reginald Kelley,Male,1997-12-25,2024-12-04,,Active,6,2,DEP04,Sales,JOB07,Sales Executive,2025-11-01,20,13920.8,13920.8,2058.48,0,3,0,4
EMP0057-2025-12,EMP0057,Reginald Kelley,Male,1997-12-25,2024-12-04,,Active,6,2,DEP04,Sales,JOB07,Sales Executive,2025-12-01,23,13920.8,13920.8,0,0,4,0,3
EMP0058-2025-07,EMP0058,Siham Navarro,Female,1988-05-28,2025-07-28,,Active,1,1,DEP04,Sales,JOB07,Sales Executive,2025-07-01,4,9760.08,1697.41,0,8,0,2,3
EMP0058-2025-08,EMP0058,Siham Navarro,Female,1988-05-28,2025-07-28,,Active,1,1,DEP04,Sales,JOB07,Sales Executive,2025-08-01,21,9760.08,9760.08,924.19,0,4,0,3
EMP0058-2025-09,EMP0058,Siham Navarro,Female,1988-05-28,2025-07-28,,Active,1,1,DEP04,Sales,JOB07,Sales Executive,2025-09-01,22,9760.08,9760.08,0,0,0,0,3
EMP0058-2025-10,EMP0058,Siham Navarro,Female,1988-05-28,2025-07-28,,Active,1,1,DEP04,Sales,JOB07,Sales Executive,2025-10-01,23,9760.08,9760.08,0,10,0,9,4
EMP0058-2025-11,EMP0058,Siham Navarro,Female,1988-05-28,2025-07-28,,Active,1,1,DEP04,Sales,JOB07,Sales Executive,2025-11-01,20,9760.08,9760.08,0,3,4,11,3
EMP0058-2025-12,EMP0058,Siham Navarro,Female,1988-05-28,2025-07-28,,Active,1,1,DEP04,Sales,JOB07,Sales Executive,2025-12-01,23,9760.08,9760.08,1390.69,11,4,14,2
EMP0059-2024-10,EMP0059,Haqimi Audy,Male,1990-02-20,2024-10-22,,Active,10,3,DEP03,Information Technology,JOB05,Software Engineer,2024-10-01,8,31637.4,11004.31,1351.71,0,1,7,4
EMP0059-2024-11,EMP0059,Haqimi Audy,Male,1990-02-20,2024-10-22,,Active,10,3,DEP03,Information Technology,JOB05,Software Engineer,2024-11-01,21,31637.4,31637.4,0,39,0,9,4
EMP0059-2024-12,EMP0059,Haqimi Audy,Male,1990-02-20,2024-10-22,,Active,10,3,DEP03,Information Technology,JOB05,Software Engineer,2024-12-01,22,31637.4,31637.4,3213.21,29,0,3,4
EMP0059-2025-01,EMP0059,Haqimi Audy,Male,1990-02-20,2024-10-22,,Active,10,3,DEP03,Information Technology,JOB05,Software Engineer,2025-01-01,23,34982.6,34982.6,2216.95,26,2,12,4
EMP0059-2025-02,EMP0059,Haqimi Audy,Male,1990-02-20,2024-10-22,,Active,10,3,DEP03,Information Technology,JOB05,Software Engineer,2025-02-01,20,34982.6,34982.6,0,38,3,2,4
EMP0059-2025-03,EMP0059,Haqimi Audy,Male,1990-02-20,2024-10-22,,Active,10,3,DEP03,Information Technology,JOB05,Software Engineer,2025-03-01,21,34982.6,34982.6,2582.03,0,0,3,4
EMP0059-2025-04,EMP0059,Haqimi Audy,Male,1990-02-20,2024-10-22,,Active,10,3,DEP03,Information Technology,JOB05,Software Engineer,2025-04-01,22,34982.6,34982.6,0,12,4,0,4
EMP0059-2025-05,EMP0059,Haqimi Audy,Male,1990-02-20,2024-10-22,,Active,10,3,DEP03,Information Technology,JOB05,Software Engineer,2025-05-01,22,34982.6,34982.6,0,15,4,8,4
EMP0059-2025-06,EMP0059,Haqimi Audy,Male,1990-02-20,2024-10-22,,Active,10,3,DEP03,Information Technology,JOB05,Software Engineer,2025-06-01,21,34982.6,34982.6,0,7,1,16,1
EMP0059-2025-07,EMP0059,Haqimi Audy,Male,1990-02-20,2024-10-22,,Active,10,3,DEP03,Information Technology,JOB05,Software Engineer,2025-07-01,23,34982.6,34982.6,0,11,4,5,5
EMP0059-2025-08,EMP0059,Haqimi Audy,Male,1990-02-20,2024-10-22,,Active,10,3,DEP03,Information Technology,JOB05,Software Engineer,2025-08-01,21,34982.6,34982.6,1740.29,0,0,0,5
EMP0059-2025-09,EMP0059,Haqimi Audy,Male,1990-02-20,2024-10-22,,Active,10,3,DEP03,Information Technology,JOB05,Software Engineer,2025-09-01,22,34982.6,34982.6,0,19,0,12,3
EMP0059-2025-10,EMP0059,Haqimi Audy,Male,1990-02-20,2024-10-22,,Active,10,3,DEP03,Information Technology,JOB05,Software Engineer,2025-10-01,23,34982.6,34982.6,0,0,1,1,3
EMP0059-2025-11,EMP0059,Haqimi Audy,Male,1990-02-20,2024-10-22,,Active,10,3,DEP03,Information Technology,JOB05,Software Engineer,2025-11-01,20,34982.6,34982.6,2010.91,3,0,0,4
EMP0059-2025-12,EMP0059,Haqimi Audy,Male,1990-02-20,2024-10-22,,Active,10,3,DEP03,Information Technology,JOB05,Software Engineer,2025-12-01,23,34982.6,34982.6,1189.25,0,0,6,3
EMP0060-2025-06,EMP0060,Azzedine Karma,Male,1984-07-28,2025-06-19,2025-11-27,Left,8,3,DEP02,Finance,JOB04,Financial Analyst,2025-06-01,8,28803.9,10972.91,811.51,0,0,0,3
EMP0060-2025-07,EMP0060,Azzedine Karma,Male,1984-07-28,2025-06-19,2025-11-27,Left,8,3,DEP02,Finance,JOB04,Financial Analyst,2025-07-01,23,28803.9,28803.9,2970.52,0,1,0,4
EMP0060-2025-08,EMP0060,Azzedine Karma,Male,1984-07-28,2025-06-19,2025-11-27,Left,8,3,DEP02,Finance,JOB04,Financial Analyst,2025-08-01,21,28803.9,28803.9,796.25,20,4,4,3
EMP0060-2025-09,EMP0060,Azzedine Karma,Male,1984-07-28,2025-06-19,2025-11-27,Left,8,3,DEP02,Finance,JOB04,Financial Analyst,2025-09-01,22,28803.9,28803.9,0,29,1,0,5
EMP0060-2025-10,EMP0060,Azzedine Karma,Male,1984-07-28,2025-06-19,2025-11-27,Left,8,3,DEP02,Finance,JOB04,Financial Analyst,2025-10-01,23,28803.9,28803.9,0,0,0,0,3
EMP0060-2025-11,EMP0060,Azzedine Karma,Male,1984-07-28,2025-06-19,2025-11-27,Left,8,3,DEP02,Finance,JOB04,Financial Analyst,2025-11-01,19,28803.9,27363.71,0,0,3,2,3
EMP0061-2024-01,EMP0061,Nidia Lui,Female,1978-01-18,2020-11-10,,Active,14,4,DEP03,Information Technology,JOB05,Software Engineer,2024-01-01,23,42598.23,42598.23,2525.39,25,1,0,4
EMP0061-2024-02,EMP0061,Nidia Lui,Female,1978-01-18,2020-11-10,,Active,14,4,DEP03,Information Technology,JOB05,Software Engineer,2024-02-01,21,42598.23,42598.23,6333.81,9,4,8,4
EMP0061-2024-03,EMP0061,Nidia Lui,Female,1978-01-18,2020-11-10,,Active,14,4,DEP03,Information Technology,JOB05,Software Engineer,2024-03-01,21,42598.23,42598.23,4156.68,0,1,0,4
EMP0061-2024-04,EMP0061,Nidia Lui,Female,1978-01-18,2020-11-10,,Active,14,4,DEP03,Information Technology,JOB05,Software Engineer,2024-04-01,22,42598.23,42598.23,0,9,3,6,1
EMP0061-2024-05,EMP0061,Nidia Lui,Female,1978-01-18,2020-11-10,,Active,14,4,DEP03,Information Technology,JOB05,Software Engineer,2024-05-01,23,42598.23,42598.23,0,8,3,7,3
EMP0061-2024-06,EMP0061,Nidia Lui,Female,1978-01-18,2020-11-10,,Active,14,4,DEP03,Information Technology,JOB05,Software Engineer,2024-06-01,20,42598.23,42598.23,0,0,0,0,3
EMP0061-2024-07,EMP0061,Nidia Lui,Female,1978-01-18,2020-11-10,,Active,14,4,DEP03,Information Technology,JOB05,Software Engineer,2024-07-01,23,42598.23,42598.23,1627.47,8,1,1,3
EMP0061-2024-08,EMP0061,Nidia Lui,Female,1978-01-18,2020-11-10,,Active,14,4,DEP03,Information Technology,JOB05,Software Engineer,2024-08-01,22,42598.23,42598.23,0,0,0,9,3
EMP0061-2024-09,EMP0061,Nidia Lui,Female,1978-01-18,2020-11-10,,Active,14,4,DEP03,Information Technology,JOB05,Software Engineer,2024-09-01,21,42598.23,42598.23,0,26,3,9,3
EMP0061-2024-10,EMP0061,Nidia Lui,Female,1978-01-18,2020-11-10,,Active,14,4,DEP03,Information Technology,JOB05,Software Engineer,2024-10-01,23,42598.23,42598.23,3275.56,0,1,5,4
EMP0061-2024-11,EMP0061,Nidia Lui,Female,1978-01-18,2020-11-10,,Active,14,4,DEP03,Information Technology,JOB05,Software Engineer,2024-11-01,21,42598.23,42598.23,0,12,0,8,4
EMP0061-2024-12,EMP0061,Nidia Lui,Female,1978-01-18,2020-11-10,,Active,14,4,DEP03,Information Technology,JOB05,Software Engineer,2024-12-01,22,42598.23,42598.23,0,0,3,1,3
EMP0061-2025-01,EMP0061,Nidia Lui,Female,1978-01-18,2020-11-10,,Active,14,4,DEP03,Information Technology,JOB05,Software Engineer,2025-01-01,23,46632.62,46632.62,0,13,1,4,3
EMP0061-2025-02,EMP0061,Nidia Lui,Female,1978-01-18,2020-11-10,,Active,14,4,DEP03,Information Technology,JOB05,Software Engineer,2025-02-01,20,46632.62,46632.62,0,0,0,0,3
EMP0061-2025-03,EMP0061,Nidia Lui,Female,1978-01-18,2020-11-10,,Active,14,4,DEP03,Information Technology,JOB05,Software Engineer,2025-03-01,21,46632.62,46632.62,0,19,0,0,3
EMP0061-2025-04,EMP0061,Nidia Lui,Female,1978-01-18,2020-11-10,,Active,14,4,DEP03,Information Technology,JOB05,Software Engineer,2025-04-01,22,46632.62,46632.62,0,0,2,0,3
EMP0061-2025-05,EMP0061,Nidia Lui,Female,1978-01-18,2020-11-10,,Active,14,4,DEP03,Information Technology,JOB05,Software Engineer,2025-05-01,22,46632.62,46632.62,0,13,0,0,4
EMP0061-2025-06,EMP0061,Nidia Lui,Female,1978-01-18,2020-11-10,,Active,14,4,DEP03,Information Technology,JOB05,Software Engineer,2025-06-01,21,46632.62,46632.62,2003.87,6,2,1,3
EMP0061-2025-07,EMP0061,Nidia Lui,Female,1978-01-18,2020-11-10,,Active,14,4,DEP03,Information Technology,JOB05,Software Engineer,2025-07-01,23,46632.62,46632.62,0,10,2,9,3
EMP0061-2025-08,EMP0061,Nidia Lui,Female,1978-01-18,2020-11-10,,Active,14,4,DEP03,Information Technology,JOB05,Software Engineer,2025-08-01,21,46632.62,46632.62,0,2,0,0,3
EMP0061-2025-09,EMP0061,Nidia Lui,Female,1978-01-18,2020-11-10,,Active,14,4,DEP03,Information Technology,JOB05,Software Engineer,2025-09-01,22,46632.62,46632.62,0,9,1,5,3
EMP0061-2025-10,EMP0061,Nidia Lui,Female,1978-01-18,2020-11-10,,Active,14,4,DEP03,Information Technology,JOB05,Software Engineer,2025-10-01,23,46632.62,46632.62,2533.13,22,2,0,3
EMP0061-2025-11,EMP0061,Nidia Lui,Female,1978-01-18,2020-11-10,,Active,14,4,DEP03,Information Technology,JOB05,Software Engineer,2025-11-01,20,46632.62,46632.62,0,0,0,2,4
EMP0061-2025-12,EMP0061,Nidia Lui,Female,1978-01-18,2020-11-10,,Active,14,4,DEP03,Information Technology,JOB05,Software Engineer,2025-12-01,23,46632.62,46632.62,0,4,1,0,3
EMP0062-2024-01,EMP0062,José Nimal,Male,1982-02-13,2020-10-28,,Active,6,3,DEP06,Operations,JOB11,Operations Coordinator,2024-01-01,23,25920.99,25920.99,0,14,1,0,3
EMP0062-2024-02,EMP0062,José Nimal,Male,1982-02-13,2020-10-28,,Active,6,3,DEP06,Operations,JOB11,Operations Coordinator,2024-02-01,21,25920.99,25920.99,0,14,3,6,3
EMP0062-2024-03,EMP0062,José Nimal,Male,1982-02-13,2020-10-28,,Active,6,3,DEP06,Operations,JOB11,Operations Coordinator,2024-03-01,21,25920.99,25920.99,0,0,0,7,3
EMP0062-2024-04,EMP0062,José Nimal,Male,1982-02-13,2020-10-28,,Active,6,3,DEP06,Operations,JOB11,Operations Coordinator,2024-04-01,22,25920.99,25920.99,0,9,1,6,5
EMP0062-2024-05,EMP0062,José Nimal,Male,1982-02-13,2020-10-28,,Active,6,3,DEP06,Operations,JOB11,Operations Coordinator,2024-05-01,23,25920.99,25920.99,0,0,4,0,2
EMP0062-2024-06,EMP0062,José Nimal,Male,1982-02-13,2020-10-28,,Active,6,3,DEP06,Operations,JOB11,Operations Coordinator,2024-06-01,20,25920.99,25920.99,0,0,3,7,4
EMP0062-2024-07,EMP0062,José Nimal,Male,1982-02-13,2020-10-28,,Active,6,3,DEP06,Operations,JOB11,Operations Coordinator,2024-07-01,23,25920.99,25920.99,0,2,0,0,4
EMP0062-2024-08,EMP0062,José Nimal,Male,1982-02-13,2020-10-28,,Active,6,3,DEP06,Operations,JOB11,Operations Coordinator,2024-08-01,22,25920.99,25920.99,0,0,1,3,4
EMP0062-2024-09,EMP0062,José Nimal,Male,1982-02-13,2020-10-28,,Active,6,3,DEP06,Operations,JOB11,Operations Coordinator,2024-09-01,21,25920.99,25920.99,3189.35,2,1,4,3
EMP0062-2024-10,EMP0062,José Nimal,Male,1982-02-13,2020-10-28,,Active,6,3,DEP06,Operations,JOB11,Operations Coordinator,2024-10-01,23,25920.99,25920.99,0,0,0,7,3
EMP0062-2024-11,EMP0062,José Nimal,Male,1982-02-13,2020-10-28,,Active,6,3,DEP06,Operations,JOB11,Operations Coordinator,2024-11-01,21,25920.99,25920.99,0,3,3,0,3
EMP0062-2024-12,EMP0062,José Nimal,Male,1982-02-13,2020-10-28,,Active,6,3,DEP06,Operations,JOB11,Operations Coordinator,2024-12-01,22,25920.99,25920.99,2818.78,0,0,10,4
EMP0062-2025-01,EMP0062,José Nimal,Male,1982-02-13,2020-10-28,,Active,6,3,DEP06,Operations,JOB11,Operations Coordinator,2025-01-01,23,27311.22,27311.22,2581.74,0,0,1,3
EMP0062-2025-02,EMP0062,José Nimal,Male,1982-02-13,2020-10-28,,Active,6,3,DEP06,Operations,JOB11,Operations Coordinator,2025-02-01,20,27311.22,27311.22,0,38,1,0,3
EMP0062-2025-03,EMP0062,José Nimal,Male,1982-02-13,2020-10-28,,Active,6,3,DEP06,Operations,JOB11,Operations Coordinator,2025-03-01,21,27311.22,27311.22,3129.67,40,1,0,4
EMP0062-2025-04,EMP0062,José Nimal,Male,1982-02-13,2020-10-28,,Active,6,3,DEP06,Operations,JOB11,Operations Coordinator,2025-04-01,22,27311.22,27311.22,0,0,1,0,3
EMP0062-2025-05,EMP0062,José Nimal,Male,1982-02-13,2020-10-28,,Active,6,3,DEP06,Operations,JOB11,Operations Coordinator,2025-05-01,22,27311.22,27311.22,0,0,0,1,4
EMP0062-2025-06,EMP0062,José Nimal,Male,1982-02-13,2020-10-28,,Active,6,3,DEP06,Operations,JOB11,Operations Coordinator,2025-06-01,21,27311.22,27311.22,0,9,0,4,3
EMP0062-2025-07,EMP0062,José Nimal,Male,1982-02-13,2020-10-28,,Active,6,3,DEP06,Operations,JOB11,Operations Coordinator,2025-07-01,23,27311.22,27311.22,0,0,1,0,3
EMP0062-2025-08,EMP0062,José Nimal,Male,1982-02-13,2020-10-28,,Active,6,3,DEP06,Operations,JOB11,Operations Coordinator,2025-08-01,21,27311.22,27311.22,0,0,0,10,3
EMP0062-2025-09,EMP0062,José Nimal,Male,1982-02-13,2020-10-28,,Active,6,3,DEP06,Operations,JOB11,Operations Coordinator,2025-09-01,22,27311.22,27311.22,0,0,0,0,4
EMP0062-2025-10,EMP0062,José Nimal,Male,1982-02-13,2020-10-28,,Active,6,3,DEP06,Operations,JOB11,Operations Coordinator,2025-10-01,23,27311.22,27311.22,0,0,2,7,3
EMP0062-2025-11,EMP0062,José Nimal,Male,1982-02-13,2020-10-28,,Active,6,3,DEP06,Operations,JOB11,Operations Coordinator,2025-11-01,20,27311.22,27311.22,0,10,0,0,3
EMP0062-2025-12,EMP0062,José Nimal,Male,1982-02-13,2020-10-28,,Active,6,3,DEP06,Operations,JOB11,Operations Coordinator,2025-12-01,23,27311.22,27311.22,0,0,2,6,3
EMP0063-2024-01,EMP0063,Edin Yakpa,Male,1981-05-13,2018-09-26,,Active,8,3,DEP06,Operations,JOB12,Supply Chain Analyst,2024-01-01,23,29470.77,29470.77,0,4,1,0,3
EMP0063-2024-02,EMP0063,Edin Yakpa,Male,1981-05-13,2018-09-26,,Active,8,3,DEP06,Operations,JOB12,Supply Chain Analyst,2024-02-01,21,29470.77,29470.77,0,21,3,0,3
EMP0063-2024-03,EMP0063,Edin Yakpa,Male,1981-05-13,2018-09-26,,Active,8,3,DEP06,Operations,JOB12,Supply Chain Analyst,2024-03-01,21,29470.77,29470.77,0,0,0,0,3
EMP0063-2024-04,EMP0063,Edin Yakpa,Male,1981-05-13,2018-09-26,,Active,8,3,DEP06,Operations,JOB12,Supply Chain Analyst,2024-04-01,22,29470.77,29470.77,0,10,0,3,2
EMP0063-2024-05,EMP0063,Edin Yakpa,Male,1981-05-13,2018-09-26,,Active,8,3,DEP06,Operations,JOB12,Supply Chain Analyst,2024-05-01,23,29470.77,29470.77,0,14,1,2,3
EMP0063-2024-06,EMP0063,Edin Yakpa,Male,1981-05-13,2018-09-26,,Active,8,3,DEP06,Operations,JOB12,Supply Chain Analyst,2024-06-01,20,29470.77,29470.77,0,12,0,13,3
EMP0063-2024-07,EMP0063,Edin Yakpa,Male,1981-05-13,2018-09-26,,Active,8,3,DEP06,Operations,JOB12,Supply Chain Analyst,2024-07-01,23,29470.77,29470.77,0,12,3,16,2
EMP0063-2024-08,EMP0063,Edin Yakpa,Male,1981-05-13,2018-09-26,,Active,8,3,DEP06,Operations,JOB12,Supply Chain Analyst,2024-08-01,22,29470.77,29470.77,0,0,2,4,4
EMP0063-2024-09,EMP0063,Edin Yakpa,Male,1981-05-13,2018-09-26,,Active,8,3,DEP06,Operations,JOB12,Supply Chain Analyst,2024-09-01,21,29470.77,29470.77,0,22,1,7,4
EMP0063-2024-10,EMP0063,Edin Yakpa,Male,1981-05-13,2018-09-26,,Active,8,3,DEP06,Operations,JOB12,Supply Chain Analyst,2024-10-01,23,29470.77,29470.77,0,2,3,4,3
EMP0063-2024-11,EMP0063,Edin Yakpa,Male,1981-05-13,2018-09-26,,Active,8,3,DEP06,Operations,JOB12,Supply Chain Analyst,2024-11-01,21,29470.77,29470.77,0,12,0,0,3
EMP0063-2024-12,EMP0063,Edin Yakpa,Male,1981-05-13,2018-09-26,,Active,8,3,DEP06,Operations,JOB12,Supply Chain Analyst,2024-12-01,22,29470.77,29470.77,0,6,0,0,4
EMP0063-2025-01,EMP0063,Edin Yakpa,Male,1981-05-13,2018-09-26,,Active,8,3,DEP06,Operations,JOB12,Supply Chain Analyst,2025-01-01,23,31919.35,31919.35,3201.47,9,0,7,3
EMP0063-2025-02,EMP0063,Edin Yakpa,Male,1981-05-13,2018-09-26,,Active,8,3,DEP06,Operations,JOB12,Supply Chain Analyst,2025-02-01,20,31919.35,31919.35,0,27,0,3,3
EMP0063-2025-03,EMP0063,Edin Yakpa,Male,1981-05-13,2018-09-26,,Active,8,3,DEP06,Operations,JOB12,Supply Chain Analyst,2025-03-01,21,31919.35,31919.35,0,20,0,4,3
EMP0063-2025-04,EMP0063,Edin Yakpa,Male,1981-05-13,2018-09-26,,Active,8,3,DEP06,Operations,JOB12,Supply Chain Analyst,2025-04-01,22,31919.35,31919.35,3500.77,13,0,0,4
EMP0063-2025-05,EMP0063,Edin Yakpa,Male,1981-05-13,2018-09-26,,Active,8,3,DEP06,Operations,JOB12,Supply Chain Analyst,2025-05-01,22,31919.35,31919.35,0,0,1,0,3
EMP0063-2025-06,EMP0063,Edin Yakpa,Male,1981-05-13,2018-09-26,,Active,8,3,DEP06,Operations,JOB12,Supply Chain Analyst,2025-06-01,21,31919.35,31919.35,0,15,1,9,3
EMP0063-2025-07,EMP0063,Edin Yakpa,Male,1981-05-13,2018-09-26,,Active,8,3,DEP06,Operations,JOB12,Supply Chain Analyst,2025-07-01,23,31919.35,31919.35,0,0,2,0,3
EMP0063-2025-08,EMP0063,Edin Yakpa,Male,1981-05-13,2018-09-26,,Active,8,3,DEP06,Operations,JOB12,Supply Chain Analyst,2025-08-01,21,31919.35,31919.35,0,36,0,6,3
EMP0063-2025-09,EMP0063,Edin Yakpa,Male,1981-05-13,2018-09-26,,Active,8,3,DEP06,Operations,JOB12,Supply Chain Analyst,2025-09-01,22,31919.35,31919.35,0,21,0,0,3
EMP0063-2025-10,EMP0063,Edin Yakpa,Male,1981-05-13,2018-09-26,,Active,8,3,DEP06,Operations,JOB12,Supply Chain Analyst,2025-10-01,23,31919.35,31919.35,0,0,1,0,3
EMP0063-2025-11,EMP0063,Edin Yakpa,Male,1981-05-13,2018-09-26,,Active,8,3,DEP06,Operations,JOB12,Supply Chain Analyst,2025-11-01,20,31919.35,31919.35,1418.19,0,3,2,3
EMP0063-2025-12,EMP0063,Edin Yakpa,Male,1981-05-13,2018-09-26,,Active,8,3,DEP06,Operations,JOB12,Supply Chain Analyst,2025-12-01,23,31919.35,31919.35,0,1,0,0,3
EMP0064-2024-01,EMP0064,Mathilde Johnson,Female,1994-04-24,2018-09-24,,Active,0,1,DEP06,Operations,JOB12,Supply Chain Analyst,2024-01-01,23,13643.67,13643.67,1725.06,0,3,4,4
EMP0064-2024-02,EMP0064,Mathilde Johnson,Female,1994-04-24,2018-09-24,,Active,0,1,DEP06,Operations,JOB12,Supply Chain Analyst,2024-02-01,21,13643.67,13643.67,0,24,1,10,4
EMP0064-2024-03,EMP0064,Mathilde Johnson,Female,1994-04-24,2018-09-24,,Active,0,1,DEP06,Operations,JOB12,Supply Chain Analyst,2024-03-01,21,13643.67,13643.67,619.83,6,1,5,4
EMP0064-2024-04,EMP0064,Mathilde Johnson,Female,1994-04-24,2018-09-24,,Active,0,1,DEP06,Operations,JOB12,Supply Chain Analyst,2024-04-01,22,13643.67,13643.67,705.24,0,0,0,4
EMP0064-2024-05,EMP0064,Mathilde Johnson,Female,1994-04-24,2018-09-24,,Active,0,1,DEP06,Operations,JOB12,Supply Chain Analyst,2024-05-01,23,13643.67,13643.67,1365.53,18,4,0,3
EMP0064-2024-06,EMP0064,Mathilde Johnson,Female,1994-04-24,2018-09-24,,Active,0,1,DEP06,Operations,JOB12,Supply Chain Analyst,2024-06-01,20,13643.67,13643.67,0,0,0,10,3
EMP0064-2024-07,EMP0064,Mathilde Johnson,Female,1994-04-24,2018-09-24,,Active,0,1,DEP06,Operations,JOB12,Supply Chain Analyst,2024-07-01,23,13643.67,13643.67,0,0,1,13,3
EMP0064-2024-08,EMP0064,Mathilde Johnson,Female,1994-04-24,2018-09-24,,Active,0,1,DEP06,Operations,JOB12,Supply Chain Analyst,2024-08-01,22,13643.67,13643.67,0,6,0,0,3
EMP0064-2024-09,EMP0064,Mathilde Johnson,Female,1994-04-24,2018-09-24,,Active,0,1,DEP06,Operations,JOB12,Supply Chain Analyst,2024-09-01,21,13643.67,13643.67,0,16,1,5,3
EMP0064-2024-10,EMP0064,Mathilde Johnson,Female,1994-04-24,2018-09-24,,Active,0,1,DEP06,Operations,JOB12,Supply Chain Analyst,2024-10-01,23,13643.67,13643.67,1254.77,5,0,6,4
EMP0064-2024-11,EMP0064,Mathilde Johnson,Female,1994-04-24,2018-09-24,,Active,0,1,DEP06,Operations,JOB12,Supply Chain Analyst,2024-11-01,21,13643.67,13643.67,1079.17,13,1,0,3
EMP0064-2024-12,EMP0064,Mathilde Johnson,Female,1994-04-24,2018-09-24,,Active,0,1,DEP06,Operations,JOB12,Supply Chain Analyst,2024-12-01,22,13643.67,13643.67,0,26,0,2,4
EMP0064-2025-01,EMP0064,Mathilde Johnson,Female,1994-04-24,2018-09-24,,Active,0,1,DEP06,Operations,JOB12,Supply Chain Analyst,2025-01-01,23,14708.33,14708.33,0,7,0,15,3
EMP0064-2025-02,EMP0064,Mathilde Johnson,Female,1994-04-24,2018-09-24,,Active,0,1,DEP06,Operations,JOB12,Supply Chain Analyst,2025-02-01,20,14708.33,14708.33,0,9,3,0,4
EMP0064-2025-03,EMP0064,Mathilde Johnson,Female,1994-04-24,2018-09-24,,Active,0,1,DEP06,Operations,JOB12,Supply Chain Analyst,2025-03-01,21,14708.33,14708.33,1286.31,20,0,8,4
EMP0064-2025-04,EMP0064,Mathilde Johnson,Female,1994-04-24,2018-09-24,,Active,0,1,DEP06,Operations,JOB12,Supply Chain Analyst,2025-04-01,22,14708.33,14708.33,0,0,1,0,4
EMP0064-2025-05,EMP0064,Mathilde Johnson,Female,1994-04-24,2018-09-24,,Active,0,1,DEP06,Operations,JOB12,Supply Chain Analyst,2025-05-01,22,14708.33,14708.33,0,3,2,0,4
EMP0064-2025-06,EMP0064,Mathilde Johnson,Female,1994-04-24,2018-09-24,,Active,0,1,DEP06,Operations,JOB12,Supply Chain Analyst,2025-06-01,21,14708.33,14708.33,822.29,6,2,0,3
EMP0064-2025-07,EMP0064,Mathilde Johnson,Female,1994-04-24,2018-09-24,,Active,0,1,DEP06,Operations,JOB12,Supply Chain Analyst,2025-07-01,23,14708.33,14708.33,1613.09,0,0,0,4
EMP0064-2025-08,EMP0064,Mathilde Johnson,Female,1994-04-24,2018-09-24,,Active,0,1,DEP06,Operations,JOB12,Supply Chain Analyst,2025-08-01,21,14708.33,14708.33,0,8,0,1,3
EMP0064-2025-09,EMP0064,Mathilde Johnson,Female,1994-04-24,2018-09-24,,Active,0,1,DEP06,Operations,JOB12,Supply Chain Analyst,2025-09-01,22,14708.33,14708.33,1662.27,0,0,0,3
EMP0064-2025-10,EMP0064,Mathilde Johnson,Female,1994-04-24,2018-09-24,,Active,0,1,DEP06,Operations,JOB12,Supply Chain Analyst,2025-10-01,23,14708.33,14708.33,991.67,0,0,0,4
EMP0064-2025-11,EMP0064,Mathilde Johnson,Female,1994-04-24,2018-09-24,,Active,0,1,DEP06,Operations,JOB12,Supply Chain Analyst,2025-11-01,20,14708.33,14708.33,335.27,30,3,0,4
EMP0064-2025-12,EMP0064,Mathilde Johnson,Female,1994-04-24,2018-09-24,,Active,0,1,DEP06,Operations,JOB12,Supply Chain Analyst,2025-12-01,23,14708.33,14708.33,1020.53,8,1,6,4
EMP0065-2024-01,EMP0065,Amanda Safitri,Female,1976-01-19,2020-11-16,,Active,6,2,DEP01,Human Resources,JOB02,Recruiter,2024-01-01,23,12788.53,12788.53,0,0,0,0,2
EMP0065-2024-02,EMP0065,Amanda Safitri,Female,1976-01-19,2020-11-16,,Active,6,2,DEP01,Human Resources,JOB02,Recruiter,2024-02-01,21,12788.53,12788.53,0,0,1,6,3
EMP0065-2024-03,EMP0065,Amanda Safitri,Female,1976-01-19,2020-11-16,,Active,6,2,DEP01,Human Resources,JOB02,Recruiter,2024-03-01,21,12788.53,12788.53,1337.29,6,0,14,4
EMP0065-2024-04,EMP0065,Amanda Safitri,Female,1976-01-19,2020-11-16,,Active,6,2,DEP01,Human Resources,JOB02,Recruiter,2024-04-01,22,12788.53,12788.53,0,35,2,1,4
EMP0065-2024-05,EMP0065,Amanda Safitri,Female,1976-01-19,2020-11-16,,Active,6,2,DEP01,Human Resources,JOB02,Recruiter,2024-05-01,23,12788.53,12788.53,0,0,3,3,4
EMP0065-2024-06,EMP0065,Amanda Safitri,Female,1976-01-19,2020-11-16,,Active,6,2,DEP01,Human Resources,JOB02,Recruiter,2024-06-01,20,12788.53,12788.53,0,22,0,16,4
EMP0065-2024-07,EMP0065,Amanda Safitri,Female,1976-01-19,2020-11-16,,Active,6,2,DEP01,Human Resources,JOB02,Recruiter,2024-07-01,23,12788.53,12788.53,1159.86,0,1,7,3
EMP0065-2024-08,EMP0065,Amanda Safitri,Female,1976-01-19,2020-11-16,,Active,6,2,DEP01,Human Resources,JOB02,Recruiter,2024-08-01,22,12788.53,12788.53,0,2,3,4,4
EMP0065-2024-09,EMP0065,Amanda Safitri,Female,1976-01-19,2020-11-16,,Active,6,2,DEP01,Human Resources,JOB02,Recruiter,2024-09-01,21,12788.53,12788.53,1471.89,22,1,6,4
EMP0065-2024-10,EMP0065,Amanda Safitri,Female,1976-01-19,2020-11-16,,Active,6,2,DEP01,Human Resources,JOB02,Recruiter,2024-10-01,23,12788.53,12788.53,0,0,0,0,4
EMP0065-2024-11,EMP0065,Amanda Safitri,Female,1976-01-19,2020-11-16,,Active,6,2,DEP01,Human Resources,JOB02,Recruiter,2024-11-01,21,12788.53,12788.53,0,10,1,4,4
EMP0065-2024-12,EMP0065,Amanda Safitri,Female,1976-01-19,2020-11-16,,Active,6,2,DEP01,Human Resources,JOB02,Recruiter,2024-12-01,22,12788.53,12788.53,0,0,2,15,3
EMP0065-2025-01,EMP0065,Amanda Safitri,Female,1976-01-19,2020-11-16,,Active,6,2,DEP01,Human Resources,JOB02,Recruiter,2025-01-01,23,13920.42,13920.42,1610.02,4,0,5,3
EMP0065-2025-02,EMP0065,Amanda Safitri,Female,1976-01-19,2020-11-16,,Active,6,2,DEP01,Human Resources,JOB02,Recruiter,2025-02-01,20,13920.42,13920.42,0,0,2,0,4
EMP0065-2025-03,EMP0065,Amanda Safitri,Female,1976-01-19,2020-11-16,,Active,6,2,DEP01,Human Resources,JOB02,Recruiter,2025-03-01,21,13920.42,13920.42,0,0,0,0,3
EMP0065-2025-04,EMP0065,Amanda Safitri,Female,1976-01-19,2020-11-16,,Active,6,2,DEP01,Human Resources,JOB02,Recruiter,2025-04-01,22,13920.42,13920.42,2080.19,0,0,11,4
EMP0065-2025-05,EMP0065,Amanda Safitri,Female,1976-01-19,2020-11-16,,Active,6,2,DEP01,Human Resources,JOB02,Recruiter,2025-05-01,22,13920.42,13920.42,0,0,0,6,4
EMP0065-2025-06,EMP0065,Amanda Safitri,Female,1976-01-19,2020-11-16,,Active,6,2,DEP01,Human Resources,JOB02,Recruiter,2025-06-01,21,13920.42,13920.42,0,0,0,8,3
EMP0065-2025-07,EMP0065,Amanda Safitri,Female,1976-01-19,2020-11-16,,Active,6,2,DEP01,Human Resources,JOB02,Recruiter,2025-07-01,23,13920.42,13920.42,0,3,2,0,4
EMP0065-2025-08,EMP0065,Amanda Safitri,Female,1976-01-19,2020-11-16,,Active,6,2,DEP01,Human Resources,JOB02,Recruiter,2025-08-01,21,13920.42,13920.42,1338.47,23,2,5,3
EMP0065-2025-09,EMP0065,Amanda Safitri,Female,1976-01-19,2020-11-16,,Active,6,2,DEP01,Human Resources,JOB02,Recruiter,2025-09-01,22,13920.42,13920.42,0,0,2,6,3
EMP0065-2025-10,EMP0065,Amanda Safitri,Female,1976-01-19,2020-11-16,,Active,6,2,DEP01,Human Resources,JOB02,Recruiter,2025-10-01,23,13920.42,13920.42,0,18,0,0,3
EMP0065-2025-11,EMP0065,Amanda Safitri,Female,1976-01-19,2020-11-16,,Active,6,2,DEP01,Human Resources,JOB02,Recruiter,2025-11-01,20,13920.42,13920.42,295.36,12,0,7,3
EMP0065-2025-12,EMP0065,Amanda Safitri,Female,1976-01-19,2020-11-16,,Active,6,2,DEP01,Human Resources,JOB02,Recruiter,2025-12-01,23,13920.42,13920.42,0,40,1,0,3
EMP0066-2024-01,EMP0066,Yasser Lewis,Male,1980-05-11,2017-04-22,,Active,9,3,DEP04,Sales,JOB07,Sales Executive,2024-01-01,23,20506.61,20506.61,3002.16,0,3,0,4
EMP0066-2024-02,EMP0066,Yasser Lewis,Male,1980-05-11,2017-04-22,,Active,9,3,DEP04,Sales,JOB07,Sales Executive,2024-02-01,21,20506.61,20506.61,0,0,2,8,3
EMP0066-2024-03,EMP0066,Yasser Lewis,Male,1980-05-11,2017-04-22,,Active,9,3,DEP04,Sales,JOB07,Sales Executive,2024-03-01,21,20506.61,20506.61,2134.13,9,3,1,3
EMP0066-2024-04,EMP0066,Yasser Lewis,Male,1980-05-11,2017-04-22,,Active,9,3,DEP04,Sales,JOB07,Sales Executive,2024-04-01,22,20506.61,20506.61,0,20,4,0,3
EMP0066-2024-05,EMP0066,Yasser Lewis,Male,1980-05-11,2017-04-22,,Active,9,3,DEP04,Sales,JOB07,Sales Executive,2024-05-01,23,20506.61,20506.61,1369.99,0,0,0,4
EMP0066-2024-06,EMP0066,Yasser Lewis,Male,1980-05-11,2017-04-22,,Active,9,3,DEP04,Sales,JOB07,Sales Executive,2024-06-01,20,20506.61,20506.61,913.67,4,2,0,3
EMP0066-2024-07,EMP0066,Yasser Lewis,Male,1980-05-11,2017-04-22,,Active,9,3,DEP04,Sales,JOB07,Sales Executive,2024-07-01,23,20506.61,20506.61,1358.39,0,3,2,3
EMP0066-2024-08,EMP0066,Yasser Lewis,Male,1980-05-11,2017-04-22,,Active,9,3,DEP04,Sales,JOB07,Sales Executive,2024-08-01,22,20506.61,20506.61,2342.89,0,1,0,4
EMP0066-2024-09,EMP0066,Yasser Lewis,Male,1980-05-11,2017-04-22,,Active,9,3,DEP04,Sales,JOB07,Sales Executive,2024-09-01,21,20506.61,20506.61,0,2,1,10,3
EMP0066-2024-10,EMP0066,Yasser Lewis,Male,1980-05-11,2017-04-22,,Active,9,3,DEP04,Sales,JOB07,Sales Executive,2024-10-01,23,20506.61,20506.61,1733.43,0,0,7,4
EMP0066-2024-11,EMP0066,Yasser Lewis,Male,1980-05-11,2017-04-22,,Active,9,3,DEP04,Sales,JOB07,Sales Executive,2024-11-01,21,20506.61,20506.61,0,17,0,5,3
EMP0066-2024-12,EMP0066,Yasser Lewis,Male,1980-05-11,2017-04-22,,Active,9,3,DEP04,Sales,JOB07,Sales Executive,2024-12-01,22,20506.61,20506.61,1736.9,21,2,6,3
EMP0066-2025-01,EMP0066,Yasser Lewis,Male,1980-05-11,2017-04-22,,Active,9,3,DEP04,Sales,JOB07,Sales Executive,2025-01-01,23,22340.21,22340.21,1145.7,14,1,3,4
EMP0066-2025-02,EMP0066,Yasser Lewis,Male,1980-05-11,2017-04-22,,Active,9,3,DEP04,Sales,JOB07,Sales Executive,2025-02-01,20,22340.21,22340.21,1911.6,0,0,7,4
EMP0066-2025-03,EMP0066,Yasser Lewis,Male,1980-05-11,2017-04-22,,Active,9,3,DEP04,Sales,JOB07,Sales Executive,2025-03-01,21,22340.21,22340.21,2231.26,7,0,5,3
EMP0066-2025-04,EMP0066,Yasser Lewis,Male,1980-05-11,2017-04-22,,Active,9,3,DEP04,Sales,JOB07,Sales Executive,2025-04-01,22,22340.21,22340.21,0,0,1,3,4
EMP0066-2025-05,EMP0066,Yasser Lewis,Male,1980-05-11,2017-04-22,,Active,9,3,DEP04,Sales,JOB07,Sales Executive,2025-05-01,22,22340.21,22340.21,0,1,0,0,3
EMP0066-2025-06,EMP0066,Yasser Lewis,Male,1980-05-11,2017-04-22,,Active,9,3,DEP04,Sales,JOB07,Sales Executive,2025-06-01,21,22340.21,22340.21,0,27,0,0,4
EMP0066-2025-07,EMP0066,Yasser Lewis,Male,1980-05-11,2017-04-22,,Active,9,3,DEP04,Sales,JOB07,Sales Executive,2025-07-01,23,22340.21,22340.21,2175.45,7,4,5,3
EMP0066-2025-08,EMP0066,Yasser Lewis,Male,1980-05-11,2017-04-22,,Active,9,3,DEP04,Sales,JOB07,Sales Executive,2025-08-01,21,22340.21,22340.21,0,4,0,10,3
EMP0066-2025-09,EMP0066,Yasser Lewis,Male,1980-05-11,2017-04-22,,Active,9,3,DEP04,Sales,JOB07,Sales Executive,2025-09-01,22,22340.21,22340.21,0,0,0,3,4
EMP0066-2025-10,EMP0066,Yasser Lewis,Male,1980-05-11,2017-04-22,,Active,9,3,DEP04,Sales,JOB07,Sales Executive,2025-10-01,23,22340.21,22340.21,0,37,1,4,3
EMP0066-2025-11,EMP0066,Yasser Lewis,Male,1980-05-11,2017-04-22,,Active,9,3,DEP04,Sales,JOB07,Sales Executive,2025-11-01,20,22340.21,22340.21,526.36,0,3,0,3
EMP0066-2025-12,EMP0066,Yasser Lewis,Male,1980-05-11,2017-04-22,,Active,9,3,DEP04,Sales,JOB07,Sales Executive,2025-12-01,23,22340.21,22340.21,2969.56,23,1,2,3
EMP0067-2024-01,EMP0067,Togiola McGuire,Male,1995-06-19,2018-05-10,,Active,0,1,DEP02,Finance,JOB04,Financial Analyst,2024-01-01,23,8900.41,8900.41,245.26,18,1,4,4
EMP0067-2024-02,EMP0067,Togiola McGuire,Male,1995-06-19,2018-05-10,,Active,0,1,DEP02,Finance,JOB04,Financial Analyst,2024-02-01,21,8900.41,8900.41,275.76,0,0,12,4
EMP0067-2024-03,EMP0067,Togiola McGuire,Male,1995-06-19,2018-05-10,,Active,0,1,DEP02,Finance,JOB04,Financial Analyst,2024-03-01,21,8900.41,8900.41,0,10,3,0,3
EMP0067-2024-04,EMP0067,Togiola McGuire,Male,1995-06-19,2018-05-10,,Active,0,1,DEP02,Finance,JOB04,Financial Analyst,2024-04-01,22,8900.41,8900.41,0,9,0,8,4
EMP0067-2024-05,EMP0067,Togiola McGuire,Male,1995-06-19,2018-05-10,,Active,0,1,DEP02,Finance,JOB04,Financial Analyst,2024-05-01,23,8900.41,8900.41,438.92,0,1,0,3
EMP0067-2024-06,EMP0067,Togiola McGuire,Male,1995-06-19,2018-05-10,,Active,0,1,DEP02,Finance,JOB04,Financial Analyst,2024-06-01,20,8900.41,8900.41,283.83,20,3,12,3
EMP0067-2024-07,EMP0067,Togiola McGuire,Male,1995-06-19,2018-05-10,,Active,0,1,DEP02,Finance,JOB04,Financial Analyst,2024-07-01,23,8900.41,8900.41,316.51,14,3,5,4
EMP0067-2024-08,EMP0067,Togiola McGuire,Male,1995-06-19,2018-05-10,,Active,0,1,DEP02,Finance,JOB04,Financial Analyst,2024-08-01,22,8900.41,8900.41,212.24,4,4,13,4
EMP0067-2024-09,EMP0067,Togiola McGuire,Male,1995-06-19,2018-05-10,,Active,0,1,DEP02,Finance,JOB04,Financial Analyst,2024-09-01,21,8900.41,8900.41,0,0,1,1,3
EMP0067-2024-10,EMP0067,Togiola McGuire,Male,1995-06-19,2018-05-10,,Active,0,1,DEP02,Finance,JOB04,Financial Analyst,2024-10-01,23,8900.41,8900.41,902.72,0,0,6,4
EMP0067-2024-11,EMP0067,Togiola McGuire,Male,1995-06-19,2018-05-10,,Active,0,1,DEP02,Finance,JOB04,Financial Analyst,2024-11-01,21,8900.41,8900.41,0,10,1,6,4
EMP0067-2024-12,EMP0067,Togiola McGuire,Male,1995-06-19,2018-05-10,,Active,0,1,DEP02,Finance,JOB04,Financial Analyst,2024-12-01,22,8900.41,8900.41,0,1,0,3,3
EMP0067-2025-01,EMP0067,Togiola McGuire,Male,1995-06-19,2018-05-10,,Active,0,1,DEP02,Finance,JOB04,Financial Analyst,2025-01-01,23,9666.32,9666.32,978.01,0,0,2,4
EMP0067-2025-02,EMP0067,Togiola McGuire,Male,1995-06-19,2018-05-10,,Active,0,1,DEP02,Finance,JOB04,Financial Analyst,2025-02-01,20,9666.32,9666.32,445.19,20,0,3,4
EMP0067-2025-03,EMP0067,Togiola McGuire,Male,1995-06-19,2018-05-10,,Active,0,1,DEP02,Finance,JOB04,Financial Analyst,2025-03-01,21,9666.32,9666.32,1080.51,4,0,9,4
EMP0067-2025-04,EMP0067,Togiola McGuire,Male,1995-06-19,2018-05-10,,Active,0,1,DEP02,Finance,JOB04,Financial Analyst,2025-04-01,22,9666.32,9666.32,1226.02,8,0,10,4
EMP0067-2025-05,EMP0067,Togiola McGuire,Male,1995-06-19,2018-05-10,,Active,0,1,DEP02,Finance,JOB04,Financial Analyst,2025-05-01,22,9666.32,9666.32,0,32,2,15,3
EMP0067-2025-06,EMP0067,Togiola McGuire,Male,1995-06-19,2018-05-10,,Active,0,1,DEP02,Finance,JOB04,Financial Analyst,2025-06-01,21,9666.32,9666.32,0,5,4,11,4
EMP0067-2025-07,EMP0067,Togiola McGuire,Male,1995-06-19,2018-05-10,,Active,0,1,DEP02,Finance,JOB04,Financial Analyst,2025-07-01,23,9666.32,9666.32,1256.63,0,0,0,4
EMP0067-2025-08,EMP0067,Togiola McGuire,Male,1995-06-19,2018-05-10,,Active,0,1,DEP02,Finance,JOB04,Financial Analyst,2025-08-01,21,9666.32,9666.32,0,0,0,0,4
EMP0067-2025-09,EMP0067,Togiola McGuire,Male,1995-06-19,2018-05-10,,Active,0,1,DEP02,Finance,JOB04,Financial Analyst,2025-09-01,22,9666.32,9666.32,1201.29,4,0,0,4
EMP0067-2025-10,EMP0067,Togiola McGuire,Male,1995-06-19,2018-05-10,,Active,0,1,DEP02,Finance,JOB04,Financial Analyst,2025-10-01,23,9666.32,9666.32,288.96,0,3,5,4
EMP0067-2025-11,EMP0067,Togiola McGuire,Male,1995-06-19,2018-05-10,,Active,0,1,DEP02,Finance,JOB04,Financial Analyst,2025-11-01,20,9666.32,9666.32,1027.6,4,1,0,4
EMP0067-2025-12,EMP0067,Togiola McGuire,Male,1995-06-19,2018-05-10,,Active,0,1,DEP02,Finance,JOB04,Financial Analyst,2025-12-01,23,9666.32,9666.32,323.77,0,3,6,5
EMP0068-2024-01,EMP0068,Majid Won Pat,Male,1986-12-23,2020-09-25,,Active,5,2,DEP01,Human Resources,JOB02,Recruiter,2024-01-01,23,13105.37,13105.37,0,6,0,0,3
EMP0068-2024-02,EMP0068,Majid Won Pat,Male,1986-12-23,2020-09-25,,Active,5,2,DEP01,Human Resources,JOB02,Recruiter,2024-02-01,21,13105.37,13105.37,0,0,0,14,3
EMP0068-2024-03,EMP0068,Majid Won Pat,Male,1986-12-23,2020-09-25,,Active,5,2,DEP01,Human Resources,JOB02,Recruiter,2024-03-01,21,13105.37,13105.37,0,36,0,0,3
EMP0068-2024-04,EMP0068,Majid Won Pat,Male,1986-12-23,2020-09-25,,Active,5,2,DEP01,Human Resources,JOB02,Recruiter,2024-04-01,22,13105.37,13105.37,0,6,2,0,3
EMP0068-2024-05,EMP0068,Majid Won Pat,Male,1986-12-23,2020-09-25,,Active,5,2,DEP01,Human Resources,JOB02,Recruiter,2024-05-01,23,13105.37,13105.37,0,29,1,3,3
EMP0068-2024-06,EMP0068,Majid Won Pat,Male,1986-12-23,2020-09-25,,Active,5,2,DEP01,Human Resources,JOB02,Recruiter,2024-06-01,20,13105.37,13105.37,863.01,0,1,8,4
EMP0068-2024-07,EMP0068,Majid Won Pat,Male,1986-12-23,2020-09-25,,Active,5,2,DEP01,Human Resources,JOB02,Recruiter,2024-07-01,23,13105.37,13105.37,0,0,0,0,3
EMP0068-2024-08,EMP0068,Majid Won Pat,Male,1986-12-23,2020-09-25,,Active,5,2,DEP01,Human Resources,JOB02,Recruiter,2024-08-01,22,13105.37,13105.37,705.91,8,3,3,4
EMP0068-2024-09,EMP0068,Majid Won Pat,Male,1986-12-23,2020-09-25,,Active,5,2,DEP01,Human Resources,JOB02,Recruiter,2024-09-01,21,13105.37,13105.37,0,6,0,1,3
EMP0068-2024-10,EMP0068,Majid Won Pat,Male,1986-12-23,2020-09-25,,Active,5,2,DEP01,Human Resources,JOB02,Recruiter,2024-10-01,23,13105.37,13105.37,0,8,0,6,3
EMP0068-2024-11,EMP0068,Majid Won Pat,Male,1986-12-23,2020-09-25,,Active,5,2,DEP01,Human Resources,JOB02,Recruiter,2024-11-01,21,13105.37,13105.37,1757.25,9,0,5,3
EMP0068-2024-12,EMP0068,Majid Won Pat,Male,1986-12-23,2020-09-25,,Active,5,2,DEP01,Human Resources,JOB02,Recruiter,2024-12-01,22,13105.37,13105.37,1714.82,10,0,0,3
EMP0068-2025-01,EMP0068,Majid Won Pat,Male,1986-12-23,2020-09-25,,Active,5,2,DEP01,Human Resources,JOB02,Recruiter,2025-01-01,23,14173.47,14173.47,1812.61,8,3,0,4
EMP0068-2025-02,EMP0068,Majid Won Pat,Male,1986-12-23,2020-09-25,,Active,5,2,DEP01,Human Resources,JOB02,Recruiter,2025-02-01,20,14173.47,14173.47,1375.12,0,0,5,4
EMP0068-2025-03,EMP0068,Majid Won Pat,Male,1986-12-23,2020-09-25,,Active,5,2,DEP01,Human Resources,JOB02,Recruiter,2025-03-01,21,14173.47,14173.47,0,6,0,7,4
EMP0068-2025-04,EMP0068,Majid Won Pat,Male,1986-12-23,2020-09-25,,Active,5,2,DEP01,Human Resources,JOB02,Recruiter,2025-04-01,22,14173.47,14173.47,1031.94,0,1,0,3
EMP0068-2025-05,EMP0068,Majid Won Pat,Male,1986-12-23,2020-09-25,,Active,5,2,DEP01,Human Resources,JOB02,Recruiter,2025-05-01,22,14173.47,14173.47,0,20,1,3,4
EMP0068-2025-06,EMP0068,Majid Won Pat,Male,1986-12-23,2020-09-25,,Active,5,2,DEP01,Human Resources,JOB02,Recruiter,2025-06-01,21,14173.47,14173.47,0,3,2,2,3
EMP0068-2025-07,EMP0068,Majid Won Pat,Male,1986-12-23,2020-09-25,,Active,5,2,DEP01,Human Resources,JOB02,Recruiter,2025-07-01,23,14173.47,14173.47,0,0,0,14,2
EMP0068-2025-08,EMP0068,Majid Won Pat,Male,1986-12-23,2020-09-25,,Active,5,2,DEP01,Human Resources,JOB02,Recruiter,2025-08-01,21,14173.47,14173.47,496.78,8,1,10,4
EMP0068-2025-09,EMP0068,Majid Won Pat,Male,1986-12-23,2020-09-25,,Active,5,2,DEP01,Human Resources,JOB02,Recruiter,2025-09-01,22,14173.47,14173.47,0,0,0,6,4
EMP0068-2025-10,EMP0068,Majid Won Pat,Male,1986-12-23,2020-09-25,,Active,5,2,DEP01,Human Resources,JOB02,Recruiter,2025-10-01,23,14173.47,14173.47,552.05,2,0,8,4
EMP0068-2025-11,EMP0068,Majid Won Pat,Male,1986-12-23,2020-09-25,,Active,5,2,DEP01,Human Resources,JOB02,Recruiter,2025-11-01,20,14173.47,14173.47,1883.21,7,0,1,4
EMP0068-2025-12,EMP0068,Majid Won Pat,Male,1986-12-23,2020-09-25,,Active,5,2,DEP01,Human Resources,JOB02,Recruiter,2025-12-01,23,14173.47,14173.47,0,7,0,0,3
EMP0069-2024-04,EMP0069,Winnie McDaniel,Female,1983-06-06,2024-03-30,,Active,4,2,DEP05,Marketing,JOB09,Marketing Specialist,2024-04-01,22,12942.97,12942.97,992.86,6,2,1,3
EMP0069-2024-05,EMP0069,Winnie McDaniel,Female,1983-06-06,2024-03-30,,Active,4,2,DEP05,Marketing,JOB09,Marketing Specialist,2024-05-01,23,12942.97,12942.97,0,1,1,10,4
EMP0069-2024-06,EMP0069,Winnie McDaniel,Female,1983-06-06,2024-03-30,,Active,4,2,DEP05,Marketing,JOB09,Marketing Specialist,2024-06-01,20,12942.97,12942.97,0,11,2,1,4
EMP0069-2024-07,EMP0069,Winnie McDaniel,Female,1983-06-06,2024-03-30,,Active,4,2,DEP05,Marketing,JOB09,Marketing Specialist,2024-07-01,23,12942.97,12942.97,573.39,8,2,10,3
EMP0069-2024-08,EMP0069,Winnie McDaniel,Female,1983-06-06,2024-03-30,,Active,4,2,DEP05,Marketing,JOB09,Marketing Specialist,2024-08-01,22,12942.97,12942.97,0,2,0,0,4
EMP0069-2024-09,EMP0069,Winnie McDaniel,Female,1983-06-06,2024-03-30,,Active,4,2,DEP05,Marketing,JOB09,Marketing Specialist,2024-09-01,21,12942.97,12942.97,0,0,4,0,4
EMP0069-2024-10,EMP0069,Winnie McDaniel,Female,1983-06-06,2024-03-30,,Active,4,2,DEP05,Marketing,JOB09,Marketing Specialist,2024-10-01,23,12942.97,12942.97,743.14,6,1,0,4
EMP0069-2024-11,EMP0069,Winnie McDaniel,Female,1983-06-06,2024-03-30,,Active,4,2,DEP05,Marketing,JOB09,Marketing Specialist,2024-11-01,21,12942.97,12942.97,688.35,3,0,0,4
EMP0069-2024-12,EMP0069,Winnie McDaniel,Female,1983-06-06,2024-03-30,,Active,4,2,DEP05,Marketing,JOB09,Marketing Specialist,2024-12-01,22,12942.97,12942.97,0,8,4,0,4
EMP0069-2025-01,EMP0069,Winnie McDaniel,Female,1983-06-06,2024-03-30,,Active,4,2,DEP05,Marketing,JOB09,Marketing Specialist,2025-01-01,23,13899.05,13899.05,913.32,10,1,3,4
EMP0069-2025-02,EMP0069,Winnie McDaniel,Female,1983-06-06,2024-03-30,,Active,4,2,DEP05,Marketing,JOB09,Marketing Specialist,2025-02-01,20,13899.05,13899.05,0,6,1,6,3
EMP0069-2025-03,EMP0069,Winnie McDaniel,Female,1983-06-06,2024-03-30,,Active,4,2,DEP05,Marketing,JOB09,Marketing Specialist,2025-03-01,21,13899.05,13899.05,289.04,8,0,5,4
EMP0069-2025-04,EMP0069,Winnie McDaniel,Female,1983-06-06,2024-03-30,,Active,4,2,DEP05,Marketing,JOB09,Marketing Specialist,2025-04-01,22,13899.05,13899.05,0,0,1,2,4
EMP0069-2025-05,EMP0069,Winnie McDaniel,Female,1983-06-06,2024-03-30,,Active,4,2,DEP05,Marketing,JOB09,Marketing Specialist,2025-05-01,22,13899.05,13899.05,647.66,6,0,4,3
EMP0069-2025-06,EMP0069,Winnie McDaniel,Female,1983-06-06,2024-03-30,,Active,4,2,DEP05,Marketing,JOB09,Marketing Specialist,2025-06-01,21,13899.05,13899.05,1114.18,0,2,0,4
EMP0069-2025-07,EMP0069,Winnie McDaniel,Female,1983-06-06,2024-03-30,,Active,4,2,DEP05,Marketing,JOB09,Marketing Specialist,2025-07-01,23,13899.05,13899.05,0,9,1,0,4
EMP0069-2025-08,EMP0069,Winnie McDaniel,Female,1983-06-06,2024-03-30,,Active,4,2,DEP05,Marketing,JOB09,Marketing Specialist,2025-08-01,21,13899.05,13899.05,0,0,0,0,3
EMP0069-2025-09,EMP0069,Winnie McDaniel,Female,1983-06-06,2024-03-30,,Active,4,2,DEP05,Marketing,JOB09,Marketing Specialist,2025-09-01,22,13899.05,13899.05,0,19,0,10,4
EMP0069-2025-10,EMP0069,Winnie McDaniel,Female,1983-06-06,2024-03-30,,Active,4,2,DEP05,Marketing,JOB09,Marketing Specialist,2025-10-01,23,13899.05,13899.05,0,16,1,0,4
EMP0069-2025-11,EMP0069,Winnie McDaniel,Female,1983-06-06,2024-03-30,,Active,4,2,DEP05,Marketing,JOB09,Marketing Specialist,2025-11-01,20,13899.05,13899.05,0,1,0,4,4
EMP0069-2025-12,EMP0069,Winnie McDaniel,Female,1983-06-06,2024-03-30,,Active,4,2,DEP05,Marketing,JOB09,Marketing Specialist,2025-12-01,23,13899.05,13899.05,0,19,1,13,4
EMP0070-2024-05,EMP0070,Linda Nyambura,Female,1996-08-13,2024-05-21,,Active,3,2,DEP05,Marketing,JOB09,Marketing Specialist,2024-05-01,9,15446.98,6044.47,0,10,2,0,3
EMP0070-2024-06,EMP0070,Linda Nyambura,Female,1996-08-13,2024-05-21,,Active,3,2,DEP05,Marketing,JOB09,Marketing Specialist,2024-06-01,20,15446.98,15446.98,0,5,3,0,3
EMP0070-2024-07,EMP0070,Linda Nyambura,Female,1996-08-13,2024-05-21,,Active,3,2,DEP05,Marketing,JOB09,Marketing Specialist,2024-07-01,23,15446.98,15446.98,1705.2,0,2,4,3
EMP0070-2024-08,EMP0070,Linda Nyambura,Female,1996-08-13,2024-05-21,,Active,3,2,DEP05,Marketing,JOB09,Marketing Specialist,2024-08-01,22,15446.98,15446.98,0,1,0,0,4
EMP0070-2024-09,EMP0070,Linda Nyambura,Female,1996-08-13,2024-05-21,,Active,3,2,DEP05,Marketing,JOB09,Marketing Specialist,2024-09-01,21,15446.98,15446.98,0,0,0,4,3
EMP0070-2024-10,EMP0070,Linda Nyambura,Female,1996-08-13,2024-05-21,,Active,3,2,DEP05,Marketing,JOB09,Marketing Specialist,2024-10-01,23,15446.98,15446.98,1075.16,0,0,10,3
EMP0070-2024-11,EMP0070,Linda Nyambura,Female,1996-08-13,2024-05-21,,Active,3,2,DEP05,Marketing,JOB09,Marketing Specialist,2024-11-01,21,15446.98,15446.98,0,19,0,3,3
EMP0070-2024-12,EMP0070,Linda Nyambura,Female,1996-08-13,2024-05-21,,Active,3,2,DEP05,Marketing,JOB09,Marketing Specialist,2024-12-01,22,15446.98,15446.98,0,23,3,2,3
EMP0070-2025-01,EMP0070,Linda Nyambura,Female,1996-08-13,2024-05-21,,Active,3,2,DEP05,Marketing,JOB09,Marketing Specialist,2025-01-01,23,16775.61,16775.61,858.51,8,4,3,3
EMP0070-2025-02,EMP0070,Linda Nyambura,Female,1996-08-13,2024-05-21,,Active,3,2,DEP05,Marketing,JOB09,Marketing Specialist,2025-02-01,20,16775.61,16775.61,1608.96,25,0,0,3
EMP0070-2025-03,EMP0070,Linda Nyambura,Female,1996-08-13,2024-05-21,,Active,3,2,DEP05,Marketing,JOB09,Marketing Specialist,2025-03-01,21,16775.61,16775.61,0,7,0,3,3
EMP0070-2025-04,EMP0070,Linda Nyambura,Female,1996-08-13,2024-05-21,,Active,3,2,DEP05,Marketing,JOB09,Marketing Specialist,2025-04-01,22,16775.61,16775.61,0,36,2,4,4
EMP0070-2025-05,EMP0070,Linda Nyambura,Female,1996-08-13,2024-05-21,,Active,3,2,DEP05,Marketing,JOB09,Marketing Specialist,2025-05-01,22,16775.61,16775.61,0,0,1,10,3
EMP0070-2025-06,EMP0070,Linda Nyambura,Female,1996-08-13,2024-05-21,,Active,3,2,DEP05,Marketing,JOB09,Marketing Specialist,2025-06-01,21,16775.61,16775.61,0,34,0,8,3
EMP0070-2025-07,EMP0070,Linda Nyambura,Female,1996-08-13,2024-05-21,,Active,3,2,DEP05,Marketing,JOB09,Marketing Specialist,2025-07-01,23,16775.61,16775.61,0,39,1,1,3
EMP0070-2025-08,EMP0070,Linda Nyambura,Female,1996-08-13,2024-05-21,,Active,3,2,DEP05,Marketing,JOB09,Marketing Specialist,2025-08-01,21,16775.61,16775.61,0,24,2,4,3
EMP0070-2025-09,EMP0070,Linda Nyambura,Female,1996-08-13,2024-05-21,,Active,3,2,DEP05,Marketing,JOB09,Marketing Specialist,2025-09-01,22,16775.61,16775.61,1236.62,0,1,0,4
EMP0070-2025-10,EMP0070,Linda Nyambura,Female,1996-08-13,2024-05-21,,Active,3,2,DEP05,Marketing,JOB09,Marketing Specialist,2025-10-01,23,16775.61,16775.61,0,10,3,5,3
EMP0070-2025-11,EMP0070,Linda Nyambura,Female,1996-08-13,2024-05-21,,Active,3,2,DEP05,Marketing,JOB09,Marketing Specialist,2025-11-01,20,16775.61,16775.61,0,26,0,0,3
EMP0070-2025-12,EMP0070,Linda Nyambura,Female,1996-08-13,2024-05-21,,Active,3,2,DEP05,Marketing,JOB09,Marketing Specialist,2025-12-01,23,16775.61,16775.61,0,0,3,2,3
EMP0071-2024-10,EMP0071,Pann Ren,Female,1988-03-15,2024-10-10,,Active,1,1,DEP03,Information Technology,JOB05,Software Engineer,2024-10-01,16,12398.58,8625.1,841.1,10,1,4,3
EMP0071-2024-11,EMP0071,Pann Ren,Female,1988-03-15,2024-10-10,,Active,1,1,DEP03,Information Technology,JOB05,Software Engineer,2024-11-01,21,12398.58,12398.58,1503.3,0,0,7,4
EMP0071-2024-12,EMP0071,Pann Ren,Female,1988-03-15,2024-10-10,,Active,1,1,DEP03,Information Technology,JOB05,Software Engineer,2024-12-01,22,12398.58,12398.58,1544.91,0,2,4,3
EMP0071-2025-01,EMP0071,Pann Ren,Female,1988-03-15,2024-10-10,,Active,1,1,DEP03,Information Technology,JOB05,Software Engineer,2025-01-01,23,13697.98,13697.98,0,24,0,0,4
EMP0071-2025-02,EMP0071,Pann Ren,Female,1988-03-15,2024-10-10,,Active,1,1,DEP03,Information Technology,JOB05,Software Engineer,2025-02-01,20,13697.98,13697.98,0,1,1,3,3
EMP0071-2025-03,EMP0071,Pann Ren,Female,1988-03-15,2024-10-10,,Active,1,1,DEP03,Information Technology,JOB05,Software Engineer,2025-03-01,21,13697.98,13697.98,1622.87,39,0,8,4
EMP0071-2025-04,EMP0071,Pann Ren,Female,1988-03-15,2024-10-10,,Active,1,1,DEP03,Information Technology,JOB05,Software Engineer,2025-04-01,22,13697.98,13697.98,1171.61,6,2,0,4
EMP0071-2025-05,EMP0071,Pann Ren,Female,1988-03-15,2024-10-10,,Active,1,1,DEP03,Information Technology,JOB05,Software Engineer,2025-05-01,22,13697.98,13697.98,0,20,0,0,3
EMP0071-2025-06,EMP0071,Pann Ren,Female,1988-03-15,2024-10-10,,Active,1,1,DEP03,Information Technology,JOB05,Software Engineer,2025-06-01,21,13697.98,13697.98,0,0,2,8,4
EMP0071-2025-07,EMP0071,Pann Ren,Female,1988-03-15,2024-10-10,,Active,1,1,DEP03,Information Technology,JOB05,Software Engineer,2025-07-01,23,13697.98,13697.98,0,7,0,0,5
EMP0071-2025-08,EMP0071,Pann Ren,Female,1988-03-15,2024-10-10,,Active,1,1,DEP03,Information Technology,JOB05,Software Engineer,2025-08-01,21,13697.98,13697.98,849.35,0,3,0,5
EMP0071-2025-09,EMP0071,Pann Ren,Female,1988-03-15,2024-10-10,,Active,1,1,DEP03,Information Technology,JOB05,Software Engineer,2025-09-01,22,13697.98,13697.98,0,0,1,12,4
EMP0071-2025-10,EMP0071,Pann Ren,Female,1988-03-15,2024-10-10,,Active,1,1,DEP03,Information Technology,JOB05,Software Engineer,2025-10-01,23,13697.98,13697.98,0,0,0,0,3
EMP0071-2025-11,EMP0071,Pann Ren,Female,1988-03-15,2024-10-10,,Active,1,1,DEP03,Information Technology,JOB05,Software Engineer,2025-11-01,20,13697.98,13697.98,833,6,2,3,4
EMP0071-2025-12,EMP0071,Pann Ren,Female,1988-03-15,2024-10-10,,Active,1,1,DEP03,Information Technology,JOB05,Software Engineer,2025-12-01,23,13697.98,13697.98,0,25,2,16,4
EMP0072-2024-07,EMP0072,Ricardo Al-Rowaishan,Male,1990-07-19,2024-07-16,,Active,1,1,DEP02,Finance,JOB03,Accountant,2024-07-01,12,10613.72,5537.59,0,0,0,0,4
EMP0072-2024-08,EMP0072,Ricardo Al-Rowaishan,Male,1990-07-19,2024-07-16,,Active,1,1,DEP02,Finance,JOB03,Accountant,2024-08-01,22,10613.72,10613.72,0,19,0,0,3
EMP0072-2024-09,EMP0072,Ricardo Al-Rowaishan,Male,1990-07-19,2024-07-16,,Active,1,1,DEP02,Finance,JOB03,Accountant,2024-09-01,21,10613.72,10613.72,0,12,0,0,3
EMP0072-2024-10,EMP0072,Ricardo Al-Rowaishan,Male,1990-07-19,2024-07-16,,Active,1,1,DEP02,Finance,JOB03,Accountant,2024-10-01,23,10613.72,10613.72,0,3,0,0,3
EMP0072-2024-11,EMP0072,Ricardo Al-Rowaishan,Male,1990-07-19,2024-07-16,,Active,1,1,DEP02,Finance,JOB03,Accountant,2024-11-01,21,10613.72,10613.72,0,25,1,13,4
EMP0072-2024-12,EMP0072,Ricardo Al-Rowaishan,Male,1990-07-19,2024-07-16,,Active,1,1,DEP02,Finance,JOB03,Accountant,2024-12-01,22,10613.72,10613.72,0,33,2,6,3
EMP0072-2025-01,EMP0072,Ricardo Al-Rowaishan,Male,1990-07-19,2024-07-16,,Active,1,1,DEP02,Finance,JOB03,Accountant,2025-01-01,23,11452.81,11452.81,0,0,4,0,3
EMP0072-2025-02,EMP0072,Ricardo Al-Rowaishan,Male,1990-07-19,2024-07-16,,Active,1,1,DEP02,Finance,JOB03,Accountant,2025-02-01,20,11452.81,11452.81,0,0,1,3,3
EMP0072-2025-03,EMP0072,Ricardo Al-Rowaishan,Male,1990-07-19,2024-07-16,,Active,1,1,DEP02,Finance,JOB03,Accountant,2025-03-01,21,11452.81,11452.81,0,6,0,1,3
EMP0072-2025-04,EMP0072,Ricardo Al-Rowaishan,Male,1990-07-19,2024-07-16,,Active,1,1,DEP02,Finance,JOB03,Accountant,2025-04-01,22,11452.81,11452.81,1430.53,0,4,0,4
EMP0072-2025-05,EMP0072,Ricardo Al-Rowaishan,Male,1990-07-19,2024-07-16,,Active,1,1,DEP02,Finance,JOB03,Accountant,2025-05-01,22,11452.81,11452.81,1354.95,0,3,0,3
EMP0072-2025-06,EMP0072,Ricardo Al-Rowaishan,Male,1990-07-19,2024-07-16,,Active,1,1,DEP02,Finance,JOB03,Accountant,2025-06-01,21,11452.81,11452.81,0,32,1,0,3
EMP0072-2025-07,EMP0072,Ricardo Al-Rowaishan,Male,1990-07-19,2024-07-16,,Active,1,1,DEP02,Finance,JOB03,Accountant,2025-07-01,23,11452.81,11452.81,0,0,0,3,3
EMP0072-2025-08,EMP0072,Ricardo Al-Rowaishan,Male,1990-07-19,2024-07-16,,Active,1,1,DEP02,Finance,JOB03,Accountant,2025-08-01,21,11452.81,11452.81,0,10,0,0,3
EMP0072-2025-09,EMP0072,Ricardo Al-Rowaishan,Male,1990-07-19,2024-07-16,,Active,1,1,DEP02,Finance,JOB03,Accountant,2025-09-01,22,11452.81,11452.81,315.46,0,1,10,4
EMP0072-2025-10,EMP0072,Ricardo Al-Rowaishan,Male,1990-07-19,2024-07-16,,Active,1,1,DEP02,Finance,JOB03,Accountant,2025-10-01,23,11452.81,11452.81,866.79,1,0,4,3
EMP0072-2025-11,EMP0072,Ricardo Al-Rowaishan,Male,1990-07-19,2024-07-16,,Active,1,1,DEP02,Finance,JOB03,Accountant,2025-11-01,20,11452.81,11452.81,0,10,0,0,3
EMP0072-2025-12,EMP0072,Ricardo Al-Rowaishan,Male,1990-07-19,2024-07-16,,Active,1,1,DEP02,Finance,JOB03,Accountant,2025-12-01,23,11452.81,11452.81,0,0,0,1,4
EMP0073-2024-01,EMP0073,Sadia Nemes,Female,1971-02-24,2017-06-26,,Active,8,3,DEP02,Finance,JOB03,Accountant,2024-01-01,23,26573.86,26573.86,0,2,0,0,3
EMP0073-2024-02,EMP0073,Sadia Nemes,Female,1971-02-24,2017-06-26,,Active,8,3,DEP02,Finance,JOB03,Accountant,2024-02-01,21,26573.86,26573.86,0,17,2,0,2
EMP0073-2024-03,EMP0073,Sadia Nemes,Female,1971-02-24,2017-06-26,,Active,8,3,DEP02,Finance,JOB03,Accountant,2024-03-01,21,26573.86,26573.86,0,11,1,7,3
EMP0073-2024-04,EMP0073,Sadia Nemes,Female,1971-02-24,2017-06-26,,Active,8,3,DEP02,Finance,JOB03,Accountant,2024-04-01,22,26573.86,26573.86,0,0,0,0,3
EMP0073-2024-05,EMP0073,Sadia Nemes,Female,1971-02-24,2017-06-26,,Active,8,3,DEP02,Finance,JOB03,Accountant,2024-05-01,23,26573.86,26573.86,0,0,1,0,4
EMP0073-2024-06,EMP0073,Sadia Nemes,Female,1971-02-24,2017-06-26,,Active,8,3,DEP02,Finance,JOB03,Accountant,2024-06-01,20,26573.86,26573.86,0,0,1,0,4
EMP0073-2024-07,EMP0073,Sadia Nemes,Female,1971-02-24,2017-06-26,,Active,8,3,DEP02,Finance,JOB03,Accountant,2024-07-01,23,26573.86,26573.86,0,24,0,2,3
EMP0073-2024-08,EMP0073,Sadia Nemes,Female,1971-02-24,2017-06-26,,Active,8,3,DEP02,Finance,JOB03,Accountant,2024-08-01,22,26573.86,26573.86,0,36,0,6,3
EMP0073-2024-09,EMP0073,Sadia Nemes,Female,1971-02-24,2017-06-26,,Active,8,3,DEP02,Finance,JOB03,Accountant,2024-09-01,21,26573.86,26573.86,1946.13,25,0,1,4
EMP0073-2024-10,EMP0073,Sadia Nemes,Female,1971-02-24,2017-06-26,,Active,8,3,DEP02,Finance,JOB03,Accountant,2024-10-01,23,26573.86,26573.86,0,21,1,0,3
EMP0073-2024-11,EMP0073,Sadia Nemes,Female,1971-02-24,2017-06-26,,Active,8,3,DEP02,Finance,JOB03,Accountant,2024-11-01,21,26573.86,26573.86,0,26,0,3,3
EMP0073-2024-12,EMP0073,Sadia Nemes,Female,1971-02-24,2017-06-26,,Active,8,3,DEP02,Finance,JOB03,Accountant,2024-12-01,22,26573.86,26573.86,0,27,2,1,4
EMP0073-2025-01,EMP0073,Sadia Nemes,Female,1971-02-24,2017-06-26,,Active,8,3,DEP02,Finance,JOB03,Accountant,2025-01-01,23,27636.81,27636.81,955.24,0,1,7,3
EMP0073-2025-02,EMP0073,Sadia Nemes,Female,1971-02-24,2017-06-26,,Active,8,3,DEP02,Finance,JOB03,Accountant,2025-02-01,20,27636.81,27636.81,1071.63,0,0,8,2
EMP0073-2025-03,EMP0073,Sadia Nemes,Female,1971-02-24,2017-06-26,,Active,8,3,DEP02,Finance,JOB03,Accountant,2025-03-01,21,27636.81,27636.81,0,0,2,9,2
EMP0073-2025-04,EMP0073,Sadia Nemes,Female,1971-02-24,2017-06-26,,Active,8,3,DEP02,Finance,JOB03,Accountant,2025-04-01,22,27636.81,27636.81,1804.29,0,4,15,2
EMP0073-2025-05,EMP0073,Sadia Nemes,Female,1971-02-24,2017-06-26,,Active,8,3,DEP02,Finance,JOB03,Accountant,2025-05-01,22,27636.81,27636.81,0,6,3,0,3
EMP0073-2025-06,EMP0073,Sadia Nemes,Female,1971-02-24,2017-06-26,,Active,8,3,DEP02,Finance,JOB03,Accountant,2025-06-01,21,27636.81,27636.81,1778.4,6,2,0,3
EMP0073-2025-07,EMP0073,Sadia Nemes,Female,1971-02-24,2017-06-26,,Active,8,3,DEP02,Finance,JOB03,Accountant,2025-07-01,23,27636.81,27636.81,0,5,0,0,3
EMP0073-2025-08,EMP0073,Sadia Nemes,Female,1971-02-24,2017-06-26,,Active,8,3,DEP02,Finance,JOB03,Accountant,2025-08-01,21,27636.81,27636.81,0,0,0,0,2
EMP0073-2025-09,EMP0073,Sadia Nemes,Female,1971-02-24,2017-06-26,,Active,8,3,DEP02,Finance,JOB03,Accountant,2025-09-01,22,27636.81,27636.81,0,11,0,0,3
EMP0073-2025-10,EMP0073,Sadia Nemes,Female,1971-02-24,2017-06-26,,Active,8,3,DEP02,Finance,JOB03,Accountant,2025-10-01,23,27636.81,27636.81,0,10,1,0,3
EMP0073-2025-11,EMP0073,Sadia Nemes,Female,1971-02-24,2017-06-26,,Active,8,3,DEP02,Finance,JOB03,Accountant,2025-11-01,20,27636.81,27636.81,0,0,1,12,3
EMP0073-2025-12,EMP0073,Sadia Nemes,Female,1971-02-24,2017-06-26,,Active,8,3,DEP02,Finance,JOB03,Accountant,2025-12-01,23,27636.81,27636.81,0,20,3,7,2
EMP0074-2024-01,EMP0074,Issa Imhof,Male,1988-08-15,2021-09-14,,Active,10,4,DEP03,Information Technology,JOB06,IT Support Specialist,2024-01-01,23,41566.05,41566.05,0,0,0,0,3
EMP0074-2024-02,EMP0074,Issa Imhof,Male,1988-08-15,2021-09-14,,Active,10,4,DEP03,Information Technology,JOB06,IT Support Specialist,2024-02-01,21,41566.05,41566.05,0,6,0,5,3
EMP0074-2024-03,EMP0074,Issa Imhof,Male,1988-08-15,2021-09-14,,Active,10,4,DEP03,Information Technology,JOB06,IT Support Specialist,2024-03-01,21,41566.05,41566.05,0,5,0,0,3
EMP0074-2024-04,EMP0074,Issa Imhof,Male,1988-08-15,2021-09-14,,Active,10,4,DEP03,Information Technology,JOB06,IT Support Specialist,2024-04-01,22,41566.05,41566.05,0,0,1,16,3
EMP0074-2024-05,EMP0074,Issa Imhof,Male,1988-08-15,2021-09-14,,Active,10,4,DEP03,Information Technology,JOB06,IT Support Specialist,2024-05-01,23,41566.05,41566.05,0,0,0,3,3
EMP0074-2024-06,EMP0074,Issa Imhof,Male,1988-08-15,2021-09-14,,Active,10,4,DEP03,Information Technology,JOB06,IT Support Specialist,2024-06-01,20,41566.05,41566.05,0,9,0,4,3
EMP0074-2024-07,EMP0074,Issa Imhof,Male,1988-08-15,2021-09-14,,Active,10,4,DEP03,Information Technology,JOB06,IT Support Specialist,2024-07-01,23,41566.05,41566.05,0,10,0,0,4
EMP0074-2024-08,EMP0074,Issa Imhof,Male,1988-08-15,2021-09-14,,Active,10,4,DEP03,Information Technology,JOB06,IT Support Specialist,2024-08-01,22,41566.05,41566.05,0,0,0,0,3
EMP0074-2024-09,EMP0074,Issa Imhof,Male,1988-08-15,2021-09-14,,Active,10,4,DEP03,Information Technology,JOB06,IT Support Specialist,2024-09-01,21,41566.05,41566.05,0,0,0,0,3
EMP0074-2024-10,EMP0074,Issa Imhof,Male,1988-08-15,2021-09-14,,Active,10,4,DEP03,Information Technology,JOB06,IT Support Specialist,2024-10-01,23,41566.05,41566.05,0,0,4,6,3
EMP0074-2024-11,EMP0074,Issa Imhof,Male,1988-08-15,2021-09-14,,Active,10,4,DEP03,Information Technology,JOB06,IT Support Specialist,2024-11-01,21,41566.05,41566.05,0,0,2,4,3
EMP0074-2024-12,EMP0074,Issa Imhof,Male,1988-08-15,2021-09-14,,Active,10,4,DEP03,Information Technology,JOB06,IT Support Specialist,2024-12-01,22,41566.05,41566.05,0,30,0,4,3
EMP0074-2025-01,EMP0074,Issa Imhof,Male,1988-08-15,2021-09-14,,Active,10,4,DEP03,Information Technology,JOB06,IT Support Specialist,2025-01-01,23,43681.75,43681.75,5733.94,0,0,7,4
EMP0074-2025-02,EMP0074,Issa Imhof,Male,1988-08-15,2021-09-14,,Active,10,4,DEP03,Information Technology,JOB06,IT Support Specialist,2025-02-01,20,43681.75,43681.75,0,0,3,3,3
EMP0074-2025-03,EMP0074,Issa Imhof,Male,1988-08-15,2021-09-14,,Active,10,4,DEP03,Information Technology,JOB06,IT Support Specialist,2025-03-01,21,43681.75,43681.75,0,7,0,4,2
EMP0074-2025-04,EMP0074,Issa Imhof,Male,1988-08-15,2021-09-14,,Active,10,4,DEP03,Information Technology,JOB06,IT Support Specialist,2025-04-01,22,43681.75,43681.75,6454.49,27,0,1,4
EMP0074-2025-05,EMP0074,Issa Imhof,Male,1988-08-15,2021-09-14,,Active,10,4,DEP03,Information Technology,JOB06,IT Support Specialist,2025-05-01,22,43681.75,43681.75,0,14,2,1,3
EMP0074-2025-06,EMP0074,Issa Imhof,Male,1988-08-15,2021-09-14,,Active,10,4,DEP03,Information Technology,JOB06,IT Support Specialist,2025-06-01,21,43681.75,43681.75,1182.57,8,3,0,4
EMP0074-2025-07,EMP0074,Issa Imhof,Male,1988-08-15,2021-09-14,,Active,10,4,DEP03,Information Technology,JOB06,IT Support Specialist,2025-07-01,23,43681.75,43681.75,4689.27,17,0,1,4
EMP0074-2025-08,EMP0074,Issa Imhof,Male,1988-08-15,2021-09-14,,Active,10,4,DEP03,Information Technology,JOB06,IT Support Specialist,2025-08-01,21,43681.75,43681.75,0,17,1,6,3
EMP0074-2025-09,EMP0074,Issa Imhof,Male,1988-08-15,2021-09-14,,Active,10,4,DEP03,Information Technology,JOB06,IT Support Specialist,2025-09-01,22,43681.75,43681.75,0,8,0,1,4
EMP0074-2025-10,EMP0074,Issa Imhof,Male,1988-08-15,2021-09-14,,Active,10,4,DEP03,Information Technology,JOB06,IT Support Specialist,2025-10-01,23,43681.75,43681.75,1661.96,0,0,0,3
EMP0074-2025-11,EMP0074,Issa Imhof,Male,1988-08-15,2021-09-14,,Active,10,4,DEP03,Information Technology,JOB06,IT Support Specialist,2025-11-01,20,43681.75,43681.75,0,2,0,2,4
EMP0074-2025-12,EMP0074,Issa Imhof,Male,1988-08-15,2021-09-14,,Active,10,4,DEP03,Information Technology,JOB06,IT Support Specialist,2025-12-01,23,43681.75,43681.75,1225.31,8,2,1,4
EMP0075-2024-01,EMP0075,Osman Fadoul,Male,1966-03-14,2018-09-20,,Active,20,4,DEP02,Finance,JOB03,Accountant,2024-01-01,23,31711.2,31711.2,0,25,2,1,4
EMP0075-2024-02,EMP0075,Osman Fadoul,Male,1966-03-14,2018-09-20,,Active,20,4,DEP02,Finance,JOB03,Accountant,2024-02-01,21,31711.2,31711.2,0,3,1,0,3
EMP0075-2024-03,EMP0075,Osman Fadoul,Male,1966-03-14,2018-09-20,,Active,20,4,DEP02,Finance,JOB03,Accountant,2024-03-01,21,31711.2,31711.2,0,10,2,0,3
EMP0075-2024-04,EMP0075,Osman Fadoul,Male,1966-03-14,2018-09-20,,Active,20,4,DEP02,Finance,JOB03,Accountant,2024-04-01,22,31711.2,31711.2,0,3,0,0,3
EMP0075-2024-05,EMP0075,Osman Fadoul,Male,1966-03-14,2018-09-20,,Active,20,4,DEP02,Finance,JOB03,Accountant,2024-05-01,23,31711.2,31711.2,2816.92,0,0,4,4
EMP0075-2024-06,EMP0075,Osman Fadoul,Male,1966-03-14,2018-09-20,,Active,20,4,DEP02,Finance,JOB03,Accountant,2024-06-01,20,31711.2,31711.2,0,0,1,11,4
EMP0075-2024-07,EMP0075,Osman Fadoul,Male,1966-03-14,2018-09-20,,Active,20,4,DEP02,Finance,JOB03,Accountant,2024-07-01,23,31711.2,31711.2,0,6,0,5,3
EMP0075-2024-08,EMP0075,Osman Fadoul,Male,1966-03-14,2018-09-20,,Active,20,4,DEP02,Finance,JOB03,Accountant,2024-08-01,22,31711.2,31711.2,0,0,2,4,3
EMP0075-2024-09,EMP0075,Osman Fadoul,Male,1966-03-14,2018-09-20,,Active,20,4,DEP02,Finance,JOB03,Accountant,2024-09-01,21,31711.2,31711.2,0,5,0,2,3
EMP0075-2024-10,EMP0075,Osman Fadoul,Male,1966-03-14,2018-09-20,,Active,20,4,DEP02,Finance,JOB03,Accountant,2024-10-01,23,31711.2,31711.2,4629.03,0,1,15,3
EMP0075-2024-11,EMP0075,Osman Fadoul,Male,1966-03-14,2018-09-20,,Active,20,4,DEP02,Finance,JOB03,Accountant,2024-11-01,21,31711.2,31711.2,0,1,3,0,4
EMP0075-2024-12,EMP0075,Osman Fadoul,Male,1966-03-14,2018-09-20,,Active,20,4,DEP02,Finance,JOB03,Accountant,2024-12-01,22,31711.2,31711.2,3734.1,0,0,0,4
EMP0075-2025-01,EMP0075,Osman Fadoul,Male,1966-03-14,2018-09-20,,Active,20,4,DEP02,Finance,JOB03,Accountant,2025-01-01,23,34140.59,34140.59,0,0,2,10,4
EMP0075-2025-02,EMP0075,Osman Fadoul,Male,1966-03-14,2018-09-20,,Active,20,4,DEP02,Finance,JOB03,Accountant,2025-02-01,20,34140.59,34140.59,2937.2,19,2,0,4
EMP0075-2025-03,EMP0075,Osman Fadoul,Male,1966-03-14,2018-09-20,,Active,20,4,DEP02,Finance,JOB03,Accountant,2025-03-01,21,34140.59,34140.59,0,1,0,16,4
EMP0075-2025-04,EMP0075,Osman Fadoul,Male,1966-03-14,2018-09-20,,Active,20,4,DEP02,Finance,JOB03,Accountant,2025-04-01,22,34140.59,34140.59,0,32,1,0,4
EMP0075-2025-05,EMP0075,Osman Fadoul,Male,1966-03-14,2018-09-20,,Active,20,4,DEP02,Finance,JOB03,Accountant,2025-05-01,22,34140.59,34140.59,0,0,0,8,3
EMP0075-2025-06,EMP0075,Osman Fadoul,Male,1966-03-14,2018-09-20,,Active,20,4,DEP02,Finance,JOB03,Accountant,2025-06-01,21,34140.59,34140.59,0,0,0,15,3
EMP0075-2025-07,EMP0075,Osman Fadoul,Male,1966-03-14,2018-09-20,,Active,20,4,DEP02,Finance,JOB03,Accountant,2025-07-01,23,34140.59,34140.59,0,29,1,0,3
EMP0075-2025-08,EMP0075,Osman Fadoul,Male,1966-03-14,2018-09-20,,Active,20,4,DEP02,Finance,JOB03,Accountant,2025-08-01,21,34140.59,34140.59,0,0,1,8,3
EMP0075-2025-09,EMP0075,Osman Fadoul,Male,1966-03-14,2018-09-20,,Active,20,4,DEP02,Finance,JOB03,Accountant,2025-09-01,22,34140.59,34140.59,0,22,4,4,3
EMP0075-2025-10,EMP0075,Osman Fadoul,Male,1966-03-14,2018-09-20,,Active,20,4,DEP02,Finance,JOB03,Accountant,2025-10-01,23,34140.59,34140.59,0,0,0,0,4
EMP0075-2025-11,EMP0075,Osman Fadoul,Male,1966-03-14,2018-09-20,,Active,20,4,DEP02,Finance,JOB03,Accountant,2025-11-01,20,34140.59,34140.59,0,6,2,0,4
EMP0075-2025-12,EMP0075,Osman Fadoul,Male,1966-03-14,2018-09-20,,Active,20,4,DEP02,Finance,JOB03,Accountant,2025-12-01,23,34140.59,34140.59,0,20,3,0,4
EMP0076-2024-11,EMP0076,Mateo Neagu,Male,1997-11-09,2024-11-19,,Active,1,1,DEP03,Information Technology,JOB06,IT Support Specialist,2024-11-01,9,11825.4,5068.03,0,18,1,0,3
EMP0076-2024-12,EMP0076,Mateo Neagu,Male,1997-11-09,2024-11-19,,Active,1,1,DEP03,Information Technology,JOB06,IT Support Specialist,2024-12-01,22,11825.4,11825.4,1387.47,9,0,0,4
EMP0076-2025-01,EMP0076,Mateo Neagu,Male,1997-11-09,2024-11-19,,Active,1,1,DEP03,Information Technology,JOB06,IT Support Specialist,2025-01-01,23,12730.71,12730.71,0,3,1,1,4
EMP0076-2025-02,EMP0076,Mateo Neagu,Male,1997-11-09,2024-11-19,,Active,1,1,DEP03,Information Technology,JOB06,IT Support Specialist,2025-02-01,20,12730.71,12730.71,0,0,1,0,4
EMP0076-2025-03,EMP0076,Mateo Neagu,Male,1997-11-09,2024-11-19,,Active,1,1,DEP03,Information Technology,JOB06,IT Support Specialist,2025-03-01,21,12730.71,12730.71,0,15,1,15,3
EMP0076-2025-04,EMP0076,Mateo Neagu,Male,1997-11-09,2024-11-19,,Active,1,1,DEP03,Information Technology,JOB06,IT Support Specialist,2025-04-01,22,12730.71,12730.71,0,10,1,0,4
EMP0076-2025-05,EMP0076,Mateo Neagu,Male,1997-11-09,2024-11-19,,Active,1,1,DEP03,Information Technology,JOB06,IT Support Specialist,2025-05-01,22,12730.71,12730.71,0,2,1,8,4
EMP0076-2025-06,EMP0076,Mateo Neagu,Male,1997-11-09,2024-11-19,,Active,1,1,DEP03,Information Technology,JOB06,IT Support Specialist,2025-06-01,21,12730.71,12730.71,452.29,6,0,0,3
EMP0076-2025-07,EMP0076,Mateo Neagu,Male,1997-11-09,2024-11-19,,Active,1,1,DEP03,Information Technology,JOB06,IT Support Specialist,2025-07-01,23,12730.71,12730.71,0,18,1,1,4
EMP0076-2025-08,EMP0076,Mateo Neagu,Male,1997-11-09,2024-11-19,,Active,1,1,DEP03,Information Technology,JOB06,IT Support Specialist,2025-08-01,21,12730.71,12730.71,317.82,1,1,14,5
EMP0076-2025-09,EMP0076,Mateo Neagu,Male,1997-11-09,2024-11-19,,Active,1,1,DEP03,Information Technology,JOB06,IT Support Specialist,2025-09-01,22,12730.71,12730.71,947.76,0,1,6,3
EMP0076-2025-10,EMP0076,Mateo Neagu,Male,1997-11-09,2024-11-19,,Active,1,1,DEP03,Information Technology,JOB06,IT Support Specialist,2025-10-01,23,12730.71,12730.71,0,0,0,0,4
EMP0076-2025-11,EMP0076,Mateo Neagu,Male,1997-11-09,2024-11-19,,Active,1,1,DEP03,Information Technology,JOB06,IT Support Specialist,2025-11-01,20,12730.71,12730.71,0,4,0,2,4
EMP0076-2025-12,EMP0076,Mateo Neagu,Male,1997-11-09,2024-11-19,,Active,1,1,DEP03,Information Technology,JOB06,IT Support Specialist,2025-12-01,23,12730.71,12730.71,0,17,1,4,4
EMP0077-2024-01,EMP0077,Roy Alizada,Male,1993-04-14,2020-06-07,2025-02-17,Left,1,1,DEP04,Sales,JOB07,Sales Executive,2024-01-01,23,12039.73,12039.73,488.15,7,0,0,4
EMP0077-2024-02,EMP0077,Roy Alizada,Male,1993-04-14,2020-06-07,2025-02-17,Left,1,1,DEP04,Sales,JOB07,Sales Executive,2024-02-01,21,12039.73,12039.73,1374,0,0,3,3
EMP0077-2024-03,EMP0077,Roy Alizada,Male,1993-04-14,2020-06-07,2025-02-17,Left,1,1,DEP04,Sales,JOB07,Sales Executive,2024-03-01,21,12039.73,12039.73,1529.1,0,3,8,3
EMP0077-2024-04,EMP0077,Roy Alizada,Male,1993-04-14,2020-06-07,2025-02-17,Left,1,1,DEP04,Sales,JOB07,Sales Executive,2024-04-01,22,12039.73,12039.73,1075.69,0,0,0,4
EMP0077-2024-05,EMP0077,Roy Alizada,Male,1993-04-14,2020-06-07,2025-02-17,Left,1,1,DEP04,Sales,JOB07,Sales Executive,2024-05-01,23,12039.73,12039.73,0,39,1,6,4
EMP0077-2024-06,EMP0077,Roy Alizada,Male,1993-04-14,2020-06-07,2025-02-17,Left,1,1,DEP04,Sales,JOB07,Sales Executive,2024-06-01,20,12039.73,12039.73,774.67,0,1,2,3
EMP0077-2024-07,EMP0077,Roy Alizada,Male,1993-04-14,2020-06-07,2025-02-17,Left,1,1,DEP04,Sales,JOB07,Sales Executive,2024-07-01,23,12039.73,12039.73,0,39,0,0,3
EMP0077-2024-08,EMP0077,Roy Alizada,Male,1993-04-14,2020-06-07,2025-02-17,Left,1,1,DEP04,Sales,JOB07,Sales Executive,2024-08-01,22,12039.73,12039.73,618.78,0,3,2,4
EMP0077-2024-09,EMP0077,Roy Alizada,Male,1993-04-14,2020-06-07,2025-02-17,Left,1,1,DEP04,Sales,JOB07,Sales Executive,2024-09-01,21,12039.73,12039.73,1751.29,11,0,2,4
EMP0077-2024-10,EMP0077,Roy Alizada,Male,1993-04-14,2020-06-07,2025-02-17,Left,1,1,DEP04,Sales,JOB07,Sales Executive,2024-10-01,23,12039.73,12039.73,1036.64,22,1,0,4
EMP0077-2024-11,EMP0077,Roy Alizada,Male,1993-04-14,2020-06-07,2025-02-17,Left,1,1,DEP04,Sales,JOB07,Sales Executive,2024-11-01,21,12039.73,12039.73,0,14,1,3,4
EMP0077-2024-12,EMP0077,Roy Alizada,Male,1993-04-14,2020-06-07,2025-02-17,Left,1,1,DEP04,Sales,JOB07,Sales Executive,2024-12-01,22,12039.73,12039.73,0,2,1,0,4
EMP0077-2025-01,EMP0077,Roy Alizada,Male,1993-04-14,2020-06-07,2025-02-17,Left,1,1,DEP04,Sales,JOB07,Sales Executive,2025-01-01,23,13208.58,13208.58,283.79,0,0,8,4
EMP0077-2025-02,EMP0077,Roy Alizada,Male,1993-04-14,2020-06-07,2025-02-17,Left,1,1,DEP04,Sales,JOB07,Sales Executive,2025-02-01,11,13208.58,7264.72,303.57,0,0,1,4
EMP0078-2024-01,EMP0078,Thomas Laplace,Male,1977-07-20,2022-07-16,2024-11-20,Left,17,4,DEP06,Operations,JOB11,Operations Coordinator,2024-01-01,23,35536.46,35536.46,4389.03,8,0,1,4
EMP0078-2024-02,EMP0078,Thomas Laplace,Male,1977-07-20,2022-07-16,2024-11-20,Left,17,4,DEP06,Operations,JOB11,Operations Coordinator,2024-02-01,21,35536.46,35536.46,0,0,0,11,3
EMP0078-2024-03,EMP0078,Thomas Laplace,Male,1977-07-20,2022-07-16,2024-11-20,Left,17,4,DEP06,Operations,JOB11,Operations Coordinator,2024-03-01,21,35536.46,35536.46,0,5,1,6,4
EMP0078-2024-04,EMP0078,Thomas Laplace,Male,1977-07-20,2022-07-16,2024-11-20,Left,17,4,DEP06,Operations,JOB11,Operations Coordinator,2024-04-01,22,35536.46,35536.46,1700.31,7,1,0,3
EMP0078-2024-05,EMP0078,Thomas Laplace,Male,1977-07-20,2022-07-16,2024-11-20,Left,17,4,DEP06,Operations,JOB11,Operations Coordinator,2024-05-01,23,35536.46,35536.46,1023.25,10,0,12,3
EMP0078-2024-06,EMP0078,Thomas Laplace,Male,1977-07-20,2022-07-16,2024-11-20,Left,17,4,DEP06,Operations,JOB11,Operations Coordinator,2024-06-01,20,35536.46,35536.46,0,4,0,4,4
EMP0078-2024-07,EMP0078,Thomas Laplace,Male,1977-07-20,2022-07-16,2024-11-20,Left,17,4,DEP06,Operations,JOB11,Operations Coordinator,2024-07-01,23,35536.46,35536.46,1737.86,0,0,0,3
EMP0078-2024-08,EMP0078,Thomas Laplace,Male,1977-07-20,2022-07-16,2024-11-20,Left,17,4,DEP06,Operations,JOB11,Operations Coordinator,2024-08-01,22,35536.46,35536.46,0,0,0,4,3
EMP0078-2024-09,EMP0078,Thomas Laplace,Male,1977-07-20,2022-07-16,2024-11-20,Left,17,4,DEP06,Operations,JOB11,Operations Coordinator,2024-09-01,21,35536.46,35536.46,0,0,1,0,3
EMP0078-2024-10,EMP0078,Thomas Laplace,Male,1977-07-20,2022-07-16,2024-11-20,Left,17,4,DEP06,Operations,JOB11,Operations Coordinator,2024-10-01,23,35536.46,35536.46,0,0,1,0,3
EMP0078-2024-11,EMP0078,Thomas Laplace,Male,1977-07-20,2022-07-16,2024-11-20,Left,17,4,DEP06,Operations,JOB11,Operations Coordinator,2024-11-01,14,35536.46,23690.97,0,0,2,1,3
EMP0079-2024-01,EMP0079,Agnes Ducreay,Female,1989-06-07,2020-08-20,,Active,3,2,DEP06,Operations,JOB12,Supply Chain Analyst,2024-01-01,23,15316.22,15316.22,0,2,2,10,3
EMP0079-2024-02,EMP0079,Agnes Ducreay,Female,1989-06-07,2020-08-20,,Active,3,2,DEP06,Operations,JOB12,Supply Chain Analyst,2024-02-01,21,15316.22,15316.22,0,36,0,0,3
EMP0079-2024-03,EMP0079,Agnes Ducreay,Female,1989-06-07,2020-08-20,,Active,3,2,DEP06,Operations,JOB12,Supply Chain Analyst,2024-03-01,21,15316.22,15316.22,0,0,0,2,3
EMP0079-2024-04,EMP0079,Agnes Ducreay,Female,1989-06-07,2020-08-20,,Active,3,2,DEP06,Operations,JOB12,Supply Chain Analyst,2024-04-01,22,15316.22,15316.22,1204.77,25,0,0,3
EMP0079-2024-05,EMP0079,Agnes Ducreay,Female,1989-06-07,2020-08-20,,Active,3,2,DEP06,Operations,JOB12,Supply Chain Analyst,2024-05-01,23,15316.22,15316.22,1010.68,10,1,12,3
EMP0079-2024-06,EMP0079,Agnes Ducreay,Female,1989-06-07,2020-08-20,,Active,3,2,DEP06,Operations,JOB12,Supply Chain Analyst,2024-06-01,20,15316.22,15316.22,0,11,0,0,3
EMP0079-2024-07,EMP0079,Agnes Ducreay,Female,1989-06-07,2020-08-20,,Active,3,2,DEP06,Operations,JOB12,Supply Chain Analyst,2024-07-01,23,15316.22,15316.22,499.05,21,1,0,3
EMP0079-2024-08,EMP0079,Agnes Ducreay,Female,1989-06-07,2020-08-20,,Active,3,2,DEP06,Operations,JOB12,Supply Chain Analyst,2024-08-01,22,15316.22,15316.22,0,10,0,0,3
EMP0079-2024-09,EMP0079,Agnes Ducreay,Female,1989-06-07,2020-08-20,,Active,3,2,DEP06,Operations,JOB12,Supply Chain Analyst,2024-09-01,21,15316.22,15316.22,1978.44,4,0,0,3
EMP0079-2024-10,EMP0079,Agnes Ducreay,Female,1989-06-07,2020-08-20,,Active,3,2,DEP06,Operations,JOB12,Supply Chain Analyst,2024-10-01,23,15316.22,15316.22,437.44,16,0,6,3
EMP0079-2024-11,EMP0079,Agnes Ducreay,Female,1989-06-07,2020-08-20,,Active,3,2,DEP06,Operations,JOB12,Supply Chain Analyst,2024-11-01,21,15316.22,15316.22,0,0,3,5,2
EMP0079-2024-12,EMP0079,Agnes Ducreay,Female,1989-06-07,2020-08-20,,Active,3,2,DEP06,Operations,JOB12,Supply Chain Analyst,2024-12-01,22,15316.22,15316.22,0,0,0,0,4
EMP0079-2025-01,EMP0079,Agnes Ducreay,Female,1989-06-07,2020-08-20,,Active,3,2,DEP06,Operations,JOB12,Supply Chain Analyst,2025-01-01,23,16530.25,16530.25,2097.2,0,1,3,3
EMP0079-2025-02,EMP0079,Agnes Ducreay,Female,1989-06-07,2020-08-20,,Active,3,2,DEP06,Operations,JOB12,Supply Chain Analyst,2025-02-01,20,16530.25,16530.25,405.59,5,0,4,3
EMP0079-2025-03,EMP0079,Agnes Ducreay,Female,1989-06-07,2020-08-20,,Active,3,2,DEP06,Operations,JOB12,Supply Chain Analyst,2025-03-01,21,16530.25,16530.25,0,0,0,0,3
EMP0079-2025-04,EMP0079,Agnes Ducreay,Female,1989-06-07,2020-08-20,,Active,3,2,DEP06,Operations,JOB12,Supply Chain Analyst,2025-04-01,22,16530.25,16530.25,0,5,1,9,3
EMP0079-2025-05,EMP0079,Agnes Ducreay,Female,1989-06-07,2020-08-20,,Active,3,2,DEP06,Operations,JOB12,Supply Chain Analyst,2025-05-01,22,16530.25,16530.25,1041.99,16,0,5,3
EMP0079-2025-06,EMP0079,Agnes Ducreay,Female,1989-06-07,2020-08-20,,Active,3,2,DEP06,Operations,JOB12,Supply Chain Analyst,2025-06-01,21,16530.25,16530.25,0,13,1,2,3
EMP0079-2025-07,EMP0079,Agnes Ducreay,Female,1989-06-07,2020-08-20,,Active,3,2,DEP06,Operations,JOB12,Supply Chain Analyst,2025-07-01,23,16530.25,16530.25,0,33,0,0,3
EMP0079-2025-08,EMP0079,Agnes Ducreay,Female,1989-06-07,2020-08-20,,Active,3,2,DEP06,Operations,JOB12,Supply Chain Analyst,2025-08-01,21,16530.25,16530.25,0,0,3,1,3
EMP0079-2025-09,EMP0079,Agnes Ducreay,Female,1989-06-07,2020-08-20,,Active,3,2,DEP06,Operations,JOB12,Supply Chain Analyst,2025-09-01,22,16530.25,16530.25,983.63,5,0,1,4
EMP0079-2025-10,EMP0079,Agnes Ducreay,Female,1989-06-07,2020-08-20,,Active,3,2,DEP06,Operations,JOB12,Supply Chain Analyst,2025-10-01,23,16530.25,16530.25,0,0,1,0,3
EMP0079-2025-11,EMP0079,Agnes Ducreay,Female,1989-06-07,2020-08-20,,Active,3,2,DEP06,Operations,JOB12,Supply Chain Analyst,2025-11-01,20,16530.25,16530.25,2411.49,10,1,2,3
EMP0079-2025-12,EMP0079,Agnes Ducreay,Female,1989-06-07,2020-08-20,,Active,3,2,DEP06,Operations,JOB12,Supply Chain Analyst,2025-12-01,23,16530.25,16530.25,0,17,1,10,3
EMP0080-2024-01,EMP0080,Nourdine Ayoub,Male,1979-07-24,2020-10-15,,Active,6,2,DEP06,Operations,JOB12,Supply Chain Analyst,2024-01-01,23,17670.81,17670.81,0,40,1,0,3
EMP0080-2024-02,EMP0080,Nourdine Ayoub,Male,1979-07-24,2020-10-15,,Active,6,2,DEP06,Operations,JOB12,Supply Chain Analyst,2024-02-01,21,17670.81,17670.81,0,12,4,8,3
EMP0080-2024-03,EMP0080,Nourdine Ayoub,Male,1979-07-24,2020-10-15,,Active,6,2,DEP06,Operations,JOB12,Supply Chain Analyst,2024-03-01,21,17670.81,17670.81,1709.34,0,2,7,3
EMP0080-2024-04,EMP0080,Nourdine Ayoub,Male,1979-07-24,2020-10-15,,Active,6,2,DEP06,Operations,JOB12,Supply Chain Analyst,2024-04-01,22,17670.81,17670.81,1120.56,38,0,0,3
EMP0080-2024-05,EMP0080,Nourdine Ayoub,Male,1979-07-24,2020-10-15,,Active,6,2,DEP06,Operations,JOB12,Supply Chain Analyst,2024-05-01,23,17670.81,17670.81,0,8,3,4,3
EMP0080-2024-06,EMP0080,Nourdine Ayoub,Male,1979-07-24,2020-10-15,,Active,6,2,DEP06,Operations,JOB12,Supply Chain Analyst,2024-06-01,20,17670.81,17670.81,0,0,2,10,3
EMP0080-2024-07,EMP0080,Nourdine Ayoub,Male,1979-07-24,2020-10-15,,Active,6,2,DEP06,Operations,JOB12,Supply Chain Analyst,2024-07-01,23,17670.81,17670.81,0,40,0,0,3
EMP0080-2024-08,EMP0080,Nourdine Ayoub,Male,1979-07-24,2020-10-15,,Active,6,2,DEP06,Operations,JOB12,Supply Chain Analyst,2024-08-01,22,17670.81,17670.81,2398.36,0,0,0,3
EMP0080-2024-09,EMP0080,Nourdine Ayoub,Male,1979-07-24,2020-10-15,,Active,6,2,DEP06,Operations,JOB12,Supply Chain Analyst,2024-09-01,21,17670.81,17670.81,0,0,0,0,3
EMP0080-2024-10,EMP0080,Nourdine Ayoub,Male,1979-07-24,2020-10-15,,Active,6,2,DEP06,Operations,JOB12,Supply Chain Analyst,2024-10-01,23,17670.81,17670.81,0,28,3,15,3
EMP0080-2024-11,EMP0080,Nourdine Ayoub,Male,1979-07-24,2020-10-15,,Active,6,2,DEP06,Operations,JOB12,Supply Chain Analyst,2024-11-01,21,17670.81,17670.81,1994.68,0,0,0,4
EMP0080-2024-12,EMP0080,Nourdine Ayoub,Male,1979-07-24,2020-10-15,,Active,6,2,DEP06,Operations,JOB12,Supply Chain Analyst,2024-12-01,22,17670.81,17670.81,938.24,5,4,0,2
EMP0080-2025-01,EMP0080,Nourdine Ayoub,Male,1979-07-24,2020-10-15,,Active,6,2,DEP06,Operations,JOB12,Supply Chain Analyst,2025-01-01,23,19053.84,19053.84,429.99,6,4,16,3
EMP0080-2025-02,EMP0080,Nourdine Ayoub,Male,1979-07-24,2020-10-15,,Active,6,2,DEP06,Operations,JOB12,Supply Chain Analyst,2025-02-01,20,19053.84,19053.84,0,1,3,6,2
EMP0080-2025-03,EMP0080,Nourdine Ayoub,Male,1979-07-24,2020-10-15,,Active,6,2,DEP06,Operations,JOB12,Supply Chain Analyst,2025-03-01,21,19053.84,19053.84,0,16,2,5,3
EMP0080-2025-04,EMP0080,Nourdine Ayoub,Male,1979-07-24,2020-10-15,,Active,6,2,DEP06,Operations,JOB12,Supply Chain Analyst,2025-04-01,22,19053.84,19053.84,0,0,0,2,3
EMP0080-2025-05,EMP0080,Nourdine Ayoub,Male,1979-07-24,2020-10-15,,Active,6,2,DEP06,Operations,JOB12,Supply Chain Analyst,2025-05-01,22,19053.84,19053.84,0,6,0,0,3
EMP0080-2025-06,EMP0080,Nourdine Ayoub,Male,1979-07-24,2020-10-15,,Active,6,2,DEP06,Operations,JOB12,Supply Chain Analyst,2025-06-01,21,19053.84,19053.84,0,9,3,6,4
EMP0080-2025-07,EMP0080,Nourdine Ayoub,Male,1979-07-24,2020-10-15,,Active,6,2,DEP06,Operations,JOB12,Supply Chain Analyst,2025-07-01,23,19053.84,19053.84,1045.86,3,0,8,4
EMP0080-2025-08,EMP0080,Nourdine Ayoub,Male,1979-07-24,2020-10-15,,Active,6,2,DEP06,Operations,JOB12,Supply Chain Analyst,2025-08-01,21,19053.84,19053.84,0,5,1,0,3
EMP0080-2025-09,EMP0080,Nourdine Ayoub,Male,1979-07-24,2020-10-15,,Active,6,2,DEP06,Operations,JOB12,Supply Chain Analyst,2025-09-01,22,19053.84,19053.84,0,0,0,5,3
EMP0080-2025-10,EMP0080,Nourdine Ayoub,Male,1979-07-24,2020-10-15,,Active,6,2,DEP06,Operations,JOB12,Supply Chain Analyst,2025-10-01,23,19053.84,19053.84,1698.06,0,0,16,3
EMP0080-2025-11,EMP0080,Nourdine Ayoub,Male,1979-07-24,2020-10-15,,Active,6,2,DEP06,Operations,JOB12,Supply Chain Analyst,2025-11-01,20,19053.84,19053.84,0,0,0,9,4
EMP0080-2025-12,EMP0080,Nourdine Ayoub,Male,1979-07-24,2020-10-15,,Active,6,2,DEP06,Operations,JOB12,Supply Chain Analyst,2025-12-01,23,19053.84,19053.84,0,3,0,8,3
EMP0081-2024-01,EMP0081,Ezekiel Ljungberg,Male,1973-11-09,2020-10-08,,Active,10,3,DEP02,Finance,JOB03,Accountant,2024-01-01,23,27398.18,27398.18,0,37,0,11,3
EMP0081-2024-02,EMP0081,Ezekiel Ljungberg,Male,1973-11-09,2020-10-08,,Active,10,3,DEP02,Finance,JOB03,Accountant,2024-02-01,21,27398.18,27398.18,0,10,0,0,3
EMP0081-2024-03,EMP0081,Ezekiel Ljungberg,Male,1973-11-09,2020-10-08,,Active,10,3,DEP02,Finance,JOB03,Accountant,2024-03-01,21,27398.18,27398.18,2693.56,17,0,0,4
EMP0081-2024-04,EMP0081,Ezekiel Ljungberg,Male,1973-11-09,2020-10-08,,Active,10,3,DEP02,Finance,JOB03,Accountant,2024-04-01,22,27398.18,27398.18,0,0,2,16,3
EMP0081-2024-05,EMP0081,Ezekiel Ljungberg,Male,1973-11-09,2020-10-08,,Active,10,3,DEP02,Finance,JOB03,Accountant,2024-05-01,23,27398.18,27398.18,0,0,2,0,3
EMP0081-2024-06,EMP0081,Ezekiel Ljungberg,Male,1973-11-09,2020-10-08,,Active,10,3,DEP02,Finance,JOB03,Accountant,2024-06-01,20,27398.18,27398.18,0,0,0,0,3
EMP0081-2024-07,EMP0081,Ezekiel Ljungberg,Male,1973-11-09,2020-10-08,,Active,10,3,DEP02,Finance,JOB03,Accountant,2024-07-01,23,27398.18,27398.18,0,1,4,11,3
EMP0081-2024-08,EMP0081,Ezekiel Ljungberg,Male,1973-11-09,2020-10-08,,Active,10,3,DEP02,Finance,JOB03,Accountant,2024-08-01,22,27398.18,27398.18,2539.27,35,2,6,3
EMP0081-2024-09,EMP0081,Ezekiel Ljungberg,Male,1973-11-09,2020-10-08,,Active,10,3,DEP02,Finance,JOB03,Accountant,2024-09-01,21,27398.18,27398.18,0,9,2,2,4
EMP0081-2024-10,EMP0081,Ezekiel Ljungberg,Male,1973-11-09,2020-10-08,,Active,10,3,DEP02,Finance,JOB03,Accountant,2024-10-01,23,27398.18,27398.18,0,0,1,9,3
EMP0081-2024-11,EMP0081,Ezekiel Ljungberg,Male,1973-11-09,2020-10-08,,Active,10,3,DEP02,Finance,JOB03,Accountant,2024-11-01,21,27398.18,27398.18,678.11,24,2,3,4
EMP0081-2024-12,EMP0081,Ezekiel Ljungberg,Male,1973-11-09,2020-10-08,,Active,10,3,DEP02,Finance,JOB03,Accountant,2024-12-01,22,27398.18,27398.18,0,40,0,0,3
EMP0081-2025-01,EMP0081,Ezekiel Ljungberg,Male,1973-11-09,2020-10-08,,Active,10,3,DEP02,Finance,JOB03,Accountant,2025-01-01,23,29363.26,29363.26,0,12,0,5,3
EMP0081-2025-02,EMP0081,Ezekiel Ljungberg,Male,1973-11-09,2020-10-08,,Active,10,3,DEP02,Finance,JOB03,Accountant,2025-02-01,20,29363.26,29363.26,1922.68,0,0,15,3
EMP0081-2025-03,EMP0081,Ezekiel Ljungberg,Male,1973-11-09,2020-10-08,,Active,10,3,DEP02,Finance,JOB03,Accountant,2025-03-01,21,29363.26,29363.26,0,17,1,0,3
EMP0081-2025-04,EMP0081,Ezekiel Ljungberg,Male,1973-11-09,2020-10-08,,Active,10,3,DEP02,Finance,JOB03,Accountant,2025-04-01,22,29363.26,29363.26,0,13,1,11,5
EMP0081-2025-05,EMP0081,Ezekiel Ljungberg,Male,1973-11-09,2020-10-08,,Active,10,3,DEP02,Finance,JOB03,Accountant,2025-05-01,22,29363.26,29363.26,0,10,1,15,4
EMP0081-2025-06,EMP0081,Ezekiel Ljungberg,Male,1973-11-09,2020-10-08,,Active,10,3,DEP02,Finance,JOB03,Accountant,2025-06-01,21,29363.26,29363.26,1622.18,0,0,0,3
EMP0081-2025-07,EMP0081,Ezekiel Ljungberg,Male,1973-11-09,2020-10-08,,Active,10,3,DEP02,Finance,JOB03,Accountant,2025-07-01,23,29363.26,29363.26,0,23,0,1,3
EMP0081-2025-08,EMP0081,Ezekiel Ljungberg,Male,1973-11-09,2020-10-08,,Active,10,3,DEP02,Finance,JOB03,Accountant,2025-08-01,21,29363.26,29363.26,0,10,2,2,4
EMP0081-2025-09,EMP0081,Ezekiel Ljungberg,Male,1973-11-09,2020-10-08,,Active,10,3,DEP02,Finance,JOB03,Accountant,2025-09-01,22,29363.26,29363.26,0,7,0,16,4
EMP0081-2025-10,EMP0081,Ezekiel Ljungberg,Male,1973-11-09,2020-10-08,,Active,10,3,DEP02,Finance,JOB03,Accountant,2025-10-01,23,29363.26,29363.26,0,3,3,4,4
EMP0081-2025-11,EMP0081,Ezekiel Ljungberg,Male,1973-11-09,2020-10-08,,Active,10,3,DEP02,Finance,JOB03,Accountant,2025-11-01,20,29363.26,29363.26,930.69,25,0,6,3
EMP0081-2025-12,EMP0081,Ezekiel Ljungberg,Male,1973-11-09,2020-10-08,,Active,10,3,DEP02,Finance,JOB03,Accountant,2025-12-01,23,29363.26,29363.26,0,7,2,11,3
EMP0082-2024-01,EMP0082,Jeffrey Cavani,Male,1978-02-14,2022-11-23,,Active,12,4,DEP06,Operations,JOB12,Supply Chain Analyst,2024-01-01,23,36699.92,36699.92,0,6,0,0,2
EMP0082-2024-02,EMP0082,Jeffrey Cavani,Male,1978-02-14,2022-11-23,,Active,12,4,DEP06,Operations,JOB12,Supply Chain Analyst,2024-02-01,21,36699.92,36699.92,0,28,0,5,3
EMP0082-2024-03,EMP0082,Jeffrey Cavani,Male,1978-02-14,2022-11-23,,Active,12,4,DEP06,Operations,JOB12,Supply Chain Analyst,2024-03-01,21,36699.92,36699.92,3184.63,0,0,2,2
EMP0082-2024-04,EMP0082,Jeffrey Cavani,Male,1978-02-14,2022-11-23,,Active,12,4,DEP06,Operations,JOB12,Supply Chain Analyst,2024-04-01,22,36699.92,36699.92,0,19,2,0,3
EMP0082-2024-05,EMP0082,Jeffrey Cavani,Male,1978-02-14,2022-11-23,,Active,12,4,DEP06,Operations,JOB12,Supply Chain Analyst,2024-05-01,23,36699.92,36699.92,2543.04,0,4,0,3
EMP0082-2024-06,EMP0082,Jeffrey Cavani,Male,1978-02-14,2022-11-23,,Active,12,4,DEP06,Operations,JOB12,Supply Chain Analyst,2024-06-01,20,36699.92,36699.92,2403.64,31,0,7,3
EMP0082-2024-07,EMP0082,Jeffrey Cavani,Male,1978-02-14,2022-11-23,,Active,12,4,DEP06,Operations,JOB12,Supply Chain Analyst,2024-07-01,23,36699.92,36699.92,4721.84,15,3,14,3
EMP0082-2024-08,EMP0082,Jeffrey Cavani,Male,1978-02-14,2022-11-23,,Active,12,4,DEP06,Operations,JOB12,Supply Chain Analyst,2024-08-01,22,36699.92,36699.92,1550.15,3,0,9,2
EMP0082-2024-09,EMP0082,Jeffrey Cavani,Male,1978-02-14,2022-11-23,,Active,12,4,DEP06,Operations,JOB12,Supply Chain Analyst,2024-09-01,21,36699.92,36699.92,1977.61,8,0,1,3
EMP0082-2024-10,EMP0082,Jeffrey Cavani,Male,1978-02-14,2022-11-23,,Active,12,4,DEP06,Operations,JOB12,Supply Chain Analyst,2024-10-01,23,36699.92,36699.92,0,0,1,6,2
EMP0082-2024-11,EMP0082,Jeffrey Cavani,Male,1978-02-14,2022-11-23,,Active,12,4,DEP06,Operations,JOB12,Supply Chain Analyst,2024-11-01,21,36699.92,36699.92,0,0,1,5,3
EMP0082-2024-12,EMP0082,Jeffrey Cavani,Male,1978-02-14,2022-11-23,,Active,12,4,DEP06,Operations,JOB12,Supply Chain Analyst,2024-12-01,22,36699.92,36699.92,3030.66,3,0,0,3
EMP0082-2025-01,EMP0082,Jeffrey Cavani,Male,1978-02-14,2022-11-23,,Active,12,4,DEP06,Operations,JOB12,Supply Chain Analyst,2025-01-01,23,38793.23,38793.23,0,10,0,0,2
EMP0082-2025-02,EMP0082,Jeffrey Cavani,Male,1978-02-14,2022-11-23,,Active,12,4,DEP06,Operations,JOB12,Supply Chain Analyst,2025-02-01,20,38793.23,38793.23,0,0,1,4,3
EMP0082-2025-03,EMP0082,Jeffrey Cavani,Male,1978-02-14,2022-11-23,,Active,12,4,DEP06,Operations,JOB12,Supply Chain Analyst,2025-03-01,21,38793.23,38793.23,2842.33,0,0,0,3
EMP0082-2025-04,EMP0082,Jeffrey Cavani,Male,1978-02-14,2022-11-23,,Active,12,4,DEP06,Operations,JOB12,Supply Chain Analyst,2025-04-01,22,38793.23,38793.23,0,4,4,0,2
EMP0082-2025-05,EMP0082,Jeffrey Cavani,Male,1978-02-14,2022-11-23,,Active,12,4,DEP06,Operations,JOB12,Supply Chain Analyst,2025-05-01,22,38793.23,38793.23,0,0,0,0,3
EMP0082-2025-06,EMP0082,Jeffrey Cavani,Male,1978-02-14,2022-11-23,,Active,12,4,DEP06,Operations,JOB12,Supply Chain Analyst,2025-06-01,21,38793.23,38793.23,4223.86,0,3,4,3
EMP0082-2025-07,EMP0082,Jeffrey Cavani,Male,1978-02-14,2022-11-23,,Active,12,4,DEP06,Operations,JOB12,Supply Chain Analyst,2025-07-01,23,38793.23,38793.23,0,0,2,0,3
EMP0082-2025-08,EMP0082,Jeffrey Cavani,Male,1978-02-14,2022-11-23,,Active,12,4,DEP06,Operations,JOB12,Supply Chain Analyst,2025-08-01,21,38793.23,38793.23,0,7,0,3,3
EMP0082-2025-09,EMP0082,Jeffrey Cavani,Male,1978-02-14,2022-11-23,,Active,12,4,DEP06,Operations,JOB12,Supply Chain Analyst,2025-09-01,22,38793.23,38793.23,0,19,0,2,3
EMP0082-2025-10,EMP0082,Jeffrey Cavani,Male,1978-02-14,2022-11-23,,Active,12,4,DEP06,Operations,JOB12,Supply Chain Analyst,2025-10-01,23,38793.23,38793.23,0,24,0,8,3
EMP0082-2025-11,EMP0082,Jeffrey Cavani,Male,1978-02-14,2022-11-23,,Active,12,4,DEP06,Operations,JOB12,Supply Chain Analyst,2025-11-01,20,38793.23,38793.23,0,14,2,4,3
EMP0082-2025-12,EMP0082,Jeffrey Cavani,Male,1978-02-14,2022-11-23,,Active,12,4,DEP06,Operations,JOB12,Supply Chain Analyst,2025-12-01,23,38793.23,38793.23,0,8,2,12,2
EMP0083-2025-05,EMP0083,Ruby Ould Bilal,Female,1994-07-09,2025-05-26,,Active,9,3,DEP01,Human Resources,JOB01,HR Specialist,2025-05-01,5,19524.49,4437.38,286.21,1,0,0,4
EMP0083-2025-06,EMP0083,Ruby Ould Bilal,Female,1994-07-09,2025-05-26,,Active,9,3,DEP01,Human Resources,JOB01,HR Specialist,2025-06-01,21,19524.49,19524.49,0,6,1,0,3
EMP0083-2025-07,EMP0083,Ruby Ould Bilal,Female,1994-07-09,2025-05-26,,Active,9,3,DEP01,Human Resources,JOB01,HR Specialist,2025-07-01,23,19524.49,19524.49,0,9,0,0,4
EMP0083-2025-08,EMP0083,Ruby Ould Bilal,Female,1994-07-09,2025-05-26,,Active,9,3,DEP01,Human Resources,JOB01,HR Specialist,2025-08-01,21,19524.49,19524.49,2183.49,8,0,6,3
EMP0083-2025-09,EMP0083,Ruby Ould Bilal,Female,1994-07-09,2025-05-26,,Active,9,3,DEP01,Human Resources,JOB01,HR Specialist,2025-09-01,22,19524.49,19524.49,1392.37,11,1,4,4
EMP0083-2025-10,EMP0083,Ruby Ould Bilal,Female,1994-07-09,2025-05-26,,Active,9,3,DEP01,Human Resources,JOB01,HR Specialist,2025-10-01,23,19524.49,19524.49,0,3,0,0,4
EMP0083-2025-11,EMP0083,Ruby Ould Bilal,Female,1994-07-09,2025-05-26,,Active,9,3,DEP01,Human Resources,JOB01,HR Specialist,2025-11-01,20,19524.49,19524.49,2270.94,24,0,4,4
EMP0083-2025-12,EMP0083,Ruby Ould Bilal,Female,1994-07-09,2025-05-26,,Active,9,3,DEP01,Human Resources,JOB01,HR Specialist,2025-12-01,23,19524.49,19524.49,920.31,0,4,0,3
EMP0084-2024-01,EMP0084,Donna Yahyaoui,Female,1983-02-28,2020-02-08,,Active,7,3,DEP05,Marketing,JOB09,Marketing Specialist,2024-01-01,23,20389.98,20389.98,1226.31,6,1,0,4
EMP0084-2024-02,EMP0084,Donna Yahyaoui,Female,1983-02-28,2020-02-08,,Active,7,3,DEP05,Marketing,JOB09,Marketing Specialist,2024-02-01,21,20389.98,20389.98,0,6,3,0,4
EMP0084-2024-03,EMP0084,Donna Yahyaoui,Female,1983-02-28,2020-02-08,,Active,7,3,DEP05,Marketing,JOB09,Marketing Specialist,2024-03-01,21,20389.98,20389.98,1934.4,30,0,8,3
EMP0084-2024-04,EMP0084,Donna Yahyaoui,Female,1983-02-28,2020-02-08,,Active,7,3,DEP05,Marketing,JOB09,Marketing Specialist,2024-04-01,22,20389.98,20389.98,1808.39,37,0,0,4
EMP0084-2024-05,EMP0084,Donna Yahyaoui,Female,1983-02-28,2020-02-08,,Active,7,3,DEP05,Marketing,JOB09,Marketing Specialist,2024-05-01,23,20389.98,20389.98,2021.59,0,2,0,3
EMP0084-2024-06,EMP0084,Donna Yahyaoui,Female,1983-02-28,2020-02-08,,Active,7,3,DEP05,Marketing,JOB09,Marketing Specialist,2024-06-01,20,20389.98,20389.98,0,11,3,1,4
EMP0084-2024-07,EMP0084,Donna Yahyaoui,Female,1983-02-28,2020-02-08,,Active,7,3,DEP05,Marketing,JOB09,Marketing Specialist,2024-07-01,23,20389.98,20389.98,0,0,0,0,4
EMP0084-2024-08,EMP0084,Donna Yahyaoui,Female,1983-02-28,2020-02-08,,Active,7,3,DEP05,Marketing,JOB09,Marketing Specialist,2024-08-01,22,20389.98,20389.98,0,4,0,4,3
EMP0084-2024-09,EMP0084,Donna Yahyaoui,Female,1983-02-28,2020-02-08,,Active,7,3,DEP05,Marketing,JOB09,Marketing Specialist,2024-09-01,21,20389.98,20389.98,0,12,2,3,3
EMP0084-2024-10,EMP0084,Donna Yahyaoui,Female,1983-02-28,2020-02-08,,Active,7,3,DEP05,Marketing,JOB09,Marketing Specialist,2024-10-01,23,20389.98,20389.98,0,6,2,0,4
EMP0084-2024-11,EMP0084,Donna Yahyaoui,Female,1983-02-28,2020-02-08,,Active,7,3,DEP05,Marketing,JOB09,Marketing Specialist,2024-11-01,21,20389.98,20389.98,0,0,3,4,3
EMP0084-2024-12,EMP0084,Donna Yahyaoui,Female,1983-02-28,2020-02-08,,Active,7,3,DEP05,Marketing,JOB09,Marketing Specialist,2024-12-01,22,20389.98,20389.98,0,3,0,0,3
EMP0084-2025-01,EMP0084,Donna Yahyaoui,Female,1983-02-28,2020-02-08,,Active,7,3,DEP05,Marketing,JOB09,Marketing Specialist,2025-01-01,23,22308.75,22308.75,0,0,0,5,4
EMP0084-2025-02,EMP0084,Donna Yahyaoui,Female,1983-02-28,2020-02-08,,Active,7,3,DEP05,Marketing,JOB09,Marketing Specialist,2025-02-01,20,22308.75,22308.75,0,0,2,0,3
EMP0084-2025-03,EMP0084,Donna Yahyaoui,Female,1983-02-28,2020-02-08,,Active,7,3,DEP05,Marketing,JOB09,Marketing Specialist,2025-03-01,21,22308.75,22308.75,2884.7,10,1,3,4
EMP0084-2025-04,EMP0084,Donna Yahyaoui,Female,1983-02-28,2020-02-08,,Active,7,3,DEP05,Marketing,JOB09,Marketing Specialist,2025-04-01,22,22308.75,22308.75,0,0,0,0,4
EMP0084-2025-05,EMP0084,Donna Yahyaoui,Female,1983-02-28,2020-02-08,,Active,7,3,DEP05,Marketing,JOB09,Marketing Specialist,2025-05-01,22,22308.75,22308.75,1450.16,32,1,11,4
EMP0084-2025-06,EMP0084,Donna Yahyaoui,Female,1983-02-28,2020-02-08,,Active,7,3,DEP05,Marketing,JOB09,Marketing Specialist,2025-06-01,21,22308.75,22308.75,2972.92,8,0,0,4
EMP0084-2025-07,EMP0084,Donna Yahyaoui,Female,1983-02-28,2020-02-08,,Active,7,3,DEP05,Marketing,JOB09,Marketing Specialist,2025-07-01,23,22308.75,22308.75,0,9,2,0,4
EMP0084-2025-08,EMP0084,Donna Yahyaoui,Female,1983-02-28,2020-02-08,,Active,7,3,DEP05,Marketing,JOB09,Marketing Specialist,2025-08-01,21,22308.75,22308.75,0,0,2,8,3
EMP0084-2025-09,EMP0084,Donna Yahyaoui,Female,1983-02-28,2020-02-08,,Active,7,3,DEP05,Marketing,JOB09,Marketing Specialist,2025-09-01,22,22308.75,22308.75,0,3,0,0,4
EMP0084-2025-10,EMP0084,Donna Yahyaoui,Female,1983-02-28,2020-02-08,,Active,7,3,DEP05,Marketing,JOB09,Marketing Specialist,2025-10-01,23,22308.75,22308.75,1596.81,6,2,0,4
EMP0084-2025-11,EMP0084,Donna Yahyaoui,Female,1983-02-28,2020-02-08,,Active,7,3,DEP05,Marketing,JOB09,Marketing Specialist,2025-11-01,20,22308.75,22308.75,2025.63,2,2,0,3
EMP0084-2025-12,EMP0084,Donna Yahyaoui,Female,1983-02-28,2020-02-08,,Active,7,3,DEP05,Marketing,JOB09,Marketing Specialist,2025-12-01,23,22308.75,22308.75,0,6,0,7,3
EMP0085-2024-01,EMP0085,Julieta Bell,Female,1992-07-04,2023-07-25,,Active,3,2,DEP04,Sales,JOB08,Account Manager,2024-01-01,23,18904.33,18904.33,2000.44,0,1,14,3
EMP0085-2024-02,EMP0085,Julieta Bell,Female,1992-07-04,2023-07-25,,Active,3,2,DEP04,Sales,JOB08,Account Manager,2024-02-01,21,18904.33,18904.33,1842.96,1,1,6,3
EMP0085-2024-03,EMP0085,Julieta Bell,Female,1992-07-04,2023-07-25,,Active,3,2,DEP04,Sales,JOB08,Account Manager,2024-03-01,21,18904.33,18904.33,997.52,9,0,0,4
EMP0085-2024-04,EMP0085,Julieta Bell,Female,1992-07-04,2023-07-25,,Active,3,2,DEP04,Sales,JOB08,Account Manager,2024-04-01,22,18904.33,18904.33,2744.16,7,1,0,2
EMP0085-2024-05,EMP0085,Julieta Bell,Female,1992-07-04,2023-07-25,,Active,3,2,DEP04,Sales,JOB08,Account Manager,2024-05-01,23,18904.33,18904.33,2620.6,2,0,10,3
EMP0085-2024-06,EMP0085,Julieta Bell,Female,1992-07-04,2023-07-25,,Active,3,2,DEP04,Sales,JOB08,Account Manager,2024-06-01,20,18904.33,18904.33,0,12,1,15,4
EMP0085-2024-07,EMP0085,Julieta Bell,Female,1992-07-04,2023-07-25,,Active,3,2,DEP04,Sales,JOB08,Account Manager,2024-07-01,23,18904.33,18904.33,0,0,0,0,3
EMP0085-2024-08,EMP0085,Julieta Bell,Female,1992-07-04,2023-07-25,,Active,3,2,DEP04,Sales,JOB08,Account Manager,2024-08-01,22,18904.33,18904.33,0,15,0,0,3
EMP0085-2024-09,EMP0085,Julieta Bell,Female,1992-07-04,2023-07-25,,Active,3,2,DEP04,Sales,JOB08,Account Manager,2024-09-01,21,18904.33,18904.33,0,23,3,0,4
EMP0085-2024-10,EMP0085,Julieta Bell,Female,1992-07-04,2023-07-25,,Active,3,2,DEP04,Sales,JOB08,Account Manager,2024-10-01,23,18904.33,18904.33,1254.4,15,0,5,3
EMP0085-2024-11,EMP0085,Julieta Bell,Female,1992-07-04,2023-07-25,,Active,3,2,DEP04,Sales,JOB08,Account Manager,2024-11-01,21,18904.33,18904.33,0,37,2,0,3
EMP0085-2024-12,EMP0085,Julieta Bell,Female,1992-07-04,2023-07-25,,Active,3,2,DEP04,Sales,JOB08,Account Manager,2024-12-01,22,18904.33,18904.33,0,0,0,5,3
EMP0085-2025-01,EMP0085,Julieta Bell,Female,1992-07-04,2023-07-25,,Active,3,2,DEP04,Sales,JOB08,Account Manager,2025-01-01,23,19660.5,19660.5,2212.26,14,0,1,4
EMP0085-2025-02,EMP0085,Julieta Bell,Female,1992-07-04,2023-07-25,,Active,3,2,DEP04,Sales,JOB08,Account Manager,2025-02-01,20,19660.5,19660.5,1544.84,0,0,0,3
EMP0085-2025-03,EMP0085,Julieta Bell,Female,1992-07-04,2023-07-25,,Active,3,2,DEP04,Sales,JOB08,Account Manager,2025-03-01,21,19660.5,19660.5,0,5,1,3,3
EMP0085-2025-04,EMP0085,Julieta Bell,Female,1992-07-04,2023-07-25,,Active,3,2,DEP04,Sales,JOB08,Account Manager,2025-04-01,22,19660.5,19660.5,0,25,1,14,3
EMP0085-2025-05,EMP0085,Julieta Bell,Female,1992-07-04,2023-07-25,,Active,3,2,DEP04,Sales,JOB08,Account Manager,2025-05-01,22,19660.5,19660.5,0,12,0,2,3
EMP0085-2025-06,EMP0085,Julieta Bell,Female,1992-07-04,2023-07-25,,Active,3,2,DEP04,Sales,JOB08,Account Manager,2025-06-01,21,19660.5,19660.5,1113.83,18,0,6,2
EMP0085-2025-07,EMP0085,Julieta Bell,Female,1992-07-04,2023-07-25,,Active,3,2,DEP04,Sales,JOB08,Account Manager,2025-07-01,23,19660.5,19660.5,0,18,0,2,4
EMP0085-2025-08,EMP0085,Julieta Bell,Female,1992-07-04,2023-07-25,,Active,3,2,DEP04,Sales,JOB08,Account Manager,2025-08-01,21,19660.5,19660.5,0,0,3,4,3
EMP0085-2025-09,EMP0085,Julieta Bell,Female,1992-07-04,2023-07-25,,Active,3,2,DEP04,Sales,JOB08,Account Manager,2025-09-01,22,19660.5,19660.5,0,0,1,0,3
EMP0085-2025-10,EMP0085,Julieta Bell,Female,1992-07-04,2023-07-25,,Active,3,2,DEP04,Sales,JOB08,Account Manager,2025-10-01,23,19660.5,19660.5,2497.46,0,2,0,3
EMP0085-2025-11,EMP0085,Julieta Bell,Female,1992-07-04,2023-07-25,,Active,3,2,DEP04,Sales,JOB08,Account Manager,2025-11-01,20,19660.5,19660.5,0,0,3,2,3
EMP0085-2025-12,EMP0085,Julieta Bell,Female,1992-07-04,2023-07-25,,Active,3,2,DEP04,Sales,JOB08,Account Manager,2025-12-01,23,19660.5,19660.5,0,6,0,1,4
EMP0086-2024-01,EMP0086,Devon Mint Brahim,Male,1980-09-07,2020-04-18,2024-08-20,Left,13,4,DEP02,Finance,JOB03,Accountant,2024-01-01,23,37313.91,37313.91,3963.28,17,0,7,3
EMP0086-2024-02,EMP0086,Devon Mint Brahim,Male,1980-09-07,2020-04-18,2024-08-20,Left,13,4,DEP02,Finance,JOB03,Accountant,2024-02-01,21,37313.91,37313.91,1142.26,0,0,6,4
EMP0086-2024-03,EMP0086,Devon Mint Brahim,Male,1980-09-07,2020-04-18,2024-08-20,Left,13,4,DEP02,Finance,JOB03,Accountant,2024-03-01,21,37313.91,37313.91,3439.35,0,1,0,4
EMP0086-2024-04,EMP0086,Devon Mint Brahim,Male,1980-09-07,2020-04-18,2024-08-20,Left,13,4,DEP02,Finance,JOB03,Accountant,2024-04-01,22,37313.91,37313.91,0,0,1,0,3
EMP0086-2024-05,EMP0086,Devon Mint Brahim,Male,1980-09-07,2020-04-18,2024-08-20,Left,13,4,DEP02,Finance,JOB03,Accountant,2024-05-01,23,37313.91,37313.91,4457.72,7,1,5,5
EMP0086-2024-06,EMP0086,Devon Mint Brahim,Male,1980-09-07,2020-04-18,2024-08-20,Left,13,4,DEP02,Finance,JOB03,Accountant,2024-06-01,20,37313.91,37313.91,1895.66,5,0,2,4
EMP0086-2024-07,EMP0086,Devon Mint Brahim,Male,1980-09-07,2020-04-18,2024-08-20,Left,13,4,DEP02,Finance,JOB03,Accountant,2024-07-01,23,37313.91,37313.91,0,9,0,4,4
EMP0086-2024-08,EMP0086,Devon Mint Brahim,Male,1980-09-07,2020-04-18,2024-08-20,Left,13,4,DEP02,Finance,JOB03,Accountant,2024-08-01,14,37313.91,23745.22,0,20,3,0,3
EMP0087-2024-01,EMP0087,Emad Al Ahbabi,Male,1986-04-02,2020-02-09,,Active,6,3,DEP04,Sales,JOB07,Sales Executive,2024-01-01,23,24536.77,24536.77,0,0,1,0,3
EMP0087-2024-02,EMP0087,Emad Al Ahbabi,Male,1986-04-02,2020-02-09,,Active,6,3,DEP04,Sales,JOB07,Sales Executive,2024-02-01,21,24536.77,24536.77,896.26,3,2,1,3
EMP0087-2024-03,EMP0087,Emad Al Ahbabi,Male,1986-04-02,2020-02-09,,Active,6,3,DEP04,Sales,JOB07,Sales Executive,2024-03-01,21,24536.77,24536.77,0,11,2,3,3
EMP0087-2024-04,EMP0087,Emad Al Ahbabi,Male,1986-04-02,2020-02-09,,Active,6,3,DEP04,Sales,JOB07,Sales Executive,2024-04-01,22,24536.77,24536.77,3635.18,0,1,3,4
EMP0087-2024-05,EMP0087,Emad Al Ahbabi,Male,1986-04-02,2020-02-09,,Active,6,3,DEP04,Sales,JOB07,Sales Executive,2024-05-01,23,24536.77,24536.77,1272.86,0,2,6,3
EMP0087-2024-06,EMP0087,Emad Al Ahbabi,Male,1986-04-02,2020-02-09,,Active,6,3,DEP04,Sales,JOB07,Sales Executive,2024-06-01,20,24536.77,24536.77,0,6,2,8,3
EMP0087-2024-07,EMP0087,Emad Al Ahbabi,Male,1986-04-02,2020-02-09,,Active,6,3,DEP04,Sales,JOB07,Sales Executive,2024-07-01,23,24536.77,24536.77,0,14,0,6,4
EMP0087-2024-08,EMP0087,Emad Al Ahbabi,Male,1986-04-02,2020-02-09,,Active,6,3,DEP04,Sales,JOB07,Sales Executive,2024-08-01,22,24536.77,24536.77,0,0,0,0,3
EMP0087-2024-09,EMP0087,Emad Al Ahbabi,Male,1986-04-02,2020-02-09,,Active,6,3,DEP04,Sales,JOB07,Sales Executive,2024-09-01,21,24536.77,24536.77,0,38,2,0,4
EMP0087-2024-10,EMP0087,Emad Al Ahbabi,Male,1986-04-02,2020-02-09,,Active,6,3,DEP04,Sales,JOB07,Sales Executive,2024-10-01,23,24536.77,24536.77,2039.96,23,0,2,4
EMP0087-2024-11,EMP0087,Emad Al Ahbabi,Male,1986-04-02,2020-02-09,,Active,6,3,DEP04,Sales,JOB07,Sales Executive,2024-11-01,21,24536.77,24536.77,0,0,0,0,4
EMP0087-2024-12,EMP0087,Emad Al Ahbabi,Male,1986-04-02,2020-02-09,,Active,6,3,DEP04,Sales,JOB07,Sales Executive,2024-12-01,22,24536.77,24536.77,1422.78,0,2,6,4
EMP0087-2025-01,EMP0087,Emad Al Ahbabi,Male,1986-04-02,2020-02-09,,Active,6,3,DEP04,Sales,JOB07,Sales Executive,2025-01-01,23,25806.59,25806.59,1916.23,0,1,5,4
EMP0087-2025-02,EMP0087,Emad Al Ahbabi,Male,1986-04-02,2020-02-09,,Active,6,3,DEP04,Sales,JOB07,Sales Executive,2025-02-01,20,25806.59,25806.59,0,0,1,0,3
EMP0087-2025-03,EMP0087,Emad Al Ahbabi,Male,1986-04-02,2020-02-09,,Active,6,3,DEP04,Sales,JOB07,Sales Executive,2025-03-01,21,25806.59,25806.59,0,16,0,1,4
EMP0087-2025-04,EMP0087,Emad Al Ahbabi,Male,1986-04-02,2020-02-09,,Active,6,3,DEP04,Sales,JOB07,Sales Executive,2025-04-01,22,25806.59,25806.59,0,0,1,0,3
EMP0087-2025-05,EMP0087,Emad Al Ahbabi,Male,1986-04-02,2020-02-09,,Active,6,3,DEP04,Sales,JOB07,Sales Executive,2025-05-01,22,25806.59,25806.59,1698.94,7,2,3,4
EMP0087-2025-06,EMP0087,Emad Al Ahbabi,Male,1986-04-02,2020-02-09,,Active,6,3,DEP04,Sales,JOB07,Sales Executive,2025-06-01,21,25806.59,25806.59,2754.68,23,1,0,3
EMP0087-2025-07,EMP0087,Emad Al Ahbabi,Male,1986-04-02,2020-02-09,,Active,6,3,DEP04,Sales,JOB07,Sales Executive,2025-07-01,23,25806.59,25806.59,0,0,1,4,3
EMP0087-2025-08,EMP0087,Emad Al Ahbabi,Male,1986-04-02,2020-02-09,,Active,6,3,DEP04,Sales,JOB07,Sales Executive,2025-08-01,21,25806.59,25806.59,1398.43,3,0,0,3
EMP0087-2025-09,EMP0087,Emad Al Ahbabi,Male,1986-04-02,2020-02-09,,Active,6,3,DEP04,Sales,JOB07,Sales Executive,2025-09-01,22,25806.59,25806.59,2970.42,16,0,12,3
EMP0087-2025-10,EMP0087,Emad Al Ahbabi,Male,1986-04-02,2020-02-09,,Active,6,3,DEP04,Sales,JOB07,Sales Executive,2025-10-01,23,25806.59,25806.59,0,25,0,0,3
EMP0087-2025-11,EMP0087,Emad Al Ahbabi,Male,1986-04-02,2020-02-09,,Active,6,3,DEP04,Sales,JOB07,Sales Executive,2025-11-01,20,25806.59,25806.59,2187.59,5,2,0,4
EMP0087-2025-12,EMP0087,Emad Al Ahbabi,Male,1986-04-02,2020-02-09,,Active,6,3,DEP04,Sales,JOB07,Sales Executive,2025-12-01,23,25806.59,25806.59,3768.71,14,0,8,3
EMP0088-2024-05,EMP0088,Rabah Dhillon,Male,1988-10-13,2024-05-29,,Active,2,1,DEP02,Finance,JOB03,Accountant,2024-05-01,3,11552.42,1506.84,64.45,6,1,12,3
EMP0088-2024-06,EMP0088,Rabah Dhillon,Male,1988-10-13,2024-05-29,,Active,2,1,DEP02,Finance,JOB03,Accountant,2024-06-01,20,11552.42,11552.42,0,0,1,3,3
EMP0088-2024-07,EMP0088,Rabah Dhillon,Male,1988-10-13,2024-05-29,,Active,2,1,DEP02,Finance,JOB03,Accountant,2024-07-01,23,11552.42,11552.42,0,0,2,16,3
EMP0088-2024-08,EMP0088,Rabah Dhillon,Male,1988-10-13,2024-05-29,,Active,2,1,DEP02,Finance,JOB03,Accountant,2024-08-01,22,11552.42,11552.42,1242.45,0,1,1,3
EMP0088-2024-09,EMP0088,Rabah Dhillon,Male,1988-10-13,2024-05-29,,Active,2,1,DEP02,Finance,JOB03,Accountant,2024-09-01,21,11552.42,11552.42,0,6,0,0,3
EMP0088-2024-10,EMP0088,Rabah Dhillon,Male,1988-10-13,2024-05-29,,Active,2,1,DEP02,Finance,JOB03,Accountant,2024-10-01,23,11552.42,11552.42,0,0,1,0,3
EMP0088-2024-11,EMP0088,Rabah Dhillon,Male,1988-10-13,2024-05-29,,Active,2,1,DEP02,Finance,JOB03,Accountant,2024-11-01,21,11552.42,11552.42,0,15,4,7,3
EMP0088-2024-12,EMP0088,Rabah Dhillon,Male,1988-10-13,2024-05-29,,Active,2,1,DEP02,Finance,JOB03,Accountant,2024-12-01,22,11552.42,11552.42,0,26,0,4,3
EMP0088-2025-01,EMP0088,Rabah Dhillon,Male,1988-10-13,2024-05-29,,Active,2,1,DEP02,Finance,JOB03,Accountant,2025-01-01,23,12178.39,12178.39,1826.25,0,3,4,3
EMP0088-2025-02,EMP0088,Rabah Dhillon,Male,1988-10-13,2024-05-29,,Active,2,1,DEP02,Finance,JOB03,Accountant,2025-02-01,20,12178.39,12178.39,0,31,3,0,3
EMP0088-2025-03,EMP0088,Rabah Dhillon,Male,1988-10-13,2024-05-29,,Active,2,1,DEP02,Finance,JOB03,Accountant,2025-03-01,21,12178.39,12178.39,1462.47,7,0,0,3
EMP0088-2025-04,EMP0088,Rabah Dhillon,Male,1988-10-13,2024-05-29,,Active,2,1,DEP02,Finance,JOB03,Accountant,2025-04-01,22,12178.39,12178.39,0,0,3,2,3
EMP0088-2025-05,EMP0088,Rabah Dhillon,Male,1988-10-13,2024-05-29,,Active,2,1,DEP02,Finance,JOB03,Accountant,2025-05-01,22,12178.39,12178.39,0,10,1,0,1
EMP0088-2025-06,EMP0088,Rabah Dhillon,Male,1988-10-13,2024-05-29,,Active,2,1,DEP02,Finance,JOB03,Accountant,2025-06-01,21,12178.39,12178.39,1342.75,9,0,11,3
EMP0088-2025-07,EMP0088,Rabah Dhillon,Male,1988-10-13,2024-05-29,,Active,2,1,DEP02,Finance,JOB03,Accountant,2025-07-01,23,12178.39,12178.39,0,34,4,0,3
EMP0088-2025-08,EMP0088,Rabah Dhillon,Male,1988-10-13,2024-05-29,,Active,2,1,DEP02,Finance,JOB03,Accountant,2025-08-01,21,12178.39,12178.39,1305.44,38,0,0,4
EMP0088-2025-09,EMP0088,Rabah Dhillon,Male,1988-10-13,2024-05-29,,Active,2,1,DEP02,Finance,JOB03,Accountant,2025-09-01,22,12178.39,12178.39,0,0,0,16,3
EMP0088-2025-10,EMP0088,Rabah Dhillon,Male,1988-10-13,2024-05-29,,Active,2,1,DEP02,Finance,JOB03,Accountant,2025-10-01,23,12178.39,12178.39,0,0,0,0,3
EMP0088-2025-11,EMP0088,Rabah Dhillon,Male,1988-10-13,2024-05-29,,Active,2,1,DEP02,Finance,JOB03,Accountant,2025-11-01,20,12178.39,12178.39,0,0,1,0,3
EMP0088-2025-12,EMP0088,Rabah Dhillon,Male,1988-10-13,2024-05-29,,Active,2,1,DEP02,Finance,JOB03,Accountant,2025-12-01,23,12178.39,12178.39,0,6,1,14,3
EMP0089-2024-01,EMP0089,Gail Atallah,Female,1984-10-13,2023-12-08,,Active,2,1,DEP03,Information Technology,JOB05,Software Engineer,2024-01-01,23,14258.52,14258.52,0,34,0,0,4
EMP0089-2024-02,EMP0089,Gail Atallah,Female,1984-10-13,2023-12-08,,Active,2,1,DEP03,Information Technology,JOB05,Software Engineer,2024-02-01,21,14258.52,14258.52,593.42,0,0,0,4
EMP0089-2024-03,EMP0089,Gail Atallah,Female,1984-10-13,2023-12-08,,Active,2,1,DEP03,Information Technology,JOB05,Software Engineer,2024-03-01,21,14258.52,14258.52,897.86,0,4,5,5
EMP0089-2024-04,EMP0089,Gail Atallah,Female,1984-10-13,2023-12-08,,Active,2,1,DEP03,Information Technology,JOB05,Software Engineer,2024-04-01,22,14258.52,14258.52,1985.85,7,4,12,4
EMP0089-2024-05,EMP0089,Gail Atallah,Female,1984-10-13,2023-12-08,,Active,2,1,DEP03,Information Technology,JOB05,Software Engineer,2024-05-01,23,14258.52,14258.52,1154.85,0,0,0,4
EMP0089-2024-06,EMP0089,Gail Atallah,Female,1984-10-13,2023-12-08,,Active,2,1,DEP03,Information Technology,JOB05,Software Engineer,2024-06-01,20,14258.52,14258.52,0,4,2,2,3
EMP0089-2024-07,EMP0089,Gail Atallah,Female,1984-10-13,2023-12-08,,Active,2,1,DEP03,Information Technology,JOB05,Software Engineer,2024-07-01,23,14258.52,14258.52,0,0,0,0,4
EMP0089-2024-08,EMP0089,Gail Atallah,Female,1984-10-13,2023-12-08,,Active,2,1,DEP03,Information Technology,JOB05,Software Engineer,2024-08-01,22,14258.52,14258.52,1456.54,0,2,10,4
EMP0089-2024-09,EMP0089,Gail Atallah,Female,1984-10-13,2023-12-08,,Active,2,1,DEP03,Information Technology,JOB05,Software Engineer,2024-09-01,21,14258.52,14258.52,944.58,10,0,0,4
EMP0089-2024-10,EMP0089,Gail Atallah,Female,1984-10-13,2023-12-08,,Active,2,1,DEP03,Information Technology,JOB05,Software Engineer,2024-10-01,23,14258.52,14258.52,0,0,0,14,4
EMP0089-2024-11,EMP0089,Gail Atallah,Female,1984-10-13,2023-12-08,,Active,2,1,DEP03,Information Technology,JOB05,Software Engineer,2024-11-01,21,14258.52,14258.52,367.36,9,2,2,4
EMP0089-2024-12,EMP0089,Gail Atallah,Female,1984-10-13,2023-12-08,,Active,2,1,DEP03,Information Technology,JOB05,Software Engineer,2024-12-01,22,14258.52,14258.52,1449.02,28,2,0,4
EMP0089-2025-01,EMP0089,Gail Atallah,Female,1984-10-13,2023-12-08,,Active,2,1,DEP03,Information Technology,JOB05,Software Engineer,2025-01-01,23,15216.17,15216.17,0,0,1,6,4
EMP0089-2025-02,EMP0089,Gail Atallah,Female,1984-10-13,2023-12-08,,Active,2,1,DEP03,Information Technology,JOB05,Software Engineer,2025-02-01,20,15216.17,15216.17,0,7,1,1,5
EMP0089-2025-03,EMP0089,Gail Atallah,Female,1984-10-13,2023-12-08,,Active,2,1,DEP03,Information Technology,JOB05,Software Engineer,2025-03-01,21,15216.17,15216.17,0,10,0,3,4
EMP0089-2025-04,EMP0089,Gail Atallah,Female,1984-10-13,2023-12-08,,Active,2,1,DEP03,Information Technology,JOB05,Software Engineer,2025-04-01,22,15216.17,15216.17,0,0,0,0,3
EMP0089-2025-05,EMP0089,Gail Atallah,Female,1984-10-13,2023-12-08,,Active,2,1,DEP03,Information Technology,JOB05,Software Engineer,2025-05-01,22,15216.17,15216.17,1409.53,20,0,8,4
EMP0089-2025-06,EMP0089,Gail Atallah,Female,1984-10-13,2023-12-08,,Active,2,1,DEP03,Information Technology,JOB05,Software Engineer,2025-06-01,21,15216.17,15216.17,1164.07,0,2,4,4
EMP0089-2025-07,EMP0089,Gail Atallah,Female,1984-10-13,2023-12-08,,Active,2,1,DEP03,Information Technology,JOB05,Software Engineer,2025-07-01,23,15216.17,15216.17,351.34,1,0,6,5
EMP0089-2025-08,EMP0089,Gail Atallah,Female,1984-10-13,2023-12-08,,Active,2,1,DEP03,Information Technology,JOB05,Software Engineer,2025-08-01,21,15216.17,15216.17,786.87,0,2,2,5
EMP0089-2025-09,EMP0089,Gail Atallah,Female,1984-10-13,2023-12-08,,Active,2,1,DEP03,Information Technology,JOB05,Software Engineer,2025-09-01,22,15216.17,15216.17,950.43,15,0,0,4
EMP0089-2025-10,EMP0089,Gail Atallah,Female,1984-10-13,2023-12-08,,Active,2,1,DEP03,Information Technology,JOB05,Software Engineer,2025-10-01,23,15216.17,15216.17,0,3,2,0,4
EMP0089-2025-11,EMP0089,Gail Atallah,Female,1984-10-13,2023-12-08,,Active,2,1,DEP03,Information Technology,JOB05,Software Engineer,2025-11-01,20,15216.17,15216.17,911.53,0,0,0,5
EMP0089-2025-12,EMP0089,Gail Atallah,Female,1984-10-13,2023-12-08,,Active,2,1,DEP03,Information Technology,JOB05,Software Engineer,2025-12-01,23,15216.17,15216.17,0,9,0,2,4
EMP0090-2024-01,EMP0090,Fabien Diallo,Male,1984-11-06,2017-06-30,,Active,1,1,DEP04,Sales,JOB07,Sales Executive,2024-01-01,23,13275.97,13275.97,1729.66,6,0,7,2
EMP0090-2024-02,EMP0090,Fabien Diallo,Male,1984-11-06,2017-06-30,,Active,1,1,DEP04,Sales,JOB07,Sales Executive,2024-02-01,21,13275.97,13275.97,1414.63,18,1,5,2
EMP0090-2024-03,EMP0090,Fabien Diallo,Male,1984-11-06,2017-06-30,,Active,1,1,DEP04,Sales,JOB07,Sales Executive,2024-03-01,21,13275.97,13275.97,0,7,1,3,3
EMP0090-2024-04,EMP0090,Fabien Diallo,Male,1984-11-06,2017-06-30,,Active,1,1,DEP04,Sales,JOB07,Sales Executive,2024-04-01,22,13275.97,13275.97,1316.74,0,0,6,3
EMP0090-2024-05,EMP0090,Fabien Diallo,Male,1984-11-06,2017-06-30,,Active,1,1,DEP04,Sales,JOB07,Sales Executive,2024-05-01,23,13275.97,13275.97,1769.39,9,0,0,2
EMP0090-2024-06,EMP0090,Fabien Diallo,Male,1984-11-06,2017-06-30,,Active,1,1,DEP04,Sales,JOB07,Sales Executive,2024-06-01,20,13275.97,13275.97,479.32,0,0,0,3
EMP0090-2024-07,EMP0090,Fabien Diallo,Male,1984-11-06,2017-06-30,,Active,1,1,DEP04,Sales,JOB07,Sales Executive,2024-07-01,23,13275.97,13275.97,0,0,2,7,3
EMP0090-2024-08,EMP0090,Fabien Diallo,Male,1984-11-06,2017-06-30,,Active,1,1,DEP04,Sales,JOB07,Sales Executive,2024-08-01,22,13275.97,13275.97,0,12,1,2,2
EMP0090-2024-09,EMP0090,Fabien Diallo,Male,1984-11-06,2017-06-30,,Active,1,1,DEP04,Sales,JOB07,Sales Executive,2024-09-01,21,13275.97,13275.97,0,0,0,7,2
EMP0090-2024-10,EMP0090,Fabien Diallo,Male,1984-11-06,2017-06-30,,Active,1,1,DEP04,Sales,JOB07,Sales Executive,2024-10-01,23,13275.97,13275.97,1565.37,1,0,0,2
EMP0090-2024-11,EMP0090,Fabien Diallo,Male,1984-11-06,2017-06-30,,Active,1,1,DEP04,Sales,JOB07,Sales Executive,2024-11-01,21,13275.97,13275.97,0,0,1,0,3
EMP0090-2024-12,EMP0090,Fabien Diallo,Male,1984-11-06,2017-06-30,,Active,1,1,DEP04,Sales,JOB07,Sales Executive,2024-12-01,22,13275.97,13275.97,1637.42,5,1,0,3
EMP0090-2025-01,EMP0090,Fabien Diallo,Male,1984-11-06,2017-06-30,,Active,1,1,DEP04,Sales,JOB07,Sales Executive,2025-01-01,23,13984.68,13984.68,1026.69,35,1,0,4
EMP0090-2025-02,EMP0090,Fabien Diallo,Male,1984-11-06,2017-06-30,,Active,1,1,DEP04,Sales,JOB07,Sales Executive,2025-02-01,20,13984.68,13984.68,0,25,2,5,3
EMP0090-2025-03,EMP0090,Fabien Diallo,Male,1984-11-06,2017-06-30,,Active,1,1,DEP04,Sales,JOB07,Sales Executive,2025-03-01,21,13984.68,13984.68,1252.51,8,0,12,3
EMP0090-2025-04,EMP0090,Fabien Diallo,Male,1984-11-06,2017-06-30,,Active,1,1,DEP04,Sales,JOB07,Sales Executive,2025-04-01,22,13984.68,13984.68,932.94,0,0,7,3
EMP0090-2025-05,EMP0090,Fabien Diallo,Male,1984-11-06,2017-06-30,,Active,1,1,DEP04,Sales,JOB07,Sales Executive,2025-05-01,22,13984.68,13984.68,0,17,3,0,2
EMP0090-2025-06,EMP0090,Fabien Diallo,Male,1984-11-06,2017-06-30,,Active,1,1,DEP04,Sales,JOB07,Sales Executive,2025-06-01,21,13984.68,13984.68,0,39,2,8,3
EMP0090-2025-07,EMP0090,Fabien Diallo,Male,1984-11-06,2017-06-30,,Active,1,1,DEP04,Sales,JOB07,Sales Executive,2025-07-01,23,13984.68,13984.68,0,29,1,4,3
EMP0090-2025-08,EMP0090,Fabien Diallo,Male,1984-11-06,2017-06-30,,Active,1,1,DEP04,Sales,JOB07,Sales Executive,2025-08-01,21,13984.68,13984.68,0,0,1,5,2
EMP0090-2025-09,EMP0090,Fabien Diallo,Male,1984-11-06,2017-06-30,,Active,1,1,DEP04,Sales,JOB07,Sales Executive,2025-09-01,22,13984.68,13984.68,0,23,1,0,2
EMP0090-2025-10,EMP0090,Fabien Diallo,Male,1984-11-06,2017-06-30,,Active,1,1,DEP04,Sales,JOB07,Sales Executive,2025-10-01,23,13984.68,13984.68,0,23,4,0,2
EMP0090-2025-11,EMP0090,Fabien Diallo,Male,1984-11-06,2017-06-30,,Active,1,1,DEP04,Sales,JOB07,Sales Executive,2025-11-01,20,13984.68,13984.68,0,3,3,1,3
EMP0090-2025-12,EMP0090,Fabien Diallo,Male,1984-11-06,2017-06-30,,Active,1,1,DEP04,Sales,JOB07,Sales Executive,2025-12-01,23,13984.68,13984.68,0,15,4,4,2
EMP0091-2024-01,EMP0091,Isaac Andrew,Male,1993-04-15,2022-05-23,,Active,6,2,DEP02,Finance,JOB03,Accountant,2024-01-01,23,18418.48,18418.48,0,0,1,12,4
EMP0091-2024-02,EMP0091,Isaac Andrew,Male,1993-04-15,2022-05-23,,Active,6,2,DEP02,Finance,JOB03,Accountant,2024-02-01,21,18418.48,18418.48,0,9,1,12,3
EMP0091-2024-03,EMP0091,Isaac Andrew,Male,1993-04-15,2022-05-23,,Active,6,2,DEP02,Finance,JOB03,Accountant,2024-03-01,21,18418.48,18418.48,2002.61,16,3,5,3
EMP0091-2024-04,EMP0091,Isaac Andrew,Male,1993-04-15,2022-05-23,,Active,6,2,DEP02,Finance,JOB03,Accountant,2024-04-01,22,18418.48,18418.48,913.39,19,0,0,4
EMP0091-2024-05,EMP0091,Isaac Andrew,Male,1993-04-15,2022-05-23,,Active,6,2,DEP02,Finance,JOB03,Accountant,2024-05-01,23,18418.48,18418.48,0,0,3,2,3
EMP0091-2024-06,EMP0091,Isaac Andrew,Male,1993-04-15,2022-05-23,,Active,6,2,DEP02,Finance,JOB03,Accountant,2024-06-01,20,18418.48,18418.48,0,11,0,0,3
EMP0091-2024-07,EMP0091,Isaac Andrew,Male,1993-04-15,2022-05-23,,Active,6,2,DEP02,Finance,JOB03,Accountant,2024-07-01,23,18418.48,18418.48,0,5,3,14,4
EMP0091-2024-08,EMP0091,Isaac Andrew,Male,1993-04-15,2022-05-23,,Active,6,2,DEP02,Finance,JOB03,Accountant,2024-08-01,22,18418.48,18418.48,0,0,0,16,4
EMP0091-2024-09,EMP0091,Isaac Andrew,Male,1993-04-15,2022-05-23,,Active,6,2,DEP02,Finance,JOB03,Accountant,2024-09-01,21,18418.48,18418.48,0,18,3,0,3
EMP0091-2024-10,EMP0091,Isaac Andrew,Male,1993-04-15,2022-05-23,,Active,6,2,DEP02,Finance,JOB03,Accountant,2024-10-01,23,18418.48,18418.48,0,20,2,0,3
EMP0091-2024-11,EMP0091,Isaac Andrew,Male,1993-04-15,2022-05-23,,Active,6,2,DEP02,Finance,JOB03,Accountant,2024-11-01,21,18418.48,18418.48,638.19,10,1,4,3
EMP0091-2024-12,EMP0091,Isaac Andrew,Male,1993-04-15,2022-05-23,,Active,6,2,DEP02,Finance,JOB03,Accountant,2024-12-01,22,18418.48,18418.48,0,0,0,0,4
EMP0091-2025-01,EMP0091,Isaac Andrew,Male,1993-04-15,2022-05-23,,Active,6,2,DEP02,Finance,JOB03,Accountant,2025-01-01,23,19722.51,19722.51,0,14,1,0,4
EMP0091-2025-02,EMP0091,Isaac Andrew,Male,1993-04-15,2022-05-23,,Active,6,2,DEP02,Finance,JOB03,Accountant,2025-02-01,20,19722.51,19722.51,0,34,4,6,3
EMP0091-2025-03,EMP0091,Isaac Andrew,Male,1993-04-15,2022-05-23,,Active,6,2,DEP02,Finance,JOB03,Accountant,2025-03-01,21,19722.51,19722.51,0,21,1,0,3
EMP0091-2025-04,EMP0091,Isaac Andrew,Male,1993-04-15,2022-05-23,,Active,6,2,DEP02,Finance,JOB03,Accountant,2025-04-01,22,19722.51,19722.51,2515.53,0,1,7,4
EMP0091-2025-05,EMP0091,Isaac Andrew,Male,1993-04-15,2022-05-23,,Active,6,2,DEP02,Finance,JOB03,Accountant,2025-05-01,22,19722.51,19722.51,0,0,4,3,4
EMP0091-2025-06,EMP0091,Isaac Andrew,Male,1993-04-15,2022-05-23,,Active,6,2,DEP02,Finance,JOB03,Accountant,2025-06-01,21,19722.51,19722.51,0,0,1,2,3
EMP0091-2025-07,EMP0091,Isaac Andrew,Male,1993-04-15,2022-05-23,,Active,6,2,DEP02,Finance,JOB03,Accountant,2025-07-01,23,19722.51,19722.51,0,0,0,15,3
EMP0091-2025-08,EMP0091,Isaac Andrew,Male,1993-04-15,2022-05-23,,Active,6,2,DEP02,Finance,JOB03,Accountant,2025-08-01,21,19722.51,19722.51,0,5,2,0,3
EMP0091-2025-09,EMP0091,Isaac Andrew,Male,1993-04-15,2022-05-23,,Active,6,2,DEP02,Finance,JOB03,Accountant,2025-09-01,22,19722.51,19722.51,0,5,0,4,3
EMP0091-2025-10,EMP0091,Isaac Andrew,Male,1993-04-15,2022-05-23,,Active,6,2,DEP02,Finance,JOB03,Accountant,2025-10-01,23,19722.51,19722.51,0,0,3,0,3
EMP0091-2025-11,EMP0091,Isaac Andrew,Male,1993-04-15,2022-05-23,,Active,6,2,DEP02,Finance,JOB03,Accountant,2025-11-01,20,19722.51,19722.51,0,0,2,3,4
EMP0091-2025-12,EMP0091,Isaac Andrew,Male,1993-04-15,2022-05-23,,Active,6,2,DEP02,Finance,JOB03,Accountant,2025-12-01,23,19722.51,19722.51,1912.44,29,0,14,4
EMP0092-2024-01,EMP0092,Bo Talanoa,Male,1984-10-22,2021-08-24,,Active,4,2,DEP01,Human Resources,JOB02,Recruiter,2024-01-01,23,15941.09,15941.09,0,0,1,1,4
EMP0092-2024-02,EMP0092,Bo Talanoa,Male,1984-10-22,2021-08-24,,Active,4,2,DEP01,Human Resources,JOB02,Recruiter,2024-02-01,21,15941.09,15941.09,1406.66,0,0,3,4
EMP0092-2024-03,EMP0092,Bo Talanoa,Male,1984-10-22,2021-08-24,,Active,4,2,DEP01,Human Resources,JOB02,Recruiter,2024-03-01,21,15941.09,15941.09,0,0,0,0,4
EMP0092-2024-04,EMP0092,Bo Talanoa,Male,1984-10-22,2021-08-24,,Active,4,2,DEP01,Human Resources,JOB02,Recruiter,2024-04-01,22,15941.09,15941.09,0,13,1,8,3
EMP0092-2024-05,EMP0092,Bo Talanoa,Male,1984-10-22,2021-08-24,,Active,4,2,DEP01,Human Resources,JOB02,Recruiter,2024-05-01,23,15941.09,15941.09,0,8,1,4,4
EMP0092-2024-06,EMP0092,Bo Talanoa,Male,1984-10-22,2021-08-24,,Active,4,2,DEP01,Human Resources,JOB02,Recruiter,2024-06-01,20,15941.09,15941.09,0,7,0,9,3
EMP0092-2024-07,EMP0092,Bo Talanoa,Male,1984-10-22,2021-08-24,,Active,4,2,DEP01,Human Resources,JOB02,Recruiter,2024-07-01,23,15941.09,15941.09,0,6,1,6,3
EMP0092-2024-08,EMP0092,Bo Talanoa,Male,1984-10-22,2021-08-24,,Active,4,2,DEP01,Human Resources,JOB02,Recruiter,2024-08-01,22,15941.09,15941.09,0,24,0,0,4
EMP0092-2024-09,EMP0092,Bo Talanoa,Male,1984-10-22,2021-08-24,,Active,4,2,DEP01,Human Resources,JOB02,Recruiter,2024-09-01,21,15941.09,15941.09,362.56,0,0,5,4
EMP0092-2024-10,EMP0092,Bo Talanoa,Male,1984-10-22,2021-08-24,,Active,4,2,DEP01,Human Resources,JOB02,Recruiter,2024-10-01,23,15941.09,15941.09,0,18,0,0,2
EMP0092-2024-11,EMP0092,Bo Talanoa,Male,1984-10-22,2021-08-24,,Active,4,2,DEP01,Human Resources,JOB02,Recruiter,2024-11-01,21,15941.09,15941.09,0,9,2,0,4
EMP0092-2024-12,EMP0092,Bo Talanoa,Male,1984-10-22,2021-08-24,,Active,4,2,DEP01,Human Resources,JOB02,Recruiter,2024-12-01,22,15941.09,15941.09,0,0,3,0,5
EMP0092-2025-01,EMP0092,Bo Talanoa,Male,1984-10-22,2021-08-24,,Active,4,2,DEP01,Human Resources,JOB02,Recruiter,2025-01-01,23,17437.38,17437.38,2094.5,1,3,4,4
EMP0092-2025-02,EMP0092,Bo Talanoa,Male,1984-10-22,2021-08-24,,Active,4,2,DEP01,Human Resources,JOB02,Recruiter,2025-02-01,20,17437.38,17437.38,0,0,0,0,3
EMP0092-2025-03,EMP0092,Bo Talanoa,Male,1984-10-22,2021-08-24,,Active,4,2,DEP01,Human Resources,JOB02,Recruiter,2025-03-01,21,17437.38,17437.38,2171.89,2,1,1,4
EMP0092-2025-04,EMP0092,Bo Talanoa,Male,1984-10-22,2021-08-24,,Active,4,2,DEP01,Human Resources,JOB02,Recruiter,2025-04-01,22,17437.38,17437.38,1954.56,11,0,0,4
EMP0092-2025-05,EMP0092,Bo Talanoa,Male,1984-10-22,2021-08-24,,Active,4,2,DEP01,Human Resources,JOB02,Recruiter,2025-05-01,22,17437.38,17437.38,533.79,0,4,0,4
EMP0092-2025-06,EMP0092,Bo Talanoa,Male,1984-10-22,2021-08-24,,Active,4,2,DEP01,Human Resources,JOB02,Recruiter,2025-06-01,21,17437.38,17437.38,0,0,1,2,5
EMP0092-2025-07,EMP0092,Bo Talanoa,Male,1984-10-22,2021-08-24,,Active,4,2,DEP01,Human Resources,JOB02,Recruiter,2025-07-01,23,17437.38,17437.38,513.4,29,0,0,4
EMP0092-2025-08,EMP0092,Bo Talanoa,Male,1984-10-22,2021-08-24,,Active,4,2,DEP01,Human Resources,JOB02,Recruiter,2025-08-01,21,17437.38,17437.38,384.43,0,3,3,4
EMP0092-2025-09,EMP0092,Bo Talanoa,Male,1984-10-22,2021-08-24,,Active,4,2,DEP01,Human Resources,JOB02,Recruiter,2025-09-01,22,17437.38,17437.38,860.48,8,1,0,4
EMP0092-2025-10,EMP0092,Bo Talanoa,Male,1984-10-22,2021-08-24,,Active,4,2,DEP01,Human Resources,JOB02,Recruiter,2025-10-01,23,17437.38,17437.38,0,7,0,0,3
EMP0092-2025-11,EMP0092,Bo Talanoa,Male,1984-10-22,2021-08-24,,Active,4,2,DEP01,Human Resources,JOB02,Recruiter,2025-11-01,20,17437.38,17437.38,2291.85,7,1,12,4
EMP0092-2025-12,EMP0092,Bo Talanoa,Male,1984-10-22,2021-08-24,,Active,4,2,DEP01,Human Resources,JOB02,Recruiter,2025-12-01,23,17437.38,17437.38,0,12,0,0,3
EMP0093-2024-12,EMP0093,Miron Howlader,Male,1985-11-20,2024-12-29,,Active,9,3,DEP04,Sales,JOB07,Sales Executive,2024-12-01,2,19369.91,1760.9,0,0,0,0,3
EMP0093-2025-01,EMP0093,Miron Howlader,Male,1985-11-20,2024-12-29,,Active,9,3,DEP04,Sales,JOB07,Sales Executive,2025-01-01,23,20824.23,20824.23,2434.47,13,0,0,3
EMP0093-2025-02,EMP0093,Miron Howlader,Male,1985-11-20,2024-12-29,,Active,9,3,DEP04,Sales,JOB07,Sales Executive,2025-02-01,20,20824.23,20824.23,1177.05,2,0,8,3
EMP0093-2025-03,EMP0093,Miron Howlader,Male,1985-11-20,2024-12-29,,Active,9,3,DEP04,Sales,JOB07,Sales Executive,2025-03-01,21,20824.23,20824.23,2271.52,0,0,7,4
EMP0093-2025-04,EMP0093,Miron Howlader,Male,1985-11-20,2024-12-29,,Active,9,3,DEP04,Sales,JOB07,Sales Executive,2025-04-01,22,20824.23,20824.23,0,20,2,0,5
EMP0093-2025-05,EMP0093,Miron Howlader,Male,1985-11-20,2024-12-29,,Active,9,3,DEP04,Sales,JOB07,Sales Executive,2025-05-01,22,20824.23,20824.23,1003.77,0,1,0,3
EMP0093-2025-06,EMP0093,Miron Howlader,Male,1985-11-20,2024-12-29,,Active,9,3,DEP04,Sales,JOB07,Sales Executive,2025-06-01,21,20824.23,20824.23,0,38,1,2,3
EMP0093-2025-07,EMP0093,Miron Howlader,Male,1985-11-20,2024-12-29,,Active,9,3,DEP04,Sales,JOB07,Sales Executive,2025-07-01,23,20824.23,20824.23,0,0,1,1,2
EMP0093-2025-08,EMP0093,Miron Howlader,Male,1985-11-20,2024-12-29,,Active,9,3,DEP04,Sales,JOB07,Sales Executive,2025-08-01,21,20824.23,20824.23,2768.78,4,1,0,3
EMP0093-2025-09,EMP0093,Miron Howlader,Male,1985-11-20,2024-12-29,,Active,9,3,DEP04,Sales,JOB07,Sales Executive,2025-09-01,22,20824.23,20824.23,2014.25,0,0,0,2
EMP0093-2025-10,EMP0093,Miron Howlader,Male,1985-11-20,2024-12-29,,Active,9,3,DEP04,Sales,JOB07,Sales Executive,2025-10-01,23,20824.23,20824.23,3051,29,0,0,3
EMP0093-2025-11,EMP0093,Miron Howlader,Male,1985-11-20,2024-12-29,,Active,9,3,DEP04,Sales,JOB07,Sales Executive,2025-11-01,20,20824.23,20824.23,0,39,0,6,4
EMP0093-2025-12,EMP0093,Miron Howlader,Male,1985-11-20,2024-12-29,,Active,9,3,DEP04,Sales,JOB07,Sales Executive,2025-12-01,23,20824.23,20824.23,0,15,0,0,3
EMP0094-2024-01,EMP0094,Faustin Sanneh,Male,1986-12-13,2021-09-04,,Active,9,4,DEP03,Information Technology,JOB05,Software Engineer,2024-01-01,23,55603.8,55603.8,5617.2,10,1,4,5
EMP0094-2024-02,EMP0094,Faustin Sanneh,Male,1986-12-13,2021-09-04,,Active,9,4,DEP03,Information Technology,JOB05,Software Engineer,2024-02-01,21,55603.8,55603.8,0,0,2,0,3
EMP0094-2024-03,EMP0094,Faustin Sanneh,Male,1986-12-13,2021-09-04,,Active,9,4,DEP03,Information Technology,JOB05,Software Engineer,2024-03-01,21,55603.8,55603.8,8017.28,31,3,0,5
EMP0094-2024-04,EMP0094,Faustin Sanneh,Male,1986-12-13,2021-09-04,,Active,9,4,DEP03,Information Technology,JOB05,Software Engineer,2024-04-01,22,55603.8,55603.8,0,23,0,2,3
EMP0094-2024-05,EMP0094,Faustin Sanneh,Male,1986-12-13,2021-09-04,,Active,9,4,DEP03,Information Technology,JOB05,Software Engineer,2024-05-01,23,55603.8,55603.8,4377.88,0,3,6,4
EMP0094-2024-06,EMP0094,Faustin Sanneh,Male,1986-12-13,2021-09-04,,Active,9,4,DEP03,Information Technology,JOB05,Software Engineer,2024-06-01,20,55603.8,55603.8,1958.37,39,1,8,5
EMP0094-2024-07,EMP0094,Faustin Sanneh,Male,1986-12-13,2021-09-04,,Active,9,4,DEP03,Information Technology,JOB05,Software Engineer,2024-07-01,23,55603.8,55603.8,6601.46,0,0,7,4
EMP0094-2024-08,EMP0094,Faustin Sanneh,Male,1986-12-13,2021-09-04,,Active,9,4,DEP03,Information Technology,JOB05,Software Engineer,2024-08-01,22,55603.8,55603.8,3690.51,16,1,13,4
EMP0094-2024-09,EMP0094,Faustin Sanneh,Male,1986-12-13,2021-09-04,,Active,9,4,DEP03,Information Technology,JOB05,Software Engineer,2024-09-01,21,55603.8,55603.8,0,8,3,0,4
EMP0094-2024-10,EMP0094,Faustin Sanneh,Male,1986-12-13,2021-09-04,,Active,9,4,DEP03,Information Technology,JOB05,Software Engineer,2024-10-01,23,55603.8,55603.8,1761.19,7,1,0,5
EMP0094-2024-11,EMP0094,Faustin Sanneh,Male,1986-12-13,2021-09-04,,Active,9,4,DEP03,Information Technology,JOB05,Software Engineer,2024-11-01,21,55603.8,55603.8,0,0,0,0,4
EMP0094-2024-12,EMP0094,Faustin Sanneh,Male,1986-12-13,2021-09-04,,Active,9,4,DEP03,Information Technology,JOB05,Software Engineer,2024-12-01,22,55603.8,55603.8,0,0,1,8,3
EMP0094-2025-01,EMP0094,Faustin Sanneh,Male,1986-12-13,2021-09-04,,Active,9,4,DEP03,Information Technology,JOB05,Software Engineer,2025-01-01,23,61646.23,61646.23,0,2,1,8,4
EMP0094-2025-02,EMP0094,Faustin Sanneh,Male,1986-12-13,2021-09-04,,Active,9,4,DEP03,Information Technology,JOB05,Software Engineer,2025-02-01,20,61646.23,61646.23,0,8,0,3,4
EMP0094-2025-03,EMP0094,Faustin Sanneh,Male,1986-12-13,2021-09-04,,Active,9,4,DEP03,Information Technology,JOB05,Software Engineer,2025-03-01,21,61646.23,61646.23,0,0,3,2,4
EMP0094-2025-04,EMP0094,Faustin Sanneh,Male,1986-12-13,2021-09-04,,Active,9,4,DEP03,Information Technology,JOB05,Software Engineer,2025-04-01,22,61646.23,61646.23,0,0,0,0,4
EMP0094-2025-05,EMP0094,Faustin Sanneh,Male,1986-12-13,2021-09-04,,Active,9,4,DEP03,Information Technology,JOB05,Software Engineer,2025-05-01,22,61646.23,61646.23,3041.72,21,3,0,4
EMP0094-2025-06,EMP0094,Faustin Sanneh,Male,1986-12-13,2021-09-04,,Active,9,4,DEP03,Information Technology,JOB05,Software Engineer,2025-06-01,21,61646.23,61646.23,0,40,3,12,3
EMP0094-2025-07,EMP0094,Faustin Sanneh,Male,1986-12-13,2021-09-04,,Active,9,4,DEP03,Information Technology,JOB05,Software Engineer,2025-07-01,23,61646.23,61646.23,7297.18,1,1,3,4
EMP0094-2025-08,EMP0094,Faustin Sanneh,Male,1986-12-13,2021-09-04,,Active,9,4,DEP03,Information Technology,JOB05,Software Engineer,2025-08-01,21,61646.23,61646.23,0,3,0,1,4
EMP0094-2025-09,EMP0094,Faustin Sanneh,Male,1986-12-13,2021-09-04,,Active,9,4,DEP03,Information Technology,JOB05,Software Engineer,2025-09-01,22,61646.23,61646.23,5031.64,6,0,2,4
EMP0094-2025-10,EMP0094,Faustin Sanneh,Male,1986-12-13,2021-09-04,,Active,9,4,DEP03,Information Technology,JOB05,Software Engineer,2025-10-01,23,61646.23,61646.23,6407.32,9,2,2,3
EMP0094-2025-11,EMP0094,Faustin Sanneh,Male,1986-12-13,2021-09-04,,Active,9,4,DEP03,Information Technology,JOB05,Software Engineer,2025-11-01,20,61646.23,61646.23,0,0,0,14,4
EMP0094-2025-12,EMP0094,Faustin Sanneh,Male,1986-12-13,2021-09-04,,Active,9,4,DEP03,Information Technology,JOB05,Software Engineer,2025-12-01,23,61646.23,61646.23,0,0,0,5,4
EMP0095-2024-04,EMP0095,Nathan Corlat,Male,1987-10-07,2024-04-10,,Active,4,2,DEP03,Information Technology,JOB06,IT Support Specialist,2024-04-01,15,14074.82,9596.47,1070.15,10,0,1,3
EMP0095-2024-05,EMP0095,Nathan Corlat,Male,1987-10-07,2024-04-10,,Active,4,2,DEP03,Information Technology,JOB06,IT Support Specialist,2024-05-01,23,14074.82,14074.82,0,0,0,0,3
EMP0095-2024-06,EMP0095,Nathan Corlat,Male,1987-10-07,2024-04-10,,Active,4,2,DEP03,Information Technology,JOB06,IT Support Specialist,2024-06-01,20,14074.82,14074.82,0,0,1,11,4
EMP0095-2024-07,EMP0095,Nathan Corlat,Male,1987-10-07,2024-04-10,,Active,4,2,DEP03,Information Technology,JOB06,IT Support Specialist,2024-07-01,23,14074.82,14074.82,0,1,0,8,2
EMP0095-2024-08,EMP0095,Nathan Corlat,Male,1987-10-07,2024-04-10,,Active,4,2,DEP03,Information Technology,JOB06,IT Support Specialist,2024-08-01,22,14074.82,14074.82,0,2,0,2,3
EMP0095-2024-09,EMP0095,Nathan Corlat,Male,1987-10-07,2024-04-10,,Active,4,2,DEP03,Information Technology,JOB06,IT Support Specialist,2024-09-01,21,14074.82,14074.82,0,0,0,1,2
EMP0095-2024-10,EMP0095,Nathan Corlat,Male,1987-10-07,2024-04-10,,Active,4,2,DEP03,Information Technology,JOB06,IT Support Specialist,2024-10-01,23,14074.82,14074.82,0,2,1,5,3
EMP0095-2024-11,EMP0095,Nathan Corlat,Male,1987-10-07,2024-04-10,,Active,4,2,DEP03,Information Technology,JOB06,IT Support Specialist,2024-11-01,21,14074.82,14074.82,0,0,0,16,3
EMP0095-2024-12,EMP0095,Nathan Corlat,Male,1987-10-07,2024-04-10,,Active,4,2,DEP03,Information Technology,JOB06,IT Support Specialist,2024-12-01,22,14074.82,14074.82,0,6,1,0,3
EMP0095-2025-01,EMP0095,Nathan Corlat,Male,1987-10-07,2024-04-10,,Active,4,2,DEP03,Information Technology,JOB06,IT Support Specialist,2025-01-01,23,14812.21,14812.21,0,10,2,0,4
EMP0095-2025-02,EMP0095,Nathan Corlat,Male,1987-10-07,2024-04-10,,Active,4,2,DEP03,Information Technology,JOB06,IT Support Specialist,2025-02-01,20,14812.21,14812.21,0,36,1,0,4
EMP0095-2025-03,EMP0095,Nathan Corlat,Male,1987-10-07,2024-04-10,,Active,4,2,DEP03,Information Technology,JOB06,IT Support Specialist,2025-03-01,21,14812.21,14812.21,0,5,3,0,3
EMP0095-2025-04,EMP0095,Nathan Corlat,Male,1987-10-07,2024-04-10,,Active,4,2,DEP03,Information Technology,JOB06,IT Support Specialist,2025-04-01,22,14812.21,14812.21,0,0,2,10,3
EMP0095-2025-05,EMP0095,Nathan Corlat,Male,1987-10-07,2024-04-10,,Active,4,2,DEP03,Information Technology,JOB06,IT Support Specialist,2025-05-01,22,14812.21,14812.21,0,0,2,0,3
EMP0095-2025-06,EMP0095,Nathan Corlat,Male,1987-10-07,2024-04-10,,Active,4,2,DEP03,Information Technology,JOB06,IT Support Specialist,2025-06-01,21,14812.21,14812.21,1861.38,7,0,2,3
EMP0095-2025-07,EMP0095,Nathan Corlat,Male,1987-10-07,2024-04-10,,Active,4,2,DEP03,Information Technology,JOB06,IT Support Specialist,2025-07-01,23,14812.21,14812.21,0,34,0,6,3
EMP0095-2025-08,EMP0095,Nathan Corlat,Male,1987-10-07,2024-04-10,,Active,4,2,DEP03,Information Technology,JOB06,IT Support Specialist,2025-08-01,21,14812.21,14812.21,1237.89,24,3,3,4
EMP0095-2025-09,EMP0095,Nathan Corlat,Male,1987-10-07,2024-04-10,,Active,4,2,DEP03,Information Technology,JOB06,IT Support Specialist,2025-09-01,22,14812.21,14812.21,0,8,1,0,3
EMP0095-2025-10,EMP0095,Nathan Corlat,Male,1987-10-07,2024-04-10,,Active,4,2,DEP03,Information Technology,JOB06,IT Support Specialist,2025-10-01,23,14812.21,14812.21,0,0,0,8,1
EMP0095-2025-11,EMP0095,Nathan Corlat,Male,1987-10-07,2024-04-10,,Active,4,2,DEP03,Information Technology,JOB06,IT Support Specialist,2025-11-01,20,14812.21,14812.21,729.35,0,2,12,4
EMP0095-2025-12,EMP0095,Nathan Corlat,Male,1987-10-07,2024-04-10,,Active,4,2,DEP03,Information Technology,JOB06,IT Support Specialist,2025-12-01,23,14812.21,14812.21,506.41,23,1,13,3
EMP0096-2024-01,EMP0096,Simão Amanmyradov,Male,1986-12-20,2023-06-02,,Active,7,3,DEP05,Marketing,JOB10,Marketing Analyst,2024-01-01,23,21486.09,21486.09,0,6,1,15,3
EMP0096-2024-02,EMP0096,Simão Amanmyradov,Male,1986-12-20,2023-06-02,,Active,7,3,DEP05,Marketing,JOB10,Marketing Analyst,2024-02-01,21,21486.09,21486.09,0,13,1,3,3
EMP0096-2024-03,EMP0096,Simão Amanmyradov,Male,1986-12-20,2023-06-02,,Active,7,3,DEP05,Marketing,JOB10,Marketing Analyst,2024-03-01,21,21486.09,21486.09,2759.81,29,0,0,4
EMP0096-2024-04,EMP0096,Simão Amanmyradov,Male,1986-12-20,2023-06-02,,Active,7,3,DEP05,Marketing,JOB10,Marketing Analyst,2024-04-01,22,21486.09,21486.09,0,7,3,0,3
EMP0096-2024-05,EMP0096,Simão Amanmyradov,Male,1986-12-20,2023-06-02,,Active,7,3,DEP05,Marketing,JOB10,Marketing Analyst,2024-05-01,23,21486.09,21486.09,0,2,1,0,3
EMP0096-2024-06,EMP0096,Simão Amanmyradov,Male,1986-12-20,2023-06-02,,Active,7,3,DEP05,Marketing,JOB10,Marketing Analyst,2024-06-01,20,21486.09,21486.09,0,39,2,0,3
EMP0096-2024-07,EMP0096,Simão Amanmyradov,Male,1986-12-20,2023-06-02,,Active,7,3,DEP05,Marketing,JOB10,Marketing Analyst,2024-07-01,23,21486.09,21486.09,0,8,0,14,3
EMP0096-2024-08,EMP0096,Simão Amanmyradov,Male,1986-12-20,2023-06-02,,Active,7,3,DEP05,Marketing,JOB10,Marketing Analyst,2024-08-01,22,21486.09,21486.09,0,37,2,0,4
EMP0096-2024-09,EMP0096,Simão Amanmyradov,Male,1986-12-20,2023-06-02,,Active,7,3,DEP05,Marketing,JOB10,Marketing Analyst,2024-09-01,21,21486.09,21486.09,0,0,0,8,3
EMP0096-2024-10,EMP0096,Simão Amanmyradov,Male,1986-12-20,2023-06-02,,Active,7,3,DEP05,Marketing,JOB10,Marketing Analyst,2024-10-01,23,21486.09,21486.09,0,23,0,0,3
EMP0096-2024-11,EMP0096,Simão Amanmyradov,Male,1986-12-20,2023-06-02,,Active,7,3,DEP05,Marketing,JOB10,Marketing Analyst,2024-11-01,21,21486.09,21486.09,2358.08,18,0,0,4
EMP0096-2024-12,EMP0096,Simão Amanmyradov,Male,1986-12-20,2023-06-02,,Active,7,3,DEP05,Marketing,JOB10,Marketing Analyst,2024-12-01,22,21486.09,21486.09,0,0,1,8,3
EMP0096-2025-01,EMP0096,Simão Amanmyradov,Male,1986-12-20,2023-06-02,,Active,7,3,DEP05,Marketing,JOB10,Marketing Analyst,2025-01-01,23,23375.3,23375.3,0,2,0,1,4
EMP0096-2025-02,EMP0096,Simão Amanmyradov,Male,1986-12-20,2023-06-02,,Active,7,3,DEP05,Marketing,JOB10,Marketing Analyst,2025-02-01,20,23375.3,23375.3,0,0,2,0,3
EMP0096-2025-03,EMP0096,Simão Amanmyradov,Male,1986-12-20,2023-06-02,,Active,7,3,DEP05,Marketing,JOB10,Marketing Analyst,2025-03-01,21,23375.3,23375.3,0,0,3,0,3
EMP0096-2025-04,EMP0096,Simão Amanmyradov,Male,1986-12-20,2023-06-02,,Active,7,3,DEP05,Marketing,JOB10,Marketing Analyst,2025-04-01,22,23375.3,23375.3,0,25,1,0,4
EMP0096-2025-05,EMP0096,Simão Amanmyradov,Male,1986-12-20,2023-06-02,,Active,7,3,DEP05,Marketing,JOB10,Marketing Analyst,2025-05-01,22,23375.3,23375.3,0,5,0,14,3
EMP0096-2025-06,EMP0096,Simão Amanmyradov,Male,1986-12-20,2023-06-02,,Active,7,3,DEP05,Marketing,JOB10,Marketing Analyst,2025-06-01,21,23375.3,23375.3,0,6,0,0,3
EMP0096-2025-07,EMP0096,Simão Amanmyradov,Male,1986-12-20,2023-06-02,,Active,7,3,DEP05,Marketing,JOB10,Marketing Analyst,2025-07-01,23,23375.3,23375.3,0,7,3,1,3
EMP0096-2025-08,EMP0096,Simão Amanmyradov,Male,1986-12-20,2023-06-02,,Active,7,3,DEP05,Marketing,JOB10,Marketing Analyst,2025-08-01,21,23375.3,23375.3,2832.26,0,0,11,4
EMP0096-2025-09,EMP0096,Simão Amanmyradov,Male,1986-12-20,2023-06-02,,Active,7,3,DEP05,Marketing,JOB10,Marketing Analyst,2025-09-01,22,23375.3,23375.3,0,0,0,16,4
EMP0096-2025-10,EMP0096,Simão Amanmyradov,Male,1986-12-20,2023-06-02,,Active,7,3,DEP05,Marketing,JOB10,Marketing Analyst,2025-10-01,23,23375.3,23375.3,0,0,0,1,4
EMP0096-2025-11,EMP0096,Simão Amanmyradov,Male,1986-12-20,2023-06-02,,Active,7,3,DEP05,Marketing,JOB10,Marketing Analyst,2025-11-01,20,23375.3,23375.3,0,0,1,0,4
EMP0096-2025-12,EMP0096,Simão Amanmyradov,Male,1986-12-20,2023-06-02,,Active,7,3,DEP05,Marketing,JOB10,Marketing Analyst,2025-12-01,23,23375.3,23375.3,0,17,1,4,3
EMP0097-2024-01,EMP0097,Taavi Grabowski,Male,1989-05-11,2023-05-30,,Active,3,1,DEP02,Finance,JOB03,Accountant,2024-01-01,23,9555.08,9555.08,0,0,0,6,3
EMP0097-2024-02,EMP0097,Taavi Grabowski,Male,1989-05-11,2023-05-30,,Active,3,1,DEP02,Finance,JOB03,Accountant,2024-02-01,21,9555.08,9555.08,0,2,1,4,4
EMP0097-2024-03,EMP0097,Taavi Grabowski,Male,1989-05-11,2023-05-30,,Active,3,1,DEP02,Finance,JOB03,Accountant,2024-03-01,21,9555.08,9555.08,0,15,1,2,4
EMP0097-2024-04,EMP0097,Taavi Grabowski,Male,1989-05-11,2023-05-30,,Active,3,1,DEP02,Finance,JOB03,Accountant,2024-04-01,22,9555.08,9555.08,1142.88,19,2,0,2
EMP0097-2024-05,EMP0097,Taavi Grabowski,Male,1989-05-11,2023-05-30,,Active,3,1,DEP02,Finance,JOB03,Accountant,2024-05-01,23,9555.08,9555.08,0,2,1,8,4
EMP0097-2024-06,EMP0097,Taavi Grabowski,Male,1989-05-11,2023-05-30,,Active,3,1,DEP02,Finance,JOB03,Accountant,2024-06-01,20,9555.08,9555.08,1141.82,6,0,7,3
EMP0097-2024-07,EMP0097,Taavi Grabowski,Male,1989-05-11,2023-05-30,,Active,3,1,DEP02,Finance,JOB03,Accountant,2024-07-01,23,9555.08,9555.08,0,7,0,4,3
EMP0097-2024-08,EMP0097,Taavi Grabowski,Male,1989-05-11,2023-05-30,,Active,3,1,DEP02,Finance,JOB03,Accountant,2024-08-01,22,9555.08,9555.08,261.97,0,0,0,4
EMP0097-2024-09,EMP0097,Taavi Grabowski,Male,1989-05-11,2023-05-30,,Active,3,1,DEP02,Finance,JOB03,Accountant,2024-09-01,21,9555.08,9555.08,0,6,0,1,2
EMP0097-2024-10,EMP0097,Taavi Grabowski,Male,1989-05-11,2023-05-30,,Active,3,1,DEP02,Finance,JOB03,Accountant,2024-10-01,23,9555.08,9555.08,0,8,0,1,4
EMP0097-2024-11,EMP0097,Taavi Grabowski,Male,1989-05-11,2023-05-30,,Active,3,1,DEP02,Finance,JOB03,Accountant,2024-11-01,21,9555.08,9555.08,878.97,21,1,0,3
EMP0097-2024-12,EMP0097,Taavi Grabowski,Male,1989-05-11,2023-05-30,,Active,3,1,DEP02,Finance,JOB03,Accountant,2024-12-01,22,9555.08,9555.08,0,0,1,14,3
EMP0097-2025-01,EMP0097,Taavi Grabowski,Male,1989-05-11,2023-05-30,,Active,3,1,DEP02,Finance,JOB03,Accountant,2025-01-01,23,10327.17,10327.17,1314.85,0,3,13,3
EMP0097-2025-02,EMP0097,Taavi Grabowski,Male,1989-05-11,2023-05-30,,Active,3,1,DEP02,Finance,JOB03,Accountant,2025-02-01,20,10327.17,10327.17,0,24,2,0,3
EMP0097-2025-03,EMP0097,Taavi Grabowski,Male,1989-05-11,2023-05-30,,Active,3,1,DEP02,Finance,JOB03,Accountant,2025-03-01,21,10327.17,10327.17,0,0,1,0,4
EMP0097-2025-04,EMP0097,Taavi Grabowski,Male,1989-05-11,2023-05-30,,Active,3,1,DEP02,Finance,JOB03,Accountant,2025-04-01,22,10327.17,10327.17,280.61,32,4,6,4
EMP0097-2025-05,EMP0097,Taavi Grabowski,Male,1989-05-11,2023-05-30,,Active,3,1,DEP02,Finance,JOB03,Accountant,2025-05-01,22,10327.17,10327.17,749.18,9,0,5,4
EMP0097-2025-06,EMP0097,Taavi Grabowski,Male,1989-05-11,2023-05-30,,Active,3,1,DEP02,Finance,JOB03,Accountant,2025-06-01,21,10327.17,10327.17,0,9,0,7,3
EMP0097-2025-07,EMP0097,Taavi Grabowski,Male,1989-05-11,2023-05-30,,Active,3,1,DEP02,Finance,JOB03,Accountant,2025-07-01,23,10327.17,10327.17,0,7,0,4,3
EMP0097-2025-08,EMP0097,Taavi Grabowski,Male,1989-05-11,2023-05-30,,Active,3,1,DEP02,Finance,JOB03,Accountant,2025-08-01,21,10327.17,10327.17,0,7,2,0,3
EMP0097-2025-09,EMP0097,Taavi Grabowski,Male,1989-05-11,2023-05-30,,Active,3,1,DEP02,Finance,JOB03,Accountant,2025-09-01,22,10327.17,10327.17,0,0,2,14,3
EMP0097-2025-10,EMP0097,Taavi Grabowski,Male,1989-05-11,2023-05-30,,Active,3,1,DEP02,Finance,JOB03,Accountant,2025-10-01,23,10327.17,10327.17,0,25,0,4,3
EMP0097-2025-11,EMP0097,Taavi Grabowski,Male,1989-05-11,2023-05-30,,Active,3,1,DEP02,Finance,JOB03,Accountant,2025-11-01,20,10327.17,10327.17,1451.13,0,0,2,3
EMP0097-2025-12,EMP0097,Taavi Grabowski,Male,1989-05-11,2023-05-30,,Active,3,1,DEP02,Finance,JOB03,Accountant,2025-12-01,23,10327.17,10327.17,0,9,1,1,3
EMP0098-2025-09,EMP0098,Chloé Saandi,Female,1986-09-21,2025-09-12,,Active,2,1,DEP05,Marketing,JOB10,Marketing Analyst,2025-09-01,13,10204.78,6030.1,577.44,9,2,0,4
EMP0098-2025-10,EMP0098,Chloé Saandi,Female,1986-09-21,2025-09-12,,Active,2,1,DEP05,Marketing,JOB10,Marketing Analyst,2025-10-01,23,10204.78,10204.78,0,18,4,15,2
EMP0098-2025-11,EMP0098,Chloé Saandi,Female,1986-09-21,2025-09-12,,Active,2,1,DEP05,Marketing,JOB10,Marketing Analyst,2025-11-01,20,10204.78,10204.78,0,5,0,5,3
EMP0098-2025-12,EMP0098,Chloé Saandi,Female,1986-09-21,2025-09-12,,Active,2,1,DEP05,Marketing,JOB10,Marketing Analyst,2025-12-01,23,10204.78,10204.78,0,28,0,11,3
EMP0099-2024-07,EMP0099,Kei Tang,Male,1994-08-08,2024-07-30,2025-03-06,Left,1,1,DEP05,Marketing,JOB09,Marketing Specialist,2024-07-01,2,9872.17,858.45,0,4,1,0,4
EMP0099-2024-08,EMP0099,Kei Tang,Male,1994-08-08,2024-07-30,2025-03-06,Left,1,1,DEP05,Marketing,JOB09,Marketing Specialist,2024-08-01,22,9872.17,9872.17,858.37,0,1,1,3
EMP0099-2024-09,EMP0099,Kei Tang,Male,1994-08-08,2024-07-30,2025-03-06,Left,1,1,DEP05,Marketing,JOB09,Marketing Specialist,2024-09-01,21,9872.17,9872.17,1420.39,25,1,0,3
EMP0099-2024-10,EMP0099,Kei Tang,Male,1994-08-08,2024-07-30,2025-03-06,Left,1,1,DEP05,Marketing,JOB09,Marketing Specialist,2024-10-01,23,9872.17,9872.17,0,4,1,2,3
EMP0099-2024-11,EMP0099,Kei Tang,Male,1994-08-08,2024-07-30,2025-03-06,Left,1,1,DEP05,Marketing,JOB09,Marketing Specialist,2024-11-01,21,9872.17,9872.17,0,0,3,0,4
EMP0099-2024-12,EMP0099,Kei Tang,Male,1994-08-08,2024-07-30,2025-03-06,Left,1,1,DEP05,Marketing,JOB09,Marketing Specialist,2024-12-01,22,9872.17,9872.17,356.54,6,0,11,3
EMP0099-2025-01,EMP0099,Kei Tang,Male,1994-08-08,2024-07-30,2025-03-06,Left,1,1,DEP05,Marketing,JOB09,Marketing Specialist,2025-01-01,23,10828.4,10828.4,0,20,0,5,3
EMP0099-2025-02,EMP0099,Kei Tang,Male,1994-08-08,2024-07-30,2025-03-06,Left,1,1,DEP05,Marketing,JOB09,Marketing Specialist,2025-02-01,20,10828.4,10828.4,1324.15,3,0,0,4
EMP0099-2025-03,EMP0099,Kei Tang,Male,1994-08-08,2024-07-30,2025-03-06,Left,1,1,DEP05,Marketing,JOB09,Marketing Specialist,2025-03-01,4,10828.4,2062.55,193.69,8,1,0,3
EMP0100-2024-01,EMP0100,Nikola Duval,Female,1993-03-11,2022-02-25,,Active,2,2,DEP05,Marketing,JOB10,Marketing Analyst,2024-01-01,23,13736.76,13736.76,0,12,4,0,4
EMP0100-2024-02,EMP0100,Nikola Duval,Female,1993-03-11,2022-02-25,,Active,2,2,DEP05,Marketing,JOB10,Marketing Analyst,2024-02-01,21,13736.76,13736.76,1502.53,0,0,9,4
EMP0100-2024-03,EMP0100,Nikola Duval,Female,1993-03-11,2022-02-25,,Active,2,2,DEP05,Marketing,JOB10,Marketing Analyst,2024-03-01,21,13736.76,13736.76,0,0,2,4,3
EMP0100-2024-04,EMP0100,Nikola Duval,Female,1993-03-11,2022-02-25,,Active,2,2,DEP05,Marketing,JOB10,Marketing Analyst,2024-04-01,22,13736.76,13736.76,1332.79,0,0,0,4
EMP0100-2024-05,EMP0100,Nikola Duval,Female,1993-03-11,2022-02-25,,Active,2,2,DEP05,Marketing,JOB10,Marketing Analyst,2024-05-01,23,13736.76,13736.76,0,10,0,0,4
EMP0100-2024-06,EMP0100,Nikola Duval,Female,1993-03-11,2022-02-25,,Active,2,2,DEP05,Marketing,JOB10,Marketing Analyst,2024-06-01,20,13736.76,13736.76,0,1,0,0,3
EMP0100-2024-07,EMP0100,Nikola Duval,Female,1993-03-11,2022-02-25,,Active,2,2,DEP05,Marketing,JOB10,Marketing Analyst,2024-07-01,23,13736.76,13736.76,1093.97,6,2,4,4
EMP0100-2024-08,EMP0100,Nikola Duval,Female,1993-03-11,2022-02-25,,Active,2,2,DEP05,Marketing,JOB10,Marketing Analyst,2024-08-01,22,13736.76,13736.76,1409.41,0,2,0,4
EMP0100-2024-09,EMP0100,Nikola Duval,Female,1993-03-11,2022-02-25,,Active,2,2,DEP05,Marketing,JOB10,Marketing Analyst,2024-09-01,21,13736.76,13736.76,1272.33,10,0,6,4
EMP0100-2024-10,EMP0100,Nikola Duval,Female,1993-03-11,2022-02-25,,Active,2,2,DEP05,Marketing,JOB10,Marketing Analyst,2024-10-01,23,13736.76,13736.76,1117.37,2,2,7,4
EMP0100-2024-11,EMP0100,Nikola Duval,Female,1993-03-11,2022-02-25,,Active,2,2,DEP05,Marketing,JOB10,Marketing Analyst,2024-11-01,21,13736.76,13736.76,0,25,2,3,3
EMP0100-2024-12,EMP0100,Nikola Duval,Female,1993-03-11,2022-02-25,,Active,2,2,DEP05,Marketing,JOB10,Marketing Analyst,2024-12-01,22,13736.76,13736.76,0,0,1,0,4
EMP0100-2025-01,EMP0100,Nikola Duval,Female,1993-03-11,2022-02-25,,Active,2,2,DEP05,Marketing,JOB10,Marketing Analyst,2025-01-01,23,14794.29,14794.29,0,9,4,0,4
EMP0100-2025-02,EMP0100,Nikola Duval,Female,1993-03-11,2022-02-25,,Active,2,2,DEP05,Marketing,JOB10,Marketing Analyst,2025-02-01,20,14794.29,14794.29,0,6,0,0,2
EMP0100-2025-03,EMP0100,Nikola Duval,Female,1993-03-11,2022-02-25,,Active,2,2,DEP05,Marketing,JOB10,Marketing Analyst,2025-03-01,21,14794.29,14794.29,0,21,1,8,3
EMP0100-2025-04,EMP0100,Nikola Duval,Female,1993-03-11,2022-02-25,,Active,2,2,DEP05,Marketing,JOB10,Marketing Analyst,2025-04-01,22,14794.29,14794.29,586.8,15,3,2,4
EMP0100-2025-05,EMP0100,Nikola Duval,Female,1993-03-11,2022-02-25,,Active,2,2,DEP05,Marketing,JOB10,Marketing Analyst,2025-05-01,22,14794.29,14794.29,1808.13,0,2,0,3
EMP0100-2025-06,EMP0100,Nikola Duval,Female,1993-03-11,2022-02-25,,Active,2,2,DEP05,Marketing,JOB10,Marketing Analyst,2025-06-01,21,14794.29,14794.29,0,7,0,1,3
EMP0100-2025-07,EMP0100,Nikola Duval,Female,1993-03-11,2022-02-25,,Active,2,2,DEP05,Marketing,JOB10,Marketing Analyst,2025-07-01,23,14794.29,14794.29,0,11,0,1,4
EMP0100-2025-08,EMP0100,Nikola Duval,Female,1993-03-11,2022-02-25,,Active,2,2,DEP05,Marketing,JOB10,Marketing Analyst,2025-08-01,21,14794.29,14794.29,0,0,4,4,3
EMP0100-2025-09,EMP0100,Nikola Duval,Female,1993-03-11,2022-02-25,,Active,2,2,DEP05,Marketing,JOB10,Marketing Analyst,2025-09-01,22,14794.29,14794.29,0,12,1,0,4
EMP0100-2025-10,EMP0100,Nikola Duval,Female,1993-03-11,2022-02-25,,Active,2,2,DEP05,Marketing,JOB10,Marketing Analyst,2025-10-01,23,14794.29,14794.29,1486.77,36,3,15,3
EMP0100-2025-11,EMP0100,Nikola Duval,Female,1993-03-11,2022-02-25,,Active,2,2,DEP05,Marketing,JOB10,Marketing Analyst,2025-11-01,20,14794.29,14794.29,0,0,1,0,3
EMP0100-2025-12,EMP0100,Nikola Duval,Female,1993-03-11,2022-02-25,,Active,2,2,DEP05,Marketing,JOB10,Marketing Analyst,2025-12-01,23,14794.29,14794.29,1532.13,4,3,0,4
EMP0101-2024-01,EMP0101,Declan Fedorenko,Male,1973-03-21,2018-09-26,,Active,10,4,DEP05,Marketing,JOB09,Marketing Specialist,2024-01-01,23,32953.73,32953.73,3012.57,0,1,0,4
EMP0101-2024-02,EMP0101,Declan Fedorenko,Male,1973-03-21,2018-09-26,,Active,10,4,DEP05,Marketing,JOB09,Marketing Specialist,2024-02-01,21,32953.73,32953.73,0,0,1,3,3
EMP0101-2024-03,EMP0101,Declan Fedorenko,Male,1973-03-21,2018-09-26,,Active,10,4,DEP05,Marketing,JOB09,Marketing Specialist,2024-03-01,21,32953.73,32953.73,0,16,3,0,4
EMP0101-2024-04,EMP0101,Declan Fedorenko,Male,1973-03-21,2018-09-26,,Active,10,4,DEP05,Marketing,JOB09,Marketing Specialist,2024-04-01,22,32953.73,32953.73,1787.25,0,1,0,3
EMP0101-2024-05,EMP0101,Declan Fedorenko,Male,1973-03-21,2018-09-26,,Active,10,4,DEP05,Marketing,JOB09,Marketing Specialist,2024-05-01,23,32953.73,32953.73,0,15,0,4,3
EMP0101-2024-06,EMP0101,Declan Fedorenko,Male,1973-03-21,2018-09-26,,Active,10,4,DEP05,Marketing,JOB09,Marketing Specialist,2024-06-01,20,32953.73,32953.73,0,0,0,0,3
EMP0101-2024-07,EMP0101,Declan Fedorenko,Male,1973-03-21,2018-09-26,,Active,10,4,DEP05,Marketing,JOB09,Marketing Specialist,2024-07-01,23,32953.73,32953.73,3014.11,16,0,1,4
EMP0101-2024-08,EMP0101,Declan Fedorenko,Male,1973-03-21,2018-09-26,,Active,10,4,DEP05,Marketing,JOB09,Marketing Specialist,2024-08-01,22,32953.73,32953.73,0,9,2,0,4
EMP0101-2024-09,EMP0101,Declan Fedorenko,Male,1973-03-21,2018-09-26,,Active,10,4,DEP05,Marketing,JOB09,Marketing Specialist,2024-09-01,21,32953.73,32953.73,0,0,3,14,3
EMP0101-2024-10,EMP0101,Declan Fedorenko,Male,1973-03-21,2018-09-26,,Active,10,4,DEP05,Marketing,JOB09,Marketing Specialist,2024-10-01,23,32953.73,32953.73,0,17,0,5,3
EMP0101-2024-11,EMP0101,Declan Fedorenko,Male,1973-03-21,2018-09-26,,Active,10,4,DEP05,Marketing,JOB09,Marketing Specialist,2024-11-01,21,32953.73,32953.73,4511.57,20,3,12,4
EMP0101-2024-12,EMP0101,Declan Fedorenko,Male,1973-03-21,2018-09-26,,Active,10,4,DEP05,Marketing,JOB09,Marketing Specialist,2024-12-01,22,32953.73,32953.73,2200.8,0,4,0,3
EMP0101-2025-01,EMP0101,Declan Fedorenko,Male,1973-03-21,2018-09-26,,Active,10,4,DEP05,Marketing,JOB09,Marketing Specialist,2025-01-01,23,34545.21,34545.21,0,2,1,4,3
EMP0101-2025-02,EMP0101,Declan Fedorenko,Male,1973-03-21,2018-09-26,,Active,10,4,DEP05,Marketing,JOB09,Marketing Specialist,2025-02-01,20,34545.21,34545.21,3603.62,0,0,3,3
EMP0101-2025-03,EMP0101,Declan Fedorenko,Male,1973-03-21,2018-09-26,,Active,10,4,DEP05,Marketing,JOB09,Marketing Specialist,2025-03-01,21,34545.21,34545.21,3589.82,16,0,8,4
EMP0101-2025-04,EMP0101,Declan Fedorenko,Male,1973-03-21,2018-09-26,,Active,10,4,DEP05,Marketing,JOB09,Marketing Specialist,2025-04-01,22,34545.21,34545.21,0,2,1,0,4
EMP0101-2025-05,EMP0101,Declan Fedorenko,Male,1973-03-21,2018-09-26,,Active,10,4,DEP05,Marketing,JOB09,Marketing Specialist,2025-05-01,22,34545.21,34545.21,0,2,2,0,3
EMP0101-2025-06,EMP0101,Declan Fedorenko,Male,1973-03-21,2018-09-26,,Active,10,4,DEP05,Marketing,JOB09,Marketing Specialist,2025-06-01,21,34545.21,34545.21,0,19,1,0,3
EMP0101-2025-07,EMP0101,Declan Fedorenko,Male,1973-03-21,2018-09-26,,Active,10,4,DEP05,Marketing,JOB09,Marketing Specialist,2025-07-01,23,34545.21,34545.21,0,38,1,0,4
EMP0101-2025-08,EMP0101,Declan Fedorenko,Male,1973-03-21,2018-09-26,,Active,10,4,DEP05,Marketing,JOB09,Marketing Specialist,2025-08-01,21,34545.21,34545.21,0,0,0,7,4
EMP0101-2025-09,EMP0101,Declan Fedorenko,Male,1973-03-21,2018-09-26,,Active,10,4,DEP05,Marketing,JOB09,Marketing Specialist,2025-09-01,22,34545.21,34545.21,0,0,0,15,3
EMP0101-2025-10,EMP0101,Declan Fedorenko,Male,1973-03-21,2018-09-26,,Active,10,4,DEP05,Marketing,JOB09,Marketing Specialist,2025-10-01,23,34545.21,34545.21,1482.98,0,1,10,4
EMP0101-2025-11,EMP0101,Declan Fedorenko,Male,1973-03-21,2018-09-26,,Active,10,4,DEP05,Marketing,JOB09,Marketing Specialist,2025-11-01,20,34545.21,34545.21,0,0,0,5,3
EMP0101-2025-12,EMP0101,Declan Fedorenko,Male,1973-03-21,2018-09-26,,Active,10,4,DEP05,Marketing,JOB09,Marketing Specialist,2025-12-01,23,34545.21,34545.21,4696.18,16,0,3,3
EMP0102-2025-05,EMP0102,Janet Stephen,Female,1976-04-06,2025-05-26,,Active,17,4,DEP06,Operations,JOB12,Supply Chain Analyst,2025-05-01,5,49546.69,11260.61,0,10,1,15,3
EMP0102-2025-06,EMP0102,Janet Stephen,Female,1976-04-06,2025-05-26,,Active,17,4,DEP06,Operations,JOB12,Supply Chain Analyst,2025-06-01,21,49546.69,49546.69,0,7,3,1,3
EMP0102-2025-07,EMP0102,Janet Stephen,Female,1976-04-06,2025-05-26,,Active,17,4,DEP06,Operations,JOB12,Supply Chain Analyst,2025-07-01,23,49546.69,49546.69,0,0,2,3,4
EMP0102-2025-08,EMP0102,Janet Stephen,Female,1976-04-06,2025-05-26,,Active,17,4,DEP06,Operations,JOB12,Supply Chain Analyst,2025-08-01,21,49546.69,49546.69,0,16,3,10,4
EMP0102-2025-09,EMP0102,Janet Stephen,Female,1976-04-06,2025-05-26,,Active,17,4,DEP06,Operations,JOB12,Supply Chain Analyst,2025-09-01,22,49546.69,49546.69,6668.65,0,0,0,4
EMP0102-2025-10,EMP0102,Janet Stephen,Female,1976-04-06,2025-05-26,,Active,17,4,DEP06,Operations,JOB12,Supply Chain Analyst,2025-10-01,23,49546.69,49546.69,5478.59,0,4,7,4
EMP0102-2025-11,EMP0102,Janet Stephen,Female,1976-04-06,2025-05-26,,Active,17,4,DEP06,Operations,JOB12,Supply Chain Analyst,2025-11-01,20,49546.69,49546.69,0,6,0,0,3
EMP0102-2025-12,EMP0102,Janet Stephen,Female,1976-04-06,2025-05-26,,Active,17,4,DEP06,Operations,JOB12,Supply Chain Analyst,2025-12-01,23,49546.69,49546.69,6999.03,0,0,12,4
EMP0103-2024-01,EMP0103,Emma Kārkliņš,Female,1992-06-04,2021-06-28,,Active,3,2,DEP03,Information Technology,JOB05,Software Engineer,2024-01-01,23,17588.38,17588.38,0,37,1,0,4
EMP0103-2024-02,EMP0103,Emma Kārkliņš,Female,1992-06-04,2021-06-28,,Active,3,2,DEP03,Information Technology,JOB05,Software Engineer,2024-02-01,21,17588.38,17588.38,1273.35,0,3,8,3
EMP0103-2024-03,EMP0103,Emma Kārkliņš,Female,1992-06-04,2021-06-28,,Active,3,2,DEP03,Information Technology,JOB05,Software Engineer,2024-03-01,21,17588.38,17588.38,0,17,1,2,3
EMP0103-2024-04,EMP0103,Emma Kārkliņš,Female,1992-06-04,2021-06-28,,Active,3,2,DEP03,Information Technology,JOB05,Software Engineer,2024-04-01,22,17588.38,17588.38,466.5,16,2,8,3
EMP0103-2024-05,EMP0103,Emma Kārkliņš,Female,1992-06-04,2021-06-28,,Active,3,2,DEP03,Information Technology,JOB05,Software Engineer,2024-05-01,23,17588.38,17588.38,0,22,2,0,3
EMP0103-2024-06,EMP0103,Emma Kārkliņš,Female,1992-06-04,2021-06-28,,Active,3,2,DEP03,Information Technology,JOB05,Software Engineer,2024-06-01,20,17588.38,17588.38,2424.06,16,1,7,4
EMP0103-2024-07,EMP0103,Emma Kārkliņš,Female,1992-06-04,2021-06-28,,Active,3,2,DEP03,Information Technology,JOB05,Software Engineer,2024-07-01,23,17588.38,17588.38,0,0,3,0,4
EMP0103-2024-08,EMP0103,Emma Kārkliņš,Female,1992-06-04,2021-06-28,,Active,3,2,DEP03,Information Technology,JOB05,Software Engineer,2024-08-01,22,17588.38,17588.38,0,10,0,0,4
EMP0103-2024-09,EMP0103,Emma Kārkliņš,Female,1992-06-04,2021-06-28,,Active,3,2,DEP03,Information Technology,JOB05,Software Engineer,2024-09-01,21,17588.38,17588.38,0,5,2,3,3
EMP0103-2024-10,EMP0103,Emma Kārkliņš,Female,1992-06-04,2021-06-28,,Active,3,2,DEP03,Information Technology,JOB05,Software Engineer,2024-10-01,23,17588.38,17588.38,0,0,1,7,3
EMP0103-2024-11,EMP0103,Emma Kārkliņš,Female,1992-06-04,2021-06-28,,Active,3,2,DEP03,Information Technology,JOB05,Software Engineer,2024-11-01,21,17588.38,17588.38,0,24,1,7,3
EMP0103-2024-12,EMP0103,Emma Kārkliņš,Female,1992-06-04,2021-06-28,,Active,3,2,DEP03,Information Technology,JOB05,Software Engineer,2024-12-01,22,17588.38,17588.38,0,7,0,3,4
EMP0103-2025-01,EMP0103,Emma Kārkliņš,Female,1992-06-04,2021-06-28,,Active,3,2,DEP03,Information Technology,JOB05,Software Engineer,2025-01-01,23,18858.83,18858.83,2000.87,23,0,0,4
EMP0103-2025-02,EMP0103,Emma Kārkliņš,Female,1992-06-04,2021-06-28,,Active,3,2,DEP03,Information Technology,JOB05,Software Engineer,2025-02-01,20,18858.83,18858.83,1341.75,28,1,0,4
EMP0103-2025-03,EMP0103,Emma Kārkliņš,Female,1992-06-04,2021-06-28,,Active,3,2,DEP03,Information Technology,JOB05,Software Engineer,2025-03-01,21,18858.83,18858.83,0,5,2,9,3
EMP0103-2025-04,EMP0103,Emma Kārkliņš,Female,1992-06-04,2021-06-28,,Active,3,2,DEP03,Information Technology,JOB05,Software Engineer,2025-04-01,22,18858.83,18858.83,959.11,1,0,1,4
EMP0103-2025-05,EMP0103,Emma Kārkliņš,Female,1992-06-04,2021-06-28,,Active,3,2,DEP03,Information Technology,JOB05,Software Engineer,2025-05-01,22,18858.83,18858.83,1362.48,0,1,5,4
EMP0103-2025-06,EMP0103,Emma Kārkliņš,Female,1992-06-04,2021-06-28,,Active,3,2,DEP03,Information Technology,JOB05,Software Engineer,2025-06-01,21,18858.83,18858.83,2734.84,0,1,11,4
EMP0103-2025-07,EMP0103,Emma Kārkliņš,Female,1992-06-04,2021-06-28,,Active,3,2,DEP03,Information Technology,JOB05,Software Engineer,2025-07-01,23,18858.83,18858.83,0,0,2,0,3
EMP0103-2025-08,EMP0103,Emma Kārkliņš,Female,1992-06-04,2021-06-28,,Active,3,2,DEP03,Information Technology,JOB05,Software Engineer,2025-08-01,21,18858.83,18858.83,0,27,3,4,5
EMP0103-2025-09,EMP0103,Emma Kārkliņš,Female,1992-06-04,2021-06-28,,Active,3,2,DEP03,Information Technology,JOB05,Software Engineer,2025-09-01,22,18858.83,18858.83,0,38,0,10,4
EMP0103-2025-10,EMP0103,Emma Kārkliņš,Female,1992-06-04,2021-06-28,,Active,3,2,DEP03,Information Technology,JOB05,Software Engineer,2025-10-01,23,18858.83,18858.83,1495.4,23,2,9,3
EMP0103-2025-11,EMP0103,Emma Kārkliņš,Female,1992-06-04,2021-06-28,,Active,3,2,DEP03,Information Technology,JOB05,Software Engineer,2025-11-01,20,18858.83,18858.83,1933.93,0,0,8,4
EMP0103-2025-12,EMP0103,Emma Kārkliņš,Female,1992-06-04,2021-06-28,,Active,3,2,DEP03,Information Technology,JOB05,Software Engineer,2025-12-01,23,18858.83,18858.83,1586.96,5,4,0,3
EMP0104-2024-01,EMP0104,Alfa Simonovski,Male,1979-08-21,2021-03-15,,Active,10,3,DEP06,Operations,JOB11,Operations Coordinator,2024-01-01,23,19089.64,19089.64,0,0,2,3,4
EMP0104-2024-02,EMP0104,Alfa Simonovski,Male,1979-08-21,2021-03-15,,Active,10,3,DEP06,Operations,JOB11,Operations Coordinator,2024-02-01,21,19089.64,19089.64,0,6,0,8,3
EMP0104-2024-03,EMP0104,Alfa Simonovski,Male,1979-08-21,2021-03-15,,Active,10,3,DEP06,Operations,JOB11,Operations Coordinator,2024-03-01,21,19089.64,19089.64,0,3,2,3,3
EMP0104-2024-04,EMP0104,Alfa Simonovski,Male,1979-08-21,2021-03-15,,Active,10,3,DEP06,Operations,JOB11,Operations Coordinator,2024-04-01,22,19089.64,19089.64,1785.56,9,1,0,3
EMP0104-2024-05,EMP0104,Alfa Simonovski,Male,1979-08-21,2021-03-15,,Active,10,3,DEP06,Operations,JOB11,Operations Coordinator,2024-05-01,23,19089.64,19089.64,0,29,1,1,3
EMP0104-2024-06,EMP0104,Alfa Simonovski,Male,1979-08-21,2021-03-15,,Active,10,3,DEP06,Operations,JOB11,Operations Coordinator,2024-06-01,20,19089.64,19089.64,2304.61,0,1,0,3
EMP0104-2024-07,EMP0104,Alfa Simonovski,Male,1979-08-21,2021-03-15,,Active,10,3,DEP06,Operations,JOB11,Operations Coordinator,2024-07-01,23,19089.64,19089.64,1278.11,14,1,12,4
EMP0104-2024-08,EMP0104,Alfa Simonovski,Male,1979-08-21,2021-03-15,,Active,10,3,DEP06,Operations,JOB11,Operations Coordinator,2024-08-01,22,19089.64,19089.64,0,7,1,0,4
EMP0104-2024-09,EMP0104,Alfa Simonovski,Male,1979-08-21,2021-03-15,,Active,10,3,DEP06,Operations,JOB11,Operations Coordinator,2024-09-01,21,19089.64,19089.64,1262.58,0,1,0,4
EMP0104-2024-10,EMP0104,Alfa Simonovski,Male,1979-08-21,2021-03-15,,Active,10,3,DEP06,Operations,JOB11,Operations Coordinator,2024-10-01,23,19089.64,19089.64,1618.18,3,1,16,4
EMP0104-2024-11,EMP0104,Alfa Simonovski,Male,1979-08-21,2021-03-15,,Active,10,3,DEP06,Operations,JOB11,Operations Coordinator,2024-11-01,21,19089.64,19089.64,0,0,1,0,3
EMP0104-2024-12,EMP0104,Alfa Simonovski,Male,1979-08-21,2021-03-15,,Active,10,3,DEP06,Operations,JOB11,Operations Coordinator,2024-12-01,22,19089.64,19089.64,2350.62,30,0,0,4
EMP0104-2025-01,EMP0104,Alfa Simonovski,Male,1979-08-21,2021-03-15,,Active,10,3,DEP06,Operations,JOB11,Operations Coordinator,2025-01-01,23,20783.97,20783.97,0,24,3,8,2
EMP0104-2025-02,EMP0104,Alfa Simonovski,Male,1979-08-21,2021-03-15,,Active,10,3,DEP06,Operations,JOB11,Operations Coordinator,2025-02-01,20,20783.97,20783.97,0,15,1,0,3
EMP0104-2025-03,EMP0104,Alfa Simonovski,Male,1979-08-21,2021-03-15,,Active,10,3,DEP06,Operations,JOB11,Operations Coordinator,2025-03-01,21,20783.97,20783.97,0,13,0,4,3
EMP0104-2025-04,EMP0104,Alfa Simonovski,Male,1979-08-21,2021-03-15,,Active,10,3,DEP06,Operations,JOB11,Operations Coordinator,2025-04-01,22,20783.97,20783.97,0,25,0,0,3
EMP0104-2025-05,EMP0104,Alfa Simonovski,Male,1979-08-21,2021-03-15,,Active,10,3,DEP06,Operations,JOB11,Operations Coordinator,2025-05-01,22,20783.97,20783.97,2148,6,0,2,3
EMP0104-2025-06,EMP0104,Alfa Simonovski,Male,1979-08-21,2021-03-15,,Active,10,3,DEP06,Operations,JOB11,Operations Coordinator,2025-06-01,21,20783.97,20783.97,2030.99,2,1,8,3
EMP0104-2025-07,EMP0104,Alfa Simonovski,Male,1979-08-21,2021-03-15,,Active,10,3,DEP06,Operations,JOB11,Operations Coordinator,2025-07-01,23,20783.97,20783.97,1601.51,22,3,4,4
EMP0104-2025-08,EMP0104,Alfa Simonovski,Male,1979-08-21,2021-03-15,,Active,10,3,DEP06,Operations,JOB11,Operations Coordinator,2025-08-01,21,20783.97,20783.97,0,5,1,3,4
EMP0104-2025-09,EMP0104,Alfa Simonovski,Male,1979-08-21,2021-03-15,,Active,10,3,DEP06,Operations,JOB11,Operations Coordinator,2025-09-01,22,20783.97,20783.97,0,0,0,0,3
EMP0104-2025-10,EMP0104,Alfa Simonovski,Male,1979-08-21,2021-03-15,,Active,10,3,DEP06,Operations,JOB11,Operations Coordinator,2025-10-01,23,20783.97,20783.97,1522.94,30,3,0,3
EMP0104-2025-11,EMP0104,Alfa Simonovski,Male,1979-08-21,2021-03-15,,Active,10,3,DEP06,Operations,JOB11,Operations Coordinator,2025-11-01,20,20783.97,20783.97,0,19,1,0,3
EMP0104-2025-12,EMP0104,Alfa Simonovski,Male,1979-08-21,2021-03-15,,Active,10,3,DEP06,Operations,JOB11,Operations Coordinator,2025-12-01,23,20783.97,20783.97,1283.21,0,0,2,3
EMP0105-2024-01,EMP0105,Moisés Berisha,Male,1987-07-21,2018-05-08,,Active,3,1,DEP06,Operations,JOB11,Operations Coordinator,2024-01-01,23,9801.78,9801.78,1215.22,0,1,13,4
EMP0105-2024-02,EMP0105,Moisés Berisha,Male,1987-07-21,2018-05-08,,Active,3,1,DEP06,Operations,JOB11,Operations Coordinator,2024-02-01,21,9801.78,9801.78,490.45,0,3,9,3
EMP0105-2024-03,EMP0105,Moisés Berisha,Male,1987-07-21,2018-05-08,,Active,3,1,DEP06,Operations,JOB11,Operations Coordinator,2024-03-01,21,9801.78,9801.78,0,14,2,8,3
EMP0105-2024-04,EMP0105,Moisés Berisha,Male,1987-07-21,2018-05-08,,Active,3,1,DEP06,Operations,JOB11,Operations Coordinator,2024-04-01,22,9801.78,9801.78,0,0,4,14,4
EMP0105-2024-05,EMP0105,Moisés Berisha,Male,1987-07-21,2018-05-08,,Active,3,1,DEP06,Operations,JOB11,Operations Coordinator,2024-05-01,23,9801.78,9801.78,0,16,2,0,4
EMP0105-2024-06,EMP0105,Moisés Berisha,Male,1987-07-21,2018-05-08,,Active,3,1,DEP06,Operations,JOB11,Operations Coordinator,2024-06-01,20,9801.78,9801.78,0,0,0,11,4
EMP0105-2024-07,EMP0105,Moisés Berisha,Male,1987-07-21,2018-05-08,,Active,3,1,DEP06,Operations,JOB11,Operations Coordinator,2024-07-01,23,9801.78,9801.78,0,14,0,9,3
EMP0105-2024-08,EMP0105,Moisés Berisha,Male,1987-07-21,2018-05-08,,Active,3,1,DEP06,Operations,JOB11,Operations Coordinator,2024-08-01,22,9801.78,9801.78,0,2,0,13,3
EMP0105-2024-09,EMP0105,Moisés Berisha,Male,1987-07-21,2018-05-08,,Active,3,1,DEP06,Operations,JOB11,Operations Coordinator,2024-09-01,21,9801.78,9801.78,0,6,0,7,5
EMP0105-2024-10,EMP0105,Moisés Berisha,Male,1987-07-21,2018-05-08,,Active,3,1,DEP06,Operations,JOB11,Operations Coordinator,2024-10-01,23,9801.78,9801.78,0,12,1,0,4
EMP0105-2024-11,EMP0105,Moisés Berisha,Male,1987-07-21,2018-05-08,,Active,3,1,DEP06,Operations,JOB11,Operations Coordinator,2024-11-01,21,9801.78,9801.78,370.45,1,2,7,4
EMP0105-2024-12,EMP0105,Moisés Berisha,Male,1987-07-21,2018-05-08,,Active,3,1,DEP06,Operations,JOB11,Operations Coordinator,2024-12-01,22,9801.78,9801.78,0,4,2,9,3
EMP0105-2025-01,EMP0105,Moisés Berisha,Male,1987-07-21,2018-05-08,,Active,3,1,DEP06,Operations,JOB11,Operations Coordinator,2025-01-01,23,10399.41,10399.41,0,10,0,0,4
EMP0105-2025-02,EMP0105,Moisés Berisha,Male,1987-07-21,2018-05-08,,Active,3,1,DEP06,Operations,JOB11,Operations Coordinator,2025-02-01,20,10399.41,10399.41,911.21,24,4,0,3
EMP0105-2025-03,EMP0105,Moisés Berisha,Male,1987-07-21,2018-05-08,,Active,3,1,DEP06,Operations,JOB11,Operations Coordinator,2025-03-01,21,10399.41,10399.41,784.72,18,2,0,4
EMP0105-2025-04,EMP0105,Moisés Berisha,Male,1987-07-21,2018-05-08,,Active,3,1,DEP06,Operations,JOB11,Operations Coordinator,2025-04-01,22,10399.41,10399.41,0,3,3,0,3
EMP0105-2025-05,EMP0105,Moisés Berisha,Male,1987-07-21,2018-05-08,,Active,3,1,DEP06,Operations,JOB11,Operations Coordinator,2025-05-01,22,10399.41,10399.41,0,0,2,0,3
EMP0105-2025-06,EMP0105,Moisés Berisha,Male,1987-07-21,2018-05-08,,Active,3,1,DEP06,Operations,JOB11,Operations Coordinator,2025-06-01,21,10399.41,10399.41,856.28,9,0,4,3
EMP0105-2025-07,EMP0105,Moisés Berisha,Male,1987-07-21,2018-05-08,,Active,3,1,DEP06,Operations,JOB11,Operations Coordinator,2025-07-01,23,10399.41,10399.41,0,15,3,4,3
EMP0105-2025-08,EMP0105,Moisés Berisha,Male,1987-07-21,2018-05-08,,Active,3,1,DEP06,Operations,JOB11,Operations Coordinator,2025-08-01,21,10399.41,10399.41,0,0,0,6,3
EMP0105-2025-09,EMP0105,Moisés Berisha,Male,1987-07-21,2018-05-08,,Active,3,1,DEP06,Operations,JOB11,Operations Coordinator,2025-09-01,22,10399.41,10399.41,0,18,0,2,4
EMP0105-2025-10,EMP0105,Moisés Berisha,Male,1987-07-21,2018-05-08,,Active,3,1,DEP06,Operations,JOB11,Operations Coordinator,2025-10-01,23,10399.41,10399.41,575.13,34,2,0,3
EMP0105-2025-11,EMP0105,Moisés Berisha,Male,1987-07-21,2018-05-08,,Active,3,1,DEP06,Operations,JOB11,Operations Coordinator,2025-11-01,20,10399.41,10399.41,1028.36,0,3,16,4
EMP0105-2025-12,EMP0105,Moisés Berisha,Male,1987-07-21,2018-05-08,,Active,3,1,DEP06,Operations,JOB11,Operations Coordinator,2025-12-01,23,10399.41,10399.41,0,5,4,9,3
EMP0106-2024-01,EMP0106,Lior Dagys,Female,1992-09-16,2020-04-16,,Active,5,2,DEP06,Operations,JOB12,Supply Chain Analyst,2024-01-01,23,17247.67,17247.67,0,0,4,4,3
EMP0106-2024-02,EMP0106,Lior Dagys,Female,1992-09-16,2020-04-16,,Active,5,2,DEP06,Operations,JOB12,Supply Chain Analyst,2024-02-01,21,17247.67,17247.67,0,4,1,7,4
EMP0106-2024-03,EMP0106,Lior Dagys,Female,1992-09-16,2020-04-16,,Active,5,2,DEP06,Operations,JOB12,Supply Chain Analyst,2024-03-01,21,17247.67,17247.67,0,0,0,0,1
EMP0106-2024-04,EMP0106,Lior Dagys,Female,1992-09-16,2020-04-16,,Active,5,2,DEP06,Operations,JOB12,Supply Chain Analyst,2024-04-01,22,17247.67,17247.67,1757.84,25,0,0,3
EMP0106-2024-05,EMP0106,Lior Dagys,Female,1992-09-16,2020-04-16,,Active,5,2,DEP06,Operations,JOB12,Supply Chain Analyst,2024-05-01,23,17247.67,17247.67,1314.91,0,0,13,4
EMP0106-2024-06,EMP0106,Lior Dagys,Female,1992-09-16,2020-04-16,,Active,5,2,DEP06,Operations,JOB12,Supply Chain Analyst,2024-06-01,20,17247.67,17247.67,2066.32,0,1,10,4
EMP0106-2024-07,EMP0106,Lior Dagys,Female,1992-09-16,2020-04-16,,Active,5,2,DEP06,Operations,JOB12,Supply Chain Analyst,2024-07-01,23,17247.67,17247.67,0,1,3,0,4
EMP0106-2024-08,EMP0106,Lior Dagys,Female,1992-09-16,2020-04-16,,Active,5,2,DEP06,Operations,JOB12,Supply Chain Analyst,2024-08-01,22,17247.67,17247.67,2169.12,1,0,16,4
EMP0106-2024-09,EMP0106,Lior Dagys,Female,1992-09-16,2020-04-16,,Active,5,2,DEP06,Operations,JOB12,Supply Chain Analyst,2024-09-01,21,17247.67,17247.67,2090.16,5,3,6,3
EMP0106-2024-10,EMP0106,Lior Dagys,Female,1992-09-16,2020-04-16,,Active,5,2,DEP06,Operations,JOB12,Supply Chain Analyst,2024-10-01,23,17247.67,17247.67,0,4,0,7,4
EMP0106-2024-11,EMP0106,Lior Dagys,Female,1992-09-16,2020-04-16,,Active,5,2,DEP06,Operations,JOB12,Supply Chain Analyst,2024-11-01,21,17247.67,17247.67,1824.6,9,0,13,3
EMP0106-2024-12,EMP0106,Lior Dagys,Female,1992-09-16,2020-04-16,,Active,5,2,DEP06,Operations,JOB12,Supply Chain Analyst,2024-12-01,22,17247.67,17247.67,1721.84,1,0,0,4
EMP0106-2025-01,EMP0106,Lior Dagys,Female,1992-09-16,2020-04-16,,Active,5,2,DEP06,Operations,JOB12,Supply Chain Analyst,2025-01-01,23,18614.36,18614.36,0,0,2,0,4
EMP0106-2025-02,EMP0106,Lior Dagys,Female,1992-09-16,2020-04-16,,Active,5,2,DEP06,Operations,JOB12,Supply Chain Analyst,2025-02-01,20,18614.36,18614.36,2543.37,17,1,14,3
EMP0106-2025-03,EMP0106,Lior Dagys,Female,1992-09-16,2020-04-16,,Active,5,2,DEP06,Operations,JOB12,Supply Chain Analyst,2025-03-01,21,18614.36,18614.36,2791.47,25,0,0,4
EMP0106-2025-04,EMP0106,Lior Dagys,Female,1992-09-16,2020-04-16,,Active,5,2,DEP06,Operations,JOB12,Supply Chain Analyst,2025-04-01,22,18614.36,18614.36,0,0,0,4,3
EMP0106-2025-05,EMP0106,Lior Dagys,Female,1992-09-16,2020-04-16,,Active,5,2,DEP06,Operations,JOB12,Supply Chain Analyst,2025-05-01,22,18614.36,18614.36,0,11,0,2,3
EMP0106-2025-06,EMP0106,Lior Dagys,Female,1992-09-16,2020-04-16,,Active,5,2,DEP06,Operations,JOB12,Supply Chain Analyst,2025-06-01,21,18614.36,18614.36,1862.22,7,1,0,4
EMP0106-2025-07,EMP0106,Lior Dagys,Female,1992-09-16,2020-04-16,,Active,5,2,DEP06,Operations,JOB12,Supply Chain Analyst,2025-07-01,23,18614.36,18614.36,1099.62,35,1,6,3
EMP0106-2025-08,EMP0106,Lior Dagys,Female,1992-09-16,2020-04-16,,Active,5,2,DEP06,Operations,JOB12,Supply Chain Analyst,2025-08-01,21,18614.36,18614.36,2012.65,0,4,5,4
EMP0106-2025-09,EMP0106,Lior Dagys,Female,1992-09-16,2020-04-16,,Active,5,2,DEP06,Operations,JOB12,Supply Chain Analyst,2025-09-01,22,18614.36,18614.36,0,0,0,0,4
EMP0106-2025-10,EMP0106,Lior Dagys,Female,1992-09-16,2020-04-16,,Active,5,2,DEP06,Operations,JOB12,Supply Chain Analyst,2025-10-01,23,18614.36,18614.36,1748.77,15,2,6,4
EMP0106-2025-11,EMP0106,Lior Dagys,Female,1992-09-16,2020-04-16,,Active,5,2,DEP06,Operations,JOB12,Supply Chain Analyst,2025-11-01,20,18614.36,18614.36,0,23,0,0,5
EMP0106-2025-12,EMP0106,Lior Dagys,Female,1992-09-16,2020-04-16,,Active,5,2,DEP06,Operations,JOB12,Supply Chain Analyst,2025-12-01,23,18614.36,18614.36,0,0,1,13,4
EMP0107-2024-01,EMP0107,Ramy Tavita,Male,1978-01-18,2023-09-28,,Active,8,3,DEP03,Information Technology,JOB05,Software Engineer,2024-01-01,23,26094.94,26094.94,0,22,0,14,4
EMP0107-2024-02,EMP0107,Ramy Tavita,Male,1978-01-18,2023-09-28,,Active,8,3,DEP03,Information Technology,JOB05,Software Engineer,2024-02-01,21,26094.94,26094.94,628.07,0,0,0,4
EMP0107-2024-03,EMP0107,Ramy Tavita,Male,1978-01-18,2023-09-28,,Active,8,3,DEP03,Information Technology,JOB05,Software Engineer,2024-03-01,21,26094.94,26094.94,0,14,0,2,4
EMP0107-2024-04,EMP0107,Ramy Tavita,Male,1978-01-18,2023-09-28,,Active,8,3,DEP03,Information Technology,JOB05,Software Engineer,2024-04-01,22,26094.94,26094.94,0,17,0,0,4
EMP0107-2024-05,EMP0107,Ramy Tavita,Male,1978-01-18,2023-09-28,,Active,8,3,DEP03,Information Technology,JOB05,Software Engineer,2024-05-01,23,26094.94,26094.94,2190.44,22,1,4,4
EMP0107-2024-06,EMP0107,Ramy Tavita,Male,1978-01-18,2023-09-28,,Active,8,3,DEP03,Information Technology,JOB05,Software Engineer,2024-06-01,20,26094.94,26094.94,2995.62,22,1,4,4
EMP0107-2024-07,EMP0107,Ramy Tavita,Male,1978-01-18,2023-09-28,,Active,8,3,DEP03,Information Technology,JOB05,Software Engineer,2024-07-01,23,26094.94,26094.94,0,20,4,0,3
EMP0107-2024-08,EMP0107,Ramy Tavita,Male,1978-01-18,2023-09-28,,Active,8,3,DEP03,Information Technology,JOB05,Software Engineer,2024-08-01,22,26094.94,26094.94,2879.98,20,2,5,4
EMP0107-2024-09,EMP0107,Ramy Tavita,Male,1978-01-18,2023-09-28,,Active,8,3,DEP03,Information Technology,JOB05,Software Engineer,2024-09-01,21,26094.94,26094.94,0,15,2,16,4
EMP0107-2024-10,EMP0107,Ramy Tavita,Male,1978-01-18,2023-09-28,,Active,8,3,DEP03,Information Technology,JOB05,Software Engineer,2024-10-01,23,26094.94,26094.94,2365.11,4,1,0,4
EMP0107-2024-11,EMP0107,Ramy Tavita,Male,1978-01-18,2023-09-28,,Active,8,3,DEP03,Information Technology,JOB05,Software Engineer,2024-11-01,21,26094.94,26094.94,3369.76,5,2,15,4
EMP0107-2024-12,EMP0107,Ramy Tavita,Male,1978-01-18,2023-09-28,,Active,8,3,DEP03,Information Technology,JOB05,Software Engineer,2024-12-01,22,26094.94,26094.94,0,1,0,0,4
EMP0107-2025-01,EMP0107,Ramy Tavita,Male,1978-01-18,2023-09-28,,Active,8,3,DEP03,Information Technology,JOB05,Software Engineer,2025-01-01,23,28118.42,28118.42,0,22,2,0,4
EMP0107-2025-02,EMP0107,Ramy Tavita,Male,1978-01-18,2023-09-28,,Active,8,3,DEP03,Information Technology,JOB05,Software Engineer,2025-02-01,20,28118.42,28118.42,0,0,0,4,4
EMP0107-2025-03,EMP0107,Ramy Tavita,Male,1978-01-18,2023-09-28,,Active,8,3,DEP03,Information Technology,JOB05,Software Engineer,2025-03-01,21,28118.42,28118.42,2120.37,0,1,0,4
EMP0107-2025-04,EMP0107,Ramy Tavita,Male,1978-01-18,2023-09-28,,Active,8,3,DEP03,Information Technology,JOB05,Software Engineer,2025-04-01,22,28118.42,28118.42,0,14,2,7,4
EMP0107-2025-05,EMP0107,Ramy Tavita,Male,1978-01-18,2023-09-28,,Active,8,3,DEP03,Information Technology,JOB05,Software Engineer,2025-05-01,22,28118.42,28118.42,2032.55,4,3,1,3
EMP0107-2025-06,EMP0107,Ramy Tavita,Male,1978-01-18,2023-09-28,,Active,8,3,DEP03,Information Technology,JOB05,Software Engineer,2025-06-01,21,28118.42,28118.42,1071.45,0,0,0,5
EMP0107-2025-07,EMP0107,Ramy Tavita,Male,1978-01-18,2023-09-28,,Active,8,3,DEP03,Information Technology,JOB05,Software Engineer,2025-07-01,23,28118.42,28118.42,1890.28,29,0,15,4
EMP0107-2025-08,EMP0107,Ramy Tavita,Male,1978-01-18,2023-09-28,,Active,8,3,DEP03,Information Technology,JOB05,Software Engineer,2025-08-01,21,28118.42,28118.42,1284.96,0,0,6,4
EMP0107-2025-09,EMP0107,Ramy Tavita,Male,1978-01-18,2023-09-28,,Active,8,3,DEP03,Information Technology,JOB05,Software Engineer,2025-09-01,22,28118.42,28118.42,3963.76,9,1,2,4
EMP0107-2025-10,EMP0107,Ramy Tavita,Male,1978-01-18,2023-09-28,,Active,8,3,DEP03,Information Technology,JOB05,Software Engineer,2025-10-01,23,28118.42,28118.42,0,26,1,8,4
EMP0107-2025-11,EMP0107,Ramy Tavita,Male,1978-01-18,2023-09-28,,Active,8,3,DEP03,Information Technology,JOB05,Software Engineer,2025-11-01,20,28118.42,28118.42,0,10,3,0,4
EMP0107-2025-12,EMP0107,Ramy Tavita,Male,1978-01-18,2023-09-28,,Active,8,3,DEP03,Information Technology,JOB05,Software Engineer,2025-12-01,23,28118.42,28118.42,0,10,0,0,4
EMP0108-2024-01,EMP0108,Lap Milenković,Male,1992-10-12,2022-10-11,,Active,8,3,DEP01,Human Resources,JOB02,Recruiter,2024-01-01,23,23300.37,23300.37,737.18,39,1,6,5
EMP0108-2024-02,EMP0108,Lap Milenković,Male,1992-10-12,2022-10-11,,Active,8,3,DEP01,Human Resources,JOB02,Recruiter,2024-02-01,21,23300.37,23300.37,0,36,1,4,3
EMP0108-2024-03,EMP0108,Lap Milenković,Male,1992-10-12,2022-10-11,,Active,8,3,DEP01,Human Resources,JOB02,Recruiter,2024-03-01,21,23300.37,23300.37,859.22,2,0,9,3
EMP0108-2024-04,EMP0108,Lap Milenković,Male,1992-10-12,2022-10-11,,Active,8,3,DEP01,Human Resources,JOB02,Recruiter,2024-04-01,22,23300.37,23300.37,0,6,0,0,4
EMP0108-2024-05,EMP0108,Lap Milenković,Male,1992-10-12,2022-10-11,,Active,8,3,DEP01,Human Resources,JOB02,Recruiter,2024-05-01,23,23300.37,23300.37,0,5,0,2,3
EMP0108-2024-06,EMP0108,Lap Milenković,Male,1992-10-12,2022-10-11,,Active,8,3,DEP01,Human Resources,JOB02,Recruiter,2024-06-01,20,23300.37,23300.37,1391.63,22,1,3,3
EMP0108-2024-07,EMP0108,Lap Milenković,Male,1992-10-12,2022-10-11,,Active,8,3,DEP01,Human Resources,JOB02,Recruiter,2024-07-01,23,23300.37,23300.37,1824.97,5,4,1,4
EMP0108-2024-08,EMP0108,Lap Milenković,Male,1992-10-12,2022-10-11,,Active,8,3,DEP01,Human Resources,JOB02,Recruiter,2024-08-01,22,23300.37,23300.37,2863.9,20,1,1,3
EMP0108-2024-09,EMP0108,Lap Milenković,Male,1992-10-12,2022-10-11,,Active,8,3,DEP01,Human Resources,JOB02,Recruiter,2024-09-01,21,23300.37,23300.37,0,22,0,0,3
EMP0108-2024-10,EMP0108,Lap Milenković,Male,1992-10-12,2022-10-11,,Active,8,3,DEP01,Human Resources,JOB02,Recruiter,2024-10-01,23,23300.37,23300.37,0,6,0,4,4
EMP0108-2024-11,EMP0108,Lap Milenković,Male,1992-10-12,2022-10-11,,Active,8,3,DEP01,Human Resources,JOB02,Recruiter,2024-11-01,21,23300.37,23300.37,1076.78,10,1,14,3
EMP0108-2024-12,EMP0108,Lap Milenković,Male,1992-10-12,2022-10-11,,Active,8,3,DEP01,Human Resources,JOB02,Recruiter,2024-12-01,22,23300.37,23300.37,2222.07,27,0,1,4
EMP0108-2025-01,EMP0108,Lap Milenković,Male,1992-10-12,2022-10-11,,Active,8,3,DEP01,Human Resources,JOB02,Recruiter,2025-01-01,23,24546.81,24546.81,876.39,0,3,0,4
EMP0108-2025-02,EMP0108,Lap Milenković,Male,1992-10-12,2022-10-11,,Active,8,3,DEP01,Human Resources,JOB02,Recruiter,2025-02-01,20,24546.81,24546.81,3045.65,40,2,2,4
EMP0108-2025-03,EMP0108,Lap Milenković,Male,1992-10-12,2022-10-11,,Active,8,3,DEP01,Human Resources,JOB02,Recruiter,2025-03-01,21,24546.81,24546.81,753.85,3,0,0,4
EMP0108-2025-04,EMP0108,Lap Milenković,Male,1992-10-12,2022-10-11,,Active,8,3,DEP01,Human Resources,JOB02,Recruiter,2025-04-01,22,24546.81,24546.81,0,38,3,0,3
EMP0108-2025-05,EMP0108,Lap Milenković,Male,1992-10-12,2022-10-11,,Active,8,3,DEP01,Human Resources,JOB02,Recruiter,2025-05-01,22,24546.81,24546.81,0,3,1,1,4
EMP0108-2025-06,EMP0108,Lap Milenković,Male,1992-10-12,2022-10-11,,Active,8,3,DEP01,Human Resources,JOB02,Recruiter,2025-06-01,21,24546.81,24546.81,1752.61,0,0,0,4
EMP0108-2025-07,EMP0108,Lap Milenković,Male,1992-10-12,2022-10-11,,Active,8,3,DEP01,Human Resources,JOB02,Recruiter,2025-07-01,23,24546.81,24546.81,1971.72,0,3,6,4
EMP0108-2025-08,EMP0108,Lap Milenković,Male,1992-10-12,2022-10-11,,Active,8,3,DEP01,Human Resources,JOB02,Recruiter,2025-08-01,21,24546.81,24546.81,3432.02,3,0,9,3
EMP0108-2025-09,EMP0108,Lap Milenković,Male,1992-10-12,2022-10-11,,Active,8,3,DEP01,Human Resources,JOB02,Recruiter,2025-09-01,22,24546.81,24546.81,0,9,0,13,3
EMP0108-2025-10,EMP0108,Lap Milenković,Male,1992-10-12,2022-10-11,,Active,8,3,DEP01,Human Resources,JOB02,Recruiter,2025-10-01,23,24546.81,24546.81,870.84,0,2,6,4
EMP0108-2025-11,EMP0108,Lap Milenković,Male,1992-10-12,2022-10-11,,Active,8,3,DEP01,Human Resources,JOB02,Recruiter,2025-11-01,20,24546.81,24546.81,2898.67,24,0,7,3
EMP0108-2025-12,EMP0108,Lap Milenković,Male,1992-10-12,2022-10-11,,Active,8,3,DEP01,Human Resources,JOB02,Recruiter,2025-12-01,23,24546.81,24546.81,0,21,0,0,4
EMP0109-2024-01,EMP0109,Amina Reddy,Female,1989-01-11,2017-10-29,,Active,0,1,DEP01,Human Resources,JOB02,Recruiter,2024-01-01,23,11498.38,11498.38,1311.76,5,1,2,4
EMP0109-2024-02,EMP0109,Amina Reddy,Female,1989-01-11,2017-10-29,,Active,0,1,DEP01,Human Resources,JOB02,Recruiter,2024-02-01,21,11498.38,11498.38,0,14,1,7,4
EMP0109-2024-03,EMP0109,Amina Reddy,Female,1989-01-11,2017-10-29,,Active,0,1,DEP01,Human Resources,JOB02,Recruiter,2024-03-01,21,11498.38,11498.38,1268.34,4,2,2,4
EMP0109-2024-04,EMP0109,Amina Reddy,Female,1989-01-11,2017-10-29,,Active,0,1,DEP01,Human Resources,JOB02,Recruiter,2024-04-01,22,11498.38,11498.38,0,4,4,2,2
EMP0109-2024-05,EMP0109,Amina Reddy,Female,1989-01-11,2017-10-29,,Active,0,1,DEP01,Human Resources,JOB02,Recruiter,2024-05-01,23,11498.38,11498.38,0,0,3,0,3
EMP0109-2024-06,EMP0109,Amina Reddy,Female,1989-01-11,2017-10-29,,Active,0,1,DEP01,Human Resources,JOB02,Recruiter,2024-06-01,20,11498.38,11498.38,0,0,0,8,3
EMP0109-2024-07,EMP0109,Amina Reddy,Female,1989-01-11,2017-10-29,,Active,0,1,DEP01,Human Resources,JOB02,Recruiter,2024-07-01,23,11498.38,11498.38,991.09,5,0,3,4
EMP0109-2024-08,EMP0109,Amina Reddy,Female,1989-01-11,2017-10-29,,Active,0,1,DEP01,Human Resources,JOB02,Recruiter,2024-08-01,22,11498.38,11498.38,0,0,0,4,4
EMP0109-2024-09,EMP0109,Amina Reddy,Female,1989-01-11,2017-10-29,,Active,0,1,DEP01,Human Resources,JOB02,Recruiter,2024-09-01,21,11498.38,11498.38,0,8,2,6,3
EMP0109-2024-10,EMP0109,Amina Reddy,Female,1989-01-11,2017-10-29,,Active,0,1,DEP01,Human Resources,JOB02,Recruiter,2024-10-01,23,11498.38,11498.38,0,0,3,1,4
EMP0109-2024-11,EMP0109,Amina Reddy,Female,1989-01-11,2017-10-29,,Active,0,1,DEP01,Human Resources,JOB02,Recruiter,2024-11-01,21,11498.38,11498.38,0,2,1,12,3
EMP0109-2024-12,EMP0109,Amina Reddy,Female,1989-01-11,2017-10-29,,Active,0,1,DEP01,Human Resources,JOB02,Recruiter,2024-12-01,22,11498.38,11498.38,1176.19,0,0,0,4
EMP0109-2025-01,EMP0109,Amina Reddy,Female,1989-01-11,2017-10-29,,Active,0,1,DEP01,Human Resources,JOB02,Recruiter,2025-01-01,23,12304.06,12304.06,0,31,0,8,3
EMP0109-2025-02,EMP0109,Amina Reddy,Female,1989-01-11,2017-10-29,,Active,0,1,DEP01,Human Resources,JOB02,Recruiter,2025-02-01,20,12304.06,12304.06,1075.58,10,0,5,4
EMP0109-2025-03,EMP0109,Amina Reddy,Female,1989-01-11,2017-10-29,,Active,0,1,DEP01,Human Resources,JOB02,Recruiter,2025-03-01,21,12304.06,12304.06,1734.37,21,2,1,4
EMP0109-2025-04,EMP0109,Amina Reddy,Female,1989-01-11,2017-10-29,,Active,0,1,DEP01,Human Resources,JOB02,Recruiter,2025-04-01,22,12304.06,12304.06,0,0,2,6,4
EMP0109-2025-05,EMP0109,Amina Reddy,Female,1989-01-11,2017-10-29,,Active,0,1,DEP01,Human Resources,JOB02,Recruiter,2025-05-01,22,12304.06,12304.06,0,6,2,1,4
EMP0109-2025-06,EMP0109,Amina Reddy,Female,1989-01-11,2017-10-29,,Active,0,1,DEP01,Human Resources,JOB02,Recruiter,2025-06-01,21,12304.06,12304.06,1428.35,12,3,0,3
EMP0109-2025-07,EMP0109,Amina Reddy,Female,1989-01-11,2017-10-29,,Active,0,1,DEP01,Human Resources,JOB02,Recruiter,2025-07-01,23,12304.06,12304.06,542.25,9,1,0,4
EMP0109-2025-08,EMP0109,Amina Reddy,Female,1989-01-11,2017-10-29,,Active,0,1,DEP01,Human Resources,JOB02,Recruiter,2025-08-01,21,12304.06,12304.06,0,23,1,3,3
EMP0109-2025-09,EMP0109,Amina Reddy,Female,1989-01-11,2017-10-29,,Active,0,1,DEP01,Human Resources,JOB02,Recruiter,2025-09-01,22,12304.06,12304.06,0,10,0,15,3
EMP0109-2025-10,EMP0109,Amina Reddy,Female,1989-01-11,2017-10-29,,Active,0,1,DEP01,Human Resources,JOB02,Recruiter,2025-10-01,23,12304.06,12304.06,934.79,1,0,4,4
EMP0109-2025-11,EMP0109,Amina Reddy,Female,1989-01-11,2017-10-29,,Active,0,1,DEP01,Human Resources,JOB02,Recruiter,2025-11-01,20,12304.06,12304.06,1253.08,8,0,2,3
EMP0109-2025-12,EMP0109,Amina Reddy,Female,1989-01-11,2017-10-29,,Active,0,1,DEP01,Human Resources,JOB02,Recruiter,2025-12-01,23,12304.06,12304.06,0,0,0,2,3
EMP0110-2024-02,EMP0110,Guillaume Žilka,Male,1998-02-04,2024-02-07,,Active,4,2,DEP02,Finance,JOB04,Financial Analyst,2024-02-01,17,19231.99,15568.75,0,2,0,0,2
EMP0110-2024-03,EMP0110,Guillaume Žilka,Male,1998-02-04,2024-02-07,,Active,4,2,DEP02,Finance,JOB04,Financial Analyst,2024-03-01,21,19231.99,19231.99,0,38,1,2,3
EMP0110-2024-04,EMP0110,Guillaume Žilka,Male,1998-02-04,2024-02-07,,Active,4,2,DEP02,Finance,JOB04,Financial Analyst,2024-04-01,22,19231.99,19231.99,2739.14,13,1,5,3
EMP0110-2024-05,EMP0110,Guillaume Žilka,Male,1998-02-04,2024-02-07,,Active,4,2,DEP02,Finance,JOB04,Financial Analyst,2024-05-01,23,19231.99,19231.99,843.09,0,1,4,4
EMP0110-2024-06,EMP0110,Guillaume Žilka,Male,1998-02-04,2024-02-07,,Active,4,2,DEP02,Finance,JOB04,Financial Analyst,2024-06-01,20,19231.99,19231.99,1082.49,0,1,0,3
EMP0110-2024-07,EMP0110,Guillaume Žilka,Male,1998-02-04,2024-02-07,,Active,4,2,DEP02,Finance,JOB04,Financial Analyst,2024-07-01,23,19231.99,19231.99,0,0,1,6,3
EMP0110-2024-08,EMP0110,Guillaume Žilka,Male,1998-02-04,2024-02-07,,Active,4,2,DEP02,Finance,JOB04,Financial Analyst,2024-08-01,22,19231.99,19231.99,0,4,0,4,4
EMP0110-2024-09,EMP0110,Guillaume Žilka,Male,1998-02-04,2024-02-07,,Active,4,2,DEP02,Finance,JOB04,Financial Analyst,2024-09-01,21,19231.99,19231.99,0,0,1,2,3
EMP0110-2024-10,EMP0110,Guillaume Žilka,Male,1998-02-04,2024-02-07,,Active,4,2,DEP02,Finance,JOB04,Financial Analyst,2024-10-01,23,19231.99,19231.99,990.65,0,2,13,3
EMP0110-2024-11,EMP0110,Guillaume Žilka,Male,1998-02-04,2024-02-07,,Active,4,2,DEP02,Finance,JOB04,Financial Analyst,2024-11-01,21,19231.99,19231.99,0,15,0,10,4
EMP0110-2024-12,EMP0110,Guillaume Žilka,Male,1998-02-04,2024-02-07,,Active,4,2,DEP02,Finance,JOB04,Financial Analyst,2024-12-01,22,19231.99,19231.99,0,8,0,6,2
EMP0110-2025-01,EMP0110,Guillaume Žilka,Male,1998-02-04,2024-02-07,,Active,4,2,DEP02,Finance,JOB04,Financial Analyst,2025-01-01,23,20143.04,20143.04,1136.71,0,0,0,3
EMP0110-2025-02,EMP0110,Guillaume Žilka,Male,1998-02-04,2024-02-07,,Active,4,2,DEP02,Finance,JOB04,Financial Analyst,2025-02-01,20,20143.04,20143.04,0,0,0,1,2
EMP0110-2025-03,EMP0110,Guillaume Žilka,Male,1998-02-04,2024-02-07,,Active,4,2,DEP02,Finance,JOB04,Financial Analyst,2025-03-01,21,20143.04,20143.04,0,7,0,13,3
EMP0110-2025-04,EMP0110,Guillaume Žilka,Male,1998-02-04,2024-02-07,,Active,4,2,DEP02,Finance,JOB04,Financial Analyst,2025-04-01,22,20143.04,20143.04,0,7,0,2,3
EMP0110-2025-05,EMP0110,Guillaume Žilka,Male,1998-02-04,2024-02-07,,Active,4,2,DEP02,Finance,JOB04,Financial Analyst,2025-05-01,22,20143.04,20143.04,0,6,0,3,2
EMP0110-2025-06,EMP0110,Guillaume Žilka,Male,1998-02-04,2024-02-07,,Active,4,2,DEP02,Finance,JOB04,Financial Analyst,2025-06-01,21,20143.04,20143.04,0,0,1,5,3
EMP0110-2025-07,EMP0110,Guillaume Žilka,Male,1998-02-04,2024-02-07,,Active,4,2,DEP02,Finance,JOB04,Financial Analyst,2025-07-01,23,20143.04,20143.04,1035.84,7,0,2,3
EMP0110-2025-08,EMP0110,Guillaume Žilka,Male,1998-02-04,2024-02-07,,Active,4,2,DEP02,Finance,JOB04,Financial Analyst,2025-08-01,21,20143.04,20143.04,2245.23,24,0,1,3
EMP0110-2025-09,EMP0110,Guillaume Žilka,Male,1998-02-04,2024-02-07,,Active,4,2,DEP02,Finance,JOB04,Financial Analyst,2025-09-01,22,20143.04,20143.04,0,4,1,0,3
EMP0110-2025-10,EMP0110,Guillaume Žilka,Male,1998-02-04,2024-02-07,,Active,4,2,DEP02,Finance,JOB04,Financial Analyst,2025-10-01,23,20143.04,20143.04,0,18,0,11,3
EMP0110-2025-11,EMP0110,Guillaume Žilka,Male,1998-02-04,2024-02-07,,Active,4,2,DEP02,Finance,JOB04,Financial Analyst,2025-11-01,20,20143.04,20143.04,0,22,3,0,3
EMP0110-2025-12,EMP0110,Guillaume Žilka,Male,1998-02-04,2024-02-07,,Active,4,2,DEP02,Finance,JOB04,Financial Analyst,2025-12-01,23,20143.04,20143.04,2125.83,12,0,16,3
EMP0111-2024-01,EMP0111,Nadia Prenga,Female,1983-01-03,2018-09-14,,Active,7,3,DEP06,Operations,JOB11,Operations Coordinator,2024-01-01,23,18281.39,18281.39,1473.87,0,0,3,3
EMP0111-2024-02,EMP0111,Nadia Prenga,Female,1983-01-03,2018-09-14,,Active,7,3,DEP06,Operations,JOB11,Operations Coordinator,2024-02-01,21,18281.39,18281.39,2242.33,11,0,7,4
EMP0111-2024-03,EMP0111,Nadia Prenga,Female,1983-01-03,2018-09-14,,Active,7,3,DEP06,Operations,JOB11,Operations Coordinator,2024-03-01,21,18281.39,18281.39,0,0,2,0,4
EMP0111-2024-04,EMP0111,Nadia Prenga,Female,1983-01-03,2018-09-14,,Active,7,3,DEP06,Operations,JOB11,Operations Coordinator,2024-04-01,22,18281.39,18281.39,1793.03,23,0,7,3
EMP0111-2024-05,EMP0111,Nadia Prenga,Female,1983-01-03,2018-09-14,,Active,7,3,DEP06,Operations,JOB11,Operations Coordinator,2024-05-01,23,18281.39,18281.39,0,6,2,6,4
EMP0111-2024-06,EMP0111,Nadia Prenga,Female,1983-01-03,2018-09-14,,Active,7,3,DEP06,Operations,JOB11,Operations Coordinator,2024-06-01,20,18281.39,18281.39,0,20,1,0,3
EMP0111-2024-07,EMP0111,Nadia Prenga,Female,1983-01-03,2018-09-14,,Active,7,3,DEP06,Operations,JOB11,Operations Coordinator,2024-07-01,23,18281.39,18281.39,0,14,0,7,3
EMP0111-2024-08,EMP0111,Nadia Prenga,Female,1983-01-03,2018-09-14,,Active,7,3,DEP06,Operations,JOB11,Operations Coordinator,2024-08-01,22,18281.39,18281.39,0,0,0,4,3
EMP0111-2024-09,EMP0111,Nadia Prenga,Female,1983-01-03,2018-09-14,,Active,7,3,DEP06,Operations,JOB11,Operations Coordinator,2024-09-01,21,18281.39,18281.39,0,0,0,16,3
EMP0111-2024-10,EMP0111,Nadia Prenga,Female,1983-01-03,2018-09-14,,Active,7,3,DEP06,Operations,JOB11,Operations Coordinator,2024-10-01,23,18281.39,18281.39,0,0,0,5,4
EMP0111-2024-11,EMP0111,Nadia Prenga,Female,1983-01-03,2018-09-14,,Active,7,3,DEP06,Operations,JOB11,Operations Coordinator,2024-11-01,21,18281.39,18281.39,0,9,2,5,3
EMP0111-2024-12,EMP0111,Nadia Prenga,Female,1983-01-03,2018-09-14,,Active,7,3,DEP06,Operations,JOB11,Operations Coordinator,2024-12-01,22,18281.39,18281.39,0,0,1,0,3
EMP0111-2025-01,EMP0111,Nadia Prenga,Female,1983-01-03,2018-09-14,,Active,7,3,DEP06,Operations,JOB11,Operations Coordinator,2025-01-01,23,19327.76,19327.76,0,2,0,0,3
EMP0111-2025-02,EMP0111,Nadia Prenga,Female,1983-01-03,2018-09-14,,Active,7,3,DEP06,Operations,JOB11,Operations Coordinator,2025-02-01,20,19327.76,19327.76,0,17,0,7,3
EMP0111-2025-03,EMP0111,Nadia Prenga,Female,1983-01-03,2018-09-14,,Active,7,3,DEP06,Operations,JOB11,Operations Coordinator,2025-03-01,21,19327.76,19327.76,901.92,0,1,4,4
EMP0111-2025-04,EMP0111,Nadia Prenga,Female,1983-01-03,2018-09-14,,Active,7,3,DEP06,Operations,JOB11,Operations Coordinator,2025-04-01,22,19327.76,19327.76,1749.12,0,2,7,5
EMP0111-2025-05,EMP0111,Nadia Prenga,Female,1983-01-03,2018-09-14,,Active,7,3,DEP06,Operations,JOB11,Operations Coordinator,2025-05-01,22,19327.76,19327.76,0,0,0,8,3
EMP0111-2025-06,EMP0111,Nadia Prenga,Female,1983-01-03,2018-09-14,,Active,7,3,DEP06,Operations,JOB11,Operations Coordinator,2025-06-01,21,19327.76,19327.76,0,0,3,0,4
EMP0111-2025-07,EMP0111,Nadia Prenga,Female,1983-01-03,2018-09-14,,Active,7,3,DEP06,Operations,JOB11,Operations Coordinator,2025-07-01,23,19327.76,19327.76,2154.86,28,2,0,3
EMP0111-2025-08,EMP0111,Nadia Prenga,Female,1983-01-03,2018-09-14,,Active,7,3,DEP06,Operations,JOB11,Operations Coordinator,2025-08-01,21,19327.76,19327.76,1066.83,21,1,0,4
EMP0111-2025-09,EMP0111,Nadia Prenga,Female,1983-01-03,2018-09-14,,Active,7,3,DEP06,Operations,JOB11,Operations Coordinator,2025-09-01,22,19327.76,19327.76,0,5,2,0,3
EMP0111-2025-10,EMP0111,Nadia Prenga,Female,1983-01-03,2018-09-14,,Active,7,3,DEP06,Operations,JOB11,Operations Coordinator,2025-10-01,23,19327.76,19327.76,0,10,1,4,4
EMP0111-2025-11,EMP0111,Nadia Prenga,Female,1983-01-03,2018-09-14,,Active,7,3,DEP06,Operations,JOB11,Operations Coordinator,2025-11-01,20,19327.76,19327.76,0,0,0,11,4
EMP0111-2025-12,EMP0111,Nadia Prenga,Female,1983-01-03,2018-09-14,,Active,7,3,DEP06,Operations,JOB11,Operations Coordinator,2025-12-01,23,19327.76,19327.76,0,0,2,7,3
EMP0112-2024-01,EMP0112,Besiana Kelley,Female,1987-06-23,2019-12-25,,Active,4,2,DEP03,Information Technology,JOB05,Software Engineer,2024-01-01,23,22130.65,22130.65,1244.46,9,3,8,4
EMP0112-2024-02,EMP0112,Besiana Kelley,Female,1987-06-23,2019-12-25,,Active,4,2,DEP03,Information Technology,JOB05,Software Engineer,2024-02-01,21,22130.65,22130.65,0,8,0,0,4
EMP0112-2024-03,EMP0112,Besiana Kelley,Female,1987-06-23,2019-12-25,,Active,4,2,DEP03,Information Technology,JOB05,Software Engineer,2024-03-01,21,22130.65,22130.65,0,6,1,0,3
EMP0112-2024-04,EMP0112,Besiana Kelley,Female,1987-06-23,2019-12-25,,Active,4,2,DEP03,Information Technology,JOB05,Software Engineer,2024-04-01,22,22130.65,22130.65,0,32,0,4,3
EMP0112-2024-05,EMP0112,Besiana Kelley,Female,1987-06-23,2019-12-25,,Active,4,2,DEP03,Information Technology,JOB05,Software Engineer,2024-05-01,23,22130.65,22130.65,1225.95,2,1,8,4
EMP0112-2024-06,EMP0112,Besiana Kelley,Female,1987-06-23,2019-12-25,,Active,4,2,DEP03,Information Technology,JOB05,Software Engineer,2024-06-01,20,22130.65,22130.65,0,1,1,14,3
EMP0112-2024-07,EMP0112,Besiana Kelley,Female,1987-06-23,2019-12-25,,Active,4,2,DEP03,Information Technology,JOB05,Software Engineer,2024-07-01,23,22130.65,22130.65,1116.92,4,1,0,4
EMP0112-2024-08,EMP0112,Besiana Kelley,Female,1987-06-23,2019-12-25,,Active,4,2,DEP03,Information Technology,JOB05,Software Engineer,2024-08-01,22,22130.65,22130.65,0,0,0,8,3
EMP0112-2024-09,EMP0112,Besiana Kelley,Female,1987-06-23,2019-12-25,,Active,4,2,DEP03,Information Technology,JOB05,Software Engineer,2024-09-01,21,22130.65,22130.65,0,0,2,2,4
EMP0112-2024-10,EMP0112,Besiana Kelley,Female,1987-06-23,2019-12-25,,Active,4,2,DEP03,Information Technology,JOB05,Software Engineer,2024-10-01,23,22130.65,22130.65,0,6,1,8,4
EMP0112-2024-11,EMP0112,Besiana Kelley,Female,1987-06-23,2019-12-25,,Active,4,2,DEP03,Information Technology,JOB05,Software Engineer,2024-11-01,21,22130.65,22130.65,0,2,2,0,4
EMP0112-2024-12,EMP0112,Besiana Kelley,Female,1987-06-23,2019-12-25,,Active,4,2,DEP03,Information Technology,JOB05,Software Engineer,2024-12-01,22,22130.65,22130.65,2333.26,10,2,0,3
EMP0112-2025-01,EMP0112,Besiana Kelley,Female,1987-06-23,2019-12-25,,Active,4,2,DEP03,Information Technology,JOB05,Software Engineer,2025-01-01,23,23665.38,23665.38,0,0,0,11,4
EMP0112-2025-02,EMP0112,Besiana Kelley,Female,1987-06-23,2019-12-25,,Active,4,2,DEP03,Information Technology,JOB05,Software Engineer,2025-02-01,20,23665.38,23665.38,0,32,1,5,3
EMP0112-2025-03,EMP0112,Besiana Kelley,Female,1987-06-23,2019-12-25,,Active,4,2,DEP03,Information Technology,JOB05,Software Engineer,2025-03-01,21,23665.38,23665.38,1038.82,6,0,2,4
EMP0112-2025-04,EMP0112,Besiana Kelley,Female,1987-06-23,2019-12-25,,Active,4,2,DEP03,Information Technology,JOB05,Software Engineer,2025-04-01,22,23665.38,23665.38,0,6,0,6,4
EMP0112-2025-05,EMP0112,Besiana Kelley,Female,1987-06-23,2019-12-25,,Active,4,2,DEP03,Information Technology,JOB05,Software Engineer,2025-05-01,22,23665.38,23665.38,0,0,0,5,3
EMP0112-2025-06,EMP0112,Besiana Kelley,Female,1987-06-23,2019-12-25,,Active,4,2,DEP03,Information Technology,JOB05,Software Engineer,2025-06-01,21,23665.38,23665.38,643,0,2,4,3
EMP0112-2025-07,EMP0112,Besiana Kelley,Female,1987-06-23,2019-12-25,,Active,4,2,DEP03,Information Technology,JOB05,Software Engineer,2025-07-01,23,23665.38,23665.38,0,19,0,0,5
EMP0112-2025-08,EMP0112,Besiana Kelley,Female,1987-06-23,2019-12-25,,Active,4,2,DEP03,Information Technology,JOB05,Software Engineer,2025-08-01,21,23665.38,23665.38,837.39,0,0,0,4
EMP0112-2025-09,EMP0112,Besiana Kelley,Female,1987-06-23,2019-12-25,,Active,4,2,DEP03,Information Technology,JOB05,Software Engineer,2025-09-01,22,23665.38,23665.38,0,10,1,4,4
EMP0112-2025-10,EMP0112,Besiana Kelley,Female,1987-06-23,2019-12-25,,Active,4,2,DEP03,Information Technology,JOB05,Software Engineer,2025-10-01,23,23665.38,23665.38,0,35,0,0,4
EMP0112-2025-11,EMP0112,Besiana Kelley,Female,1987-06-23,2019-12-25,,Active,4,2,DEP03,Information Technology,JOB05,Software Engineer,2025-11-01,20,23665.38,23665.38,555.23,10,2,3,4
EMP0112-2025-12,EMP0112,Besiana Kelley,Female,1987-06-23,2019-12-25,,Active,4,2,DEP03,Information Technology,JOB05,Software Engineer,2025-12-01,23,23665.38,23665.38,0,10,1,2,3
EMP0113-2024-01,EMP0113,Rodrigo Ferrante,Male,1989-04-16,2023-09-20,,Active,0,1,DEP04,Sales,JOB07,Sales Executive,2024-01-01,23,9094.33,9094.33,580.91,0,0,6,3
EMP0113-2024-02,EMP0113,Rodrigo Ferrante,Male,1989-04-16,2023-09-20,,Active,0,1,DEP04,Sales,JOB07,Sales Executive,2024-02-01,21,9094.33,9094.33,0,32,3,8,4
EMP0113-2024-03,EMP0113,Rodrigo Ferrante,Male,1989-04-16,2023-09-20,,Active,0,1,DEP04,Sales,JOB07,Sales Executive,2024-03-01,21,9094.33,9094.33,0,27,0,8,3
EMP0113-2024-04,EMP0113,Rodrigo Ferrante,Male,1989-04-16,2023-09-20,,Active,0,1,DEP04,Sales,JOB07,Sales Executive,2024-04-01,22,9094.33,9094.33,345.89,3,1,6,3
EMP0113-2024-05,EMP0113,Rodrigo Ferrante,Male,1989-04-16,2023-09-20,,Active,0,1,DEP04,Sales,JOB07,Sales Executive,2024-05-01,23,9094.33,9094.33,0,0,0,9,4
EMP0113-2024-06,EMP0113,Rodrigo Ferrante,Male,1989-04-16,2023-09-20,,Active,0,1,DEP04,Sales,JOB07,Sales Executive,2024-06-01,20,9094.33,9094.33,712.15,7,2,9,3
EMP0113-2024-07,EMP0113,Rodrigo Ferrante,Male,1989-04-16,2023-09-20,,Active,0,1,DEP04,Sales,JOB07,Sales Executive,2024-07-01,23,9094.33,9094.33,218.45,30,0,5,3
EMP0113-2024-08,EMP0113,Rodrigo Ferrante,Male,1989-04-16,2023-09-20,,Active,0,1,DEP04,Sales,JOB07,Sales Executive,2024-08-01,22,9094.33,9094.33,1023.45,1,3,10,4
EMP0113-2024-09,EMP0113,Rodrigo Ferrante,Male,1989-04-16,2023-09-20,,Active,0,1,DEP04,Sales,JOB07,Sales Executive,2024-09-01,21,9094.33,9094.33,0,0,4,0,4
EMP0113-2024-10,EMP0113,Rodrigo Ferrante,Male,1989-04-16,2023-09-20,,Active,0,1,DEP04,Sales,JOB07,Sales Executive,2024-10-01,23,9094.33,9094.33,462.73,0,2,8,4
EMP0113-2024-11,EMP0113,Rodrigo Ferrante,Male,1989-04-16,2023-09-20,,Active,0,1,DEP04,Sales,JOB07,Sales Executive,2024-11-01,21,9094.33,9094.33,0,5,1,4,3
EMP0113-2024-12,EMP0113,Rodrigo Ferrante,Male,1989-04-16,2023-09-20,,Active,0,1,DEP04,Sales,JOB07,Sales Executive,2024-12-01,22,9094.33,9094.33,750.1,10,3,0,4
EMP0113-2025-01,EMP0113,Rodrigo Ferrante,Male,1989-04-16,2023-09-20,,Active,0,1,DEP04,Sales,JOB07,Sales Executive,2025-01-01,23,9697.85,9697.85,0,38,1,0,3
EMP0113-2025-02,EMP0113,Rodrigo Ferrante,Male,1989-04-16,2023-09-20,,Active,0,1,DEP04,Sales,JOB07,Sales Executive,2025-02-01,20,9697.85,9697.85,0,35,1,2,4
EMP0113-2025-03,EMP0113,Rodrigo Ferrante,Male,1989-04-16,2023-09-20,,Active,0,1,DEP04,Sales,JOB07,Sales Executive,2025-03-01,21,9697.85,9697.85,0,0,3,6,3
EMP0113-2025-04,EMP0113,Rodrigo Ferrante,Male,1989-04-16,2023-09-20,,Active,0,1,DEP04,Sales,JOB07,Sales Executive,2025-04-01,22,9697.85,9697.85,968.83,0,1,5,4
EMP0113-2025-05,EMP0113,Rodrigo Ferrante,Male,1989-04-16,2023-09-20,,Active,0,1,DEP04,Sales,JOB07,Sales Executive,2025-05-01,22,9697.85,9697.85,1318.39,3,1,5,2
EMP0113-2025-06,EMP0113,Rodrigo Ferrante,Male,1989-04-16,2023-09-20,,Active,0,1,DEP04,Sales,JOB07,Sales Executive,2025-06-01,21,9697.85,9697.85,369.43,0,1,5,4
EMP0113-2025-07,EMP0113,Rodrigo Ferrante,Male,1989-04-16,2023-09-20,,Active,0,1,DEP04,Sales,JOB07,Sales Executive,2025-07-01,23,9697.85,9697.85,258.57,33,0,4,4
EMP0113-2025-08,EMP0113,Rodrigo Ferrante,Male,1989-04-16,2023-09-20,,Active,0,1,DEP04,Sales,JOB07,Sales Executive,2025-08-01,21,9697.85,9697.85,0,17,0,0,3
EMP0113-2025-09,EMP0113,Rodrigo Ferrante,Male,1989-04-16,2023-09-20,,Active,0,1,DEP04,Sales,JOB07,Sales Executive,2025-09-01,22,9697.85,9697.85,986.98,8,0,0,4
EMP0113-2025-10,EMP0113,Rodrigo Ferrante,Male,1989-04-16,2023-09-20,,Active,0,1,DEP04,Sales,JOB07,Sales Executive,2025-10-01,23,9697.85,9697.85,438.38,1,3,12,3
EMP0113-2025-11,EMP0113,Rodrigo Ferrante,Male,1989-04-16,2023-09-20,,Active,0,1,DEP04,Sales,JOB07,Sales Executive,2025-11-01,20,9697.85,9697.85,1195.84,0,1,0,4
EMP0113-2025-12,EMP0113,Rodrigo Ferrante,Male,1989-04-16,2023-09-20,,Active,0,1,DEP04,Sales,JOB07,Sales Executive,2025-12-01,23,9697.85,9697.85,0,1,2,8,3
EMP0114-2024-01,EMP0114,Wei Poulin,Female,1975-11-07,2017-03-14,,Active,9,3,DEP02,Finance,JOB04,Financial Analyst,2024-01-01,23,32026.32,32026.32,1551.42,2,1,0,4
EMP0114-2024-02,EMP0114,Wei Poulin,Female,1975-11-07,2017-03-14,,Active,9,3,DEP02,Finance,JOB04,Financial Analyst,2024-02-01,21,32026.32,32026.32,0,0,0,0,3
EMP0114-2024-03,EMP0114,Wei Poulin,Female,1975-11-07,2017-03-14,,Active,9,3,DEP02,Finance,JOB04,Financial Analyst,2024-03-01,21,32026.32,32026.32,0,9,0,1,3
EMP0114-2024-04,EMP0114,Wei Poulin,Female,1975-11-07,2017-03-14,,Active,9,3,DEP02,Finance,JOB04,Financial Analyst,2024-04-01,22,32026.32,32026.32,0,16,0,0,3
EMP0114-2024-05,EMP0114,Wei Poulin,Female,1975-11-07,2017-03-14,,Active,9,3,DEP02,Finance,JOB04,Financial Analyst,2024-05-01,23,32026.32,32026.32,0,8,2,0,3
EMP0114-2024-06,EMP0114,Wei Poulin,Female,1975-11-07,2017-03-14,,Active,9,3,DEP02,Finance,JOB04,Financial Analyst,2024-06-01,20,32026.32,32026.32,0,8,0,2,4
EMP0114-2024-07,EMP0114,Wei Poulin,Female,1975-11-07,2017-03-14,,Active,9,3,DEP02,Finance,JOB04,Financial Analyst,2024-07-01,23,32026.32,32026.32,0,4,0,0,4
EMP0114-2024-08,EMP0114,Wei Poulin,Female,1975-11-07,2017-03-14,,Active,9,3,DEP02,Finance,JOB04,Financial Analyst,2024-08-01,22,32026.32,32026.32,0,40,1,11,3
EMP0114-2024-09,EMP0114,Wei Poulin,Female,1975-11-07,2017-03-14,,Active,9,3,DEP02,Finance,JOB04,Financial Analyst,2024-09-01,21,32026.32,32026.32,0,13,4,10,3
EMP0114-2024-10,EMP0114,Wei Poulin,Female,1975-11-07,2017-03-14,,Active,9,3,DEP02,Finance,JOB04,Financial Analyst,2024-10-01,23,32026.32,32026.32,0,0,1,10,3
EMP0114-2024-11,EMP0114,Wei Poulin,Female,1975-11-07,2017-03-14,,Active,9,3,DEP02,Finance,JOB04,Financial Analyst,2024-11-01,21,32026.32,32026.32,3650,1,1,1,3
EMP0114-2024-12,EMP0114,Wei Poulin,Female,1975-11-07,2017-03-14,,Active,9,3,DEP02,Finance,JOB04,Financial Analyst,2024-12-01,22,32026.32,32026.32,0,0,0,2,4
EMP0114-2025-01,EMP0114,Wei Poulin,Female,1975-11-07,2017-03-14,,Active,9,3,DEP02,Finance,JOB04,Financial Analyst,2025-01-01,23,34598.84,34598.84,0,0,1,8,4
EMP0114-2025-02,EMP0114,Wei Poulin,Female,1975-11-07,2017-03-14,,Active,9,3,DEP02,Finance,JOB04,Financial Analyst,2025-02-01,20,34598.84,34598.84,0,0,2,0,4
EMP0114-2025-03,EMP0114,Wei Poulin,Female,1975-11-07,2017-03-14,,Active,9,3,DEP02,Finance,JOB04,Financial Analyst,2025-03-01,21,34598.84,34598.84,2872.49,14,1,11,4
EMP0114-2025-04,EMP0114,Wei Poulin,Female,1975-11-07,2017-03-14,,Active,9,3,DEP02,Finance,JOB04,Financial Analyst,2025-04-01,22,34598.84,34598.84,0,36,1,0,4
EMP0114-2025-05,EMP0114,Wei Poulin,Female,1975-11-07,2017-03-14,,Active,9,3,DEP02,Finance,JOB04,Financial Analyst,2025-05-01,22,34598.84,34598.84,2421.49,4,0,3,4
EMP0114-2025-06,EMP0114,Wei Poulin,Female,1975-11-07,2017-03-14,,Active,9,3,DEP02,Finance,JOB04,Financial Analyst,2025-06-01,21,34598.84,34598.84,0,0,0,0,4
EMP0114-2025-07,EMP0114,Wei Poulin,Female,1975-11-07,2017-03-14,,Active,9,3,DEP02,Finance,JOB04,Financial Analyst,2025-07-01,23,34598.84,34598.84,3424.39,10,3,0,4
EMP0114-2025-08,EMP0114,Wei Poulin,Female,1975-11-07,2017-03-14,,Active,9,3,DEP02,Finance,JOB04,Financial Analyst,2025-08-01,21,34598.84,34598.84,3940.9,3,1,0,3
EMP0114-2025-09,EMP0114,Wei Poulin,Female,1975-11-07,2017-03-14,,Active,9,3,DEP02,Finance,JOB04,Financial Analyst,2025-09-01,22,34598.84,34598.84,0,0,1,8,3
EMP0114-2025-10,EMP0114,Wei Poulin,Female,1975-11-07,2017-03-14,,Active,9,3,DEP02,Finance,JOB04,Financial Analyst,2025-10-01,23,34598.84,34598.84,0,0,0,0,3
EMP0114-2025-11,EMP0114,Wei Poulin,Female,1975-11-07,2017-03-14,,Active,9,3,DEP02,Finance,JOB04,Financial Analyst,2025-11-01,20,34598.84,34598.84,3895.04,20,1,0,3
EMP0114-2025-12,EMP0114,Wei Poulin,Female,1975-11-07,2017-03-14,,Active,9,3,DEP02,Finance,JOB04,Financial Analyst,2025-12-01,23,34598.84,34598.84,4280.07,1,0,1,3
EMP0115-2024-01,EMP0115,Bhuwan Teraitabo,Male,1987-04-09,2023-04-07,,Active,3,1,DEP05,Marketing,JOB10,Marketing Analyst,2024-01-01,23,12460.57,12460.57,0,0,0,0,3
EMP0115-2024-02,EMP0115,Bhuwan Teraitabo,Male,1987-04-09,2023-04-07,,Active,3,1,DEP05,Marketing,JOB10,Marketing Analyst,2024-02-01,21,12460.57,12460.57,0,38,2,0,3
EMP0115-2024-03,EMP0115,Bhuwan Teraitabo,Male,1987-04-09,2023-04-07,,Active,3,1,DEP05,Marketing,JOB10,Marketing Analyst,2024-03-01,21,12460.57,12460.57,932.07,18,3,0,3
EMP0115-2024-04,EMP0115,Bhuwan Teraitabo,Male,1987-04-09,2023-04-07,,Active,3,1,DEP05,Marketing,JOB10,Marketing Analyst,2024-04-01,22,12460.57,12460.57,0,0,0,6,2
EMP0115-2024-05,EMP0115,Bhuwan Teraitabo,Male,1987-04-09,2023-04-07,,Active,3,1,DEP05,Marketing,JOB10,Marketing Analyst,2024-05-01,23,12460.57,12460.57,0,4,1,0,3
EMP0115-2024-06,EMP0115,Bhuwan Teraitabo,Male,1987-04-09,2023-04-07,,Active,3,1,DEP05,Marketing,JOB10,Marketing Analyst,2024-06-01,20,12460.57,12460.57,0,7,1,14,3
EMP0115-2024-07,EMP0115,Bhuwan Teraitabo,Male,1987-04-09,2023-04-07,,Active,3,1,DEP05,Marketing,JOB10,Marketing Analyst,2024-07-01,23,12460.57,12460.57,0,0,0,1,2
EMP0115-2024-08,EMP0115,Bhuwan Teraitabo,Male,1987-04-09,2023-04-07,,Active,3,1,DEP05,Marketing,JOB10,Marketing Analyst,2024-08-01,22,12460.57,12460.57,0,8,0,12,3
EMP0115-2024-09,EMP0115,Bhuwan Teraitabo,Male,1987-04-09,2023-04-07,,Active,3,1,DEP05,Marketing,JOB10,Marketing Analyst,2024-09-01,21,12460.57,12460.57,0,23,1,0,3
EMP0115-2024-10,EMP0115,Bhuwan Teraitabo,Male,1987-04-09,2023-04-07,,Active,3,1,DEP05,Marketing,JOB10,Marketing Analyst,2024-10-01,23,12460.57,12460.57,1665.5,10,0,8,4
EMP0115-2024-11,EMP0115,Bhuwan Teraitabo,Male,1987-04-09,2023-04-07,,Active,3,1,DEP05,Marketing,JOB10,Marketing Analyst,2024-11-01,21,12460.57,12460.57,0,23,2,6,3
EMP0115-2024-12,EMP0115,Bhuwan Teraitabo,Male,1987-04-09,2023-04-07,,Active,3,1,DEP05,Marketing,JOB10,Marketing Analyst,2024-12-01,22,12460.57,12460.57,0,22,1,0,3
EMP0115-2025-01,EMP0115,Bhuwan Teraitabo,Male,1987-04-09,2023-04-07,,Active,3,1,DEP05,Marketing,JOB10,Marketing Analyst,2025-01-01,23,13294.13,13294.13,0,2,2,0,3
EMP0115-2025-02,EMP0115,Bhuwan Teraitabo,Male,1987-04-09,2023-04-07,,Active,3,1,DEP05,Marketing,JOB10,Marketing Analyst,2025-02-01,20,13294.13,13294.13,1376.16,20,0,3,3
EMP0115-2025-03,EMP0115,Bhuwan Teraitabo,Male,1987-04-09,2023-04-07,,Active,3,1,DEP05,Marketing,JOB10,Marketing Analyst,2025-03-01,21,13294.13,13294.13,0,38,3,0,3
EMP0115-2025-04,EMP0115,Bhuwan Teraitabo,Male,1987-04-09,2023-04-07,,Active,3,1,DEP05,Marketing,JOB10,Marketing Analyst,2025-04-01,22,13294.13,13294.13,1850.79,19,2,5,3
EMP0115-2025-05,EMP0115,Bhuwan Teraitabo,Male,1987-04-09,2023-04-07,,Active,3,1,DEP05,Marketing,JOB10,Marketing Analyst,2025-05-01,22,13294.13,13294.13,0,0,0,0,3
EMP0115-2025-06,EMP0115,Bhuwan Teraitabo,Male,1987-04-09,2023-04-07,,Active,3,1,DEP05,Marketing,JOB10,Marketing Analyst,2025-06-01,21,13294.13,13294.13,0,8,1,0,3
EMP0115-2025-07,EMP0115,Bhuwan Teraitabo,Male,1987-04-09,2023-04-07,,Active,3,1,DEP05,Marketing,JOB10,Marketing Analyst,2025-07-01,23,13294.13,13294.13,0,35,1,3,3
EMP0115-2025-08,EMP0115,Bhuwan Teraitabo,Male,1987-04-09,2023-04-07,,Active,3,1,DEP05,Marketing,JOB10,Marketing Analyst,2025-08-01,21,13294.13,13294.13,0,0,0,0,3
EMP0115-2025-09,EMP0115,Bhuwan Teraitabo,Male,1987-04-09,2023-04-07,,Active,3,1,DEP05,Marketing,JOB10,Marketing Analyst,2025-09-01,22,13294.13,13294.13,0,5,0,0,2
EMP0115-2025-10,EMP0115,Bhuwan Teraitabo,Male,1987-04-09,2023-04-07,,Active,3,1,DEP05,Marketing,JOB10,Marketing Analyst,2025-10-01,23,13294.13,13294.13,0,2,1,2,3
EMP0115-2025-11,EMP0115,Bhuwan Teraitabo,Male,1987-04-09,2023-04-07,,Active,3,1,DEP05,Marketing,JOB10,Marketing Analyst,2025-11-01,20,13294.13,13294.13,0,21,2,0,3
EMP0115-2025-12,EMP0115,Bhuwan Teraitabo,Male,1987-04-09,2023-04-07,,Active,3,1,DEP05,Marketing,JOB10,Marketing Analyst,2025-12-01,23,13294.13,13294.13,0,0,0,2,3
EMP0116-2024-01,EMP0116,Štefka Toke,Female,1976-11-25,2019-12-19,2024-09-05,Left,5,2,DEP03,Information Technology,JOB06,IT Support Specialist,2024-01-01,23,18289.31,18289.31,0,11,0,0,4
EMP0116-2024-02,EMP0116,Štefka Toke,Female,1976-11-25,2019-12-19,2024-09-05,Left,5,2,DEP03,Information Technology,JOB06,IT Support Specialist,2024-02-01,21,18289.31,18289.31,0,1,0,4,4
EMP0116-2024-03,EMP0116,Štefka Toke,Female,1976-11-25,2019-12-19,2024-09-05,Left,5,2,DEP03,Information Technology,JOB06,IT Support Specialist,2024-03-01,21,18289.31,18289.31,1332.69,0,0,1,3
EMP0116-2024-04,EMP0116,Štefka Toke,Female,1976-11-25,2019-12-19,2024-09-05,Left,5,2,DEP03,Information Technology,JOB06,IT Support Specialist,2024-04-01,22,18289.31,18289.31,675.32,0,1,9,4
EMP0116-2024-05,EMP0116,Štefka Toke,Female,1976-11-25,2019-12-19,2024-09-05,Left,5,2,DEP03,Information Technology,JOB06,IT Support Specialist,2024-05-01,23,18289.31,18289.31,0,2,0,0,4
EMP0116-2024-06,EMP0116,Štefka Toke,Female,1976-11-25,2019-12-19,2024-09-05,Left,5,2,DEP03,Information Technology,JOB06,IT Support Specialist,2024-06-01,20,18289.31,18289.31,0,6,0,0,3
EMP0116-2024-07,EMP0116,Štefka Toke,Female,1976-11-25,2019-12-19,2024-09-05,Left,5,2,DEP03,Information Technology,JOB06,IT Support Specialist,2024-07-01,23,18289.31,18289.31,0,0,1,0,3
EMP0116-2024-08,EMP0116,Štefka Toke,Female,1976-11-25,2019-12-19,2024-09-05,Left,5,2,DEP03,Information Technology,JOB06,IT Support Specialist,2024-08-01,22,18289.31,18289.31,0,0,0,3,4
EMP0116-2024-09,EMP0116,Štefka Toke,Female,1976-11-25,2019-12-19,2024-09-05,Left,5,2,DEP03,Information Technology,JOB06,IT Support Specialist,2024-09-01,4,18289.31,3483.68,158.19,5,0,0,3
EMP0117-2024-04,EMP0117,Jacqueline Badr,Female,1988-10-14,2024-04-06,,Active,6,2,DEP05,Marketing,JOB09,Marketing Specialist,2024-04-01,17,18948.38,14641.93,1294.89,0,0,13,4
EMP0117-2024-05,EMP0117,Jacqueline Badr,Female,1988-10-14,2024-04-06,,Active,6,2,DEP05,Marketing,JOB09,Marketing Specialist,2024-05-01,23,18948.38,18948.38,0,0,2,7,4
EMP0117-2024-06,EMP0117,Jacqueline Badr,Female,1988-10-14,2024-04-06,,Active,6,2,DEP05,Marketing,JOB09,Marketing Specialist,2024-06-01,20,18948.38,18948.38,585.13,33,0,0,3
EMP0117-2024-07,EMP0117,Jacqueline Badr,Female,1988-10-14,2024-04-06,,Active,6,2,DEP05,Marketing,JOB09,Marketing Specialist,2024-07-01,23,18948.38,18948.38,0,0,1,15,3
EMP0117-2024-08,EMP0117,Jacqueline Badr,Female,1988-10-14,2024-04-06,,Active,6,2,DEP05,Marketing,JOB09,Marketing Specialist,2024-08-01,22,18948.38,18948.38,2161.02,0,0,15,3
EMP0117-2024-09,EMP0117,Jacqueline Badr,Female,1988-10-14,2024-04-06,,Active,6,2,DEP05,Marketing,JOB09,Marketing Specialist,2024-09-01,21,18948.38,18948.38,1748.55,23,0,12,3
EMP0117-2024-10,EMP0117,Jacqueline Badr,Female,1988-10-14,2024-04-06,,Active,6,2,DEP05,Marketing,JOB09,Marketing Specialist,2024-10-01,23,18948.38,18948.38,0,6,2,3,3
EMP0117-2024-11,EMP0117,Jacqueline Badr,Female,1988-10-14,2024-04-06,,Active,6,2,DEP05,Marketing,JOB09,Marketing Specialist,2024-11-01,21,18948.38,18948.38,0,0,2,15,3
EMP0117-2024-12,EMP0117,Jacqueline Badr,Female,1988-10-14,2024-04-06,,Active,6,2,DEP05,Marketing,JOB09,Marketing Specialist,2024-12-01,22,18948.38,18948.38,0,0,2,3,4
EMP0117-2025-01,EMP0117,Jacqueline Badr,Female,1988-10-14,2024-04-06,,Active,6,2,DEP05,Marketing,JOB09,Marketing Specialist,2025-01-01,23,20523.76,20523.76,0,8,2,0,4
EMP0117-2025-02,EMP0117,Jacqueline Badr,Female,1988-10-14,2024-04-06,,Active,6,2,DEP05,Marketing,JOB09,Marketing Specialist,2025-02-01,20,20523.76,20523.76,0,4,3,2,3
EMP0117-2025-03,EMP0117,Jacqueline Badr,Female,1988-10-14,2024-04-06,,Active,6,2,DEP05,Marketing,JOB09,Marketing Specialist,2025-03-01,21,20523.76,20523.76,2964.04,12,0,1,4
EMP0117-2025-04,EMP0117,Jacqueline Badr,Female,1988-10-14,2024-04-06,,Active,6,2,DEP05,Marketing,JOB09,Marketing Specialist,2025-04-01,22,20523.76,20523.76,0,0,3,7,3
EMP0117-2025-05,EMP0117,Jacqueline Badr,Female,1988-10-14,2024-04-06,,Active,6,2,DEP05,Marketing,JOB09,Marketing Specialist,2025-05-01,22,20523.76,20523.76,0,0,0,8,4
EMP0117-2025-06,EMP0117,Jacqueline Badr,Female,1988-10-14,2024-04-06,,Active,6,2,DEP05,Marketing,JOB09,Marketing Specialist,2025-06-01,21,20523.76,20523.76,0,21,0,12,3
EMP0117-2025-07,EMP0117,Jacqueline Badr,Female,1988-10-14,2024-04-06,,Active,6,2,DEP05,Marketing,JOB09,Marketing Specialist,2025-07-01,23,20523.76,20523.76,0,0,3,10,3
EMP0117-2025-08,EMP0117,Jacqueline Badr,Female,1988-10-14,2024-04-06,,Active,6,2,DEP05,Marketing,JOB09,Marketing Specialist,2025-08-01,21,20523.76,20523.76,0,33,1,0,3
EMP0117-2025-09,EMP0117,Jacqueline Badr,Female,1988-10-14,2024-04-06,,Active,6,2,DEP05,Marketing,JOB09,Marketing Specialist,2025-09-01,22,20523.76,20523.76,759.62,6,0,5,3
EMP0117-2025-10,EMP0117,Jacqueline Badr,Female,1988-10-14,2024-04-06,,Active,6,2,DEP05,Marketing,JOB09,Marketing Specialist,2025-10-01,23,20523.76,20523.76,0,11,0,11,3
EMP0117-2025-11,EMP0117,Jacqueline Badr,Female,1988-10-14,2024-04-06,,Active,6,2,DEP05,Marketing,JOB09,Marketing Specialist,2025-11-01,20,20523.76,20523.76,1443.38,4,1,7,3
EMP0117-2025-12,EMP0117,Jacqueline Badr,Female,1988-10-14,2024-04-06,,Active,6,2,DEP05,Marketing,JOB09,Marketing Specialist,2025-12-01,23,20523.76,20523.76,0,0,0,9,3
EMP0118-2024-01,EMP0118,Yusuf Richards,Male,1987-08-22,2018-05-07,,Active,8,3,DEP03,Information Technology,JOB06,IT Support Specialist,2024-01-01,23,24627.59,24627.59,0,0,0,1,4
EMP0118-2024-02,EMP0118,Yusuf Richards,Male,1987-08-22,2018-05-07,,Active,8,3,DEP03,Information Technology,JOB06,IT Support Specialist,2024-02-01,21,24627.59,24627.59,0,0,0,0,3
EMP0118-2024-03,EMP0118,Yusuf Richards,Male,1987-08-22,2018-05-07,,Active,8,3,DEP03,Information Technology,JOB06,IT Support Specialist,2024-03-01,21,24627.59,24627.59,0,6,2,11,4
EMP0118-2024-04,EMP0118,Yusuf Richards,Male,1987-08-22,2018-05-07,,Active,8,3,DEP03,Information Technology,JOB06,IT Support Specialist,2024-04-01,22,24627.59,24627.59,1112.59,5,1,0,4
EMP0118-2024-05,EMP0118,Yusuf Richards,Male,1987-08-22,2018-05-07,,Active,8,3,DEP03,Information Technology,JOB06,IT Support Specialist,2024-05-01,23,24627.59,24627.59,3095.21,0,4,8,4
EMP0118-2024-06,EMP0118,Yusuf Richards,Male,1987-08-22,2018-05-07,,Active,8,3,DEP03,Information Technology,JOB06,IT Support Specialist,2024-06-01,20,24627.59,24627.59,3277.59,7,3,0,2
EMP0118-2024-07,EMP0118,Yusuf Richards,Male,1987-08-22,2018-05-07,,Active,8,3,DEP03,Information Technology,JOB06,IT Support Specialist,2024-07-01,23,24627.59,24627.59,0,0,1,0,3
EMP0118-2024-08,EMP0118,Yusuf Richards,Male,1987-08-22,2018-05-07,,Active,8,3,DEP03,Information Technology,JOB06,IT Support Specialist,2024-08-01,22,24627.59,24627.59,0,8,0,5,3
EMP0118-2024-09,EMP0118,Yusuf Richards,Male,1987-08-22,2018-05-07,,Active,8,3,DEP03,Information Technology,JOB06,IT Support Specialist,2024-09-01,21,24627.59,24627.59,0,2,0,4,3
EMP0118-2024-10,EMP0118,Yusuf Richards,Male,1987-08-22,2018-05-07,,Active,8,3,DEP03,Information Technology,JOB06,IT Support Specialist,2024-10-01,23,24627.59,24627.59,0,39,0,5,4
EMP0118-2024-11,EMP0118,Yusuf Richards,Male,1987-08-22,2018-05-07,,Active,8,3,DEP03,Information Technology,JOB06,IT Support Specialist,2024-11-01,21,24627.59,24627.59,0,4,1,0,3
EMP0118-2024-12,EMP0118,Yusuf Richards,Male,1987-08-22,2018-05-07,,Active,8,3,DEP03,Information Technology,JOB06,IT Support Specialist,2024-12-01,22,24627.59,24627.59,0,10,0,0,3
EMP0118-2025-01,EMP0118,Yusuf Richards,Male,1987-08-22,2018-05-07,,Active,8,3,DEP03,Information Technology,JOB06,IT Support Specialist,2025-01-01,23,25692.61,25692.61,3262.7,5,0,12,3
EMP0118-2025-02,EMP0118,Yusuf Richards,Male,1987-08-22,2018-05-07,,Active,8,3,DEP03,Information Technology,JOB06,IT Support Specialist,2025-02-01,20,25692.61,25692.61,0,9,0,0,3
EMP0118-2025-03,EMP0118,Yusuf Richards,Male,1987-08-22,2018-05-07,,Active,8,3,DEP03,Information Technology,JOB06,IT Support Specialist,2025-03-01,21,25692.61,25692.61,0,6,0,7,4
EMP0118-2025-04,EMP0118,Yusuf Richards,Male,1987-08-22,2018-05-07,,Active,8,3,DEP03,Information Technology,JOB06,IT Support Specialist,2025-04-01,22,25692.61,25692.61,3020.76,0,2,5,3
EMP0118-2025-05,EMP0118,Yusuf Richards,Male,1987-08-22,2018-05-07,,Active,8,3,DEP03,Information Technology,JOB06,IT Support Specialist,2025-05-01,22,25692.61,25692.61,1166.08,34,3,0,3
EMP0118-2025-06,EMP0118,Yusuf Richards,Male,1987-08-22,2018-05-07,,Active,8,3,DEP03,Information Technology,JOB06,IT Support Specialist,2025-06-01,21,25692.61,25692.61,2930.85,0,0,15,3
EMP0118-2025-07,EMP0118,Yusuf Richards,Male,1987-08-22,2018-05-07,,Active,8,3,DEP03,Information Technology,JOB06,IT Support Specialist,2025-07-01,23,25692.61,25692.61,0,2,0,13,4
EMP0118-2025-08,EMP0118,Yusuf Richards,Male,1987-08-22,2018-05-07,,Active,8,3,DEP03,Information Technology,JOB06,IT Support Specialist,2025-08-01,21,25692.61,25692.61,0,0,0,0,4
EMP0118-2025-09,EMP0118,Yusuf Richards,Male,1987-08-22,2018-05-07,,Active,8,3,DEP03,Information Technology,JOB06,IT Support Specialist,2025-09-01,22,25692.61,25692.61,675.21,19,0,6,4
EMP0118-2025-10,EMP0118,Yusuf Richards,Male,1987-08-22,2018-05-07,,Active,8,3,DEP03,Information Technology,JOB06,IT Support Specialist,2025-10-01,23,25692.61,25692.61,0,9,1,0,3
EMP0118-2025-11,EMP0118,Yusuf Richards,Male,1987-08-22,2018-05-07,,Active,8,3,DEP03,Information Technology,JOB06,IT Support Specialist,2025-11-01,20,25692.61,25692.61,0,14,3,0,4
EMP0118-2025-12,EMP0118,Yusuf Richards,Male,1987-08-22,2018-05-07,,Active,8,3,DEP03,Information Technology,JOB06,IT Support Specialist,2025-12-01,23,25692.61,25692.61,0,1,1,0,2
EMP0119-2024-03,EMP0119,Akofa Samadi,Female,2001-04-24,2024-03-23,,Active,0,1,DEP03,Information Technology,JOB05,Software Engineer,2024-03-01,5,15250.54,3631.08,278.88,0,0,7,4
EMP0119-2024-04,EMP0119,Akofa Samadi,Female,2001-04-24,2024-03-23,,Active,0,1,DEP03,Information Technology,JOB05,Software Engineer,2024-04-01,22,15250.54,15250.54,0,0,0,7,4
EMP0119-2024-05,EMP0119,Akofa Samadi,Female,2001-04-24,2024-03-23,,Active,0,1,DEP03,Information Technology,JOB05,Software Engineer,2024-05-01,23,15250.54,15250.54,0,1,0,2,4
EMP0119-2024-06,EMP0119,Akofa Samadi,Female,2001-04-24,2024-03-23,,Active,0,1,DEP03,Information Technology,JOB05,Software Engineer,2024-06-01,20,15250.54,15250.54,0,5,0,1,4
EMP0119-2024-07,EMP0119,Akofa Samadi,Female,2001-04-24,2024-03-23,,Active,0,1,DEP03,Information Technology,JOB05,Software Engineer,2024-07-01,23,15250.54,15250.54,2055.67,1,3,0,3
EMP0119-2024-08,EMP0119,Akofa Samadi,Female,2001-04-24,2024-03-23,,Active,0,1,DEP03,Information Technology,JOB05,Software Engineer,2024-08-01,22,15250.54,15250.54,1011.18,10,0,7,4
EMP0119-2024-09,EMP0119,Akofa Samadi,Female,2001-04-24,2024-03-23,,Active,0,1,DEP03,Information Technology,JOB05,Software Engineer,2024-09-01,21,15250.54,15250.54,0,0,2,11,4
EMP0119-2024-10,EMP0119,Akofa Samadi,Female,2001-04-24,2024-03-23,,Active,0,1,DEP03,Information Technology,JOB05,Software Engineer,2024-10-01,23,15250.54,15250.54,1583.15,6,0,0,4
EMP0119-2024-11,EMP0119,Akofa Samadi,Female,2001-04-24,2024-03-23,,Active,0,1,DEP03,Information Technology,JOB05,Software Engineer,2024-11-01,21,15250.54,15250.54,0,0,3,1,4
EMP0119-2024-12,EMP0119,Akofa Samadi,Female,2001-04-24,2024-03-23,,Active,0,1,DEP03,Information Technology,JOB05,Software Engineer,2024-12-01,22,15250.54,15250.54,0,20,0,6,3
EMP0119-2025-01,EMP0119,Akofa Samadi,Female,2001-04-24,2024-03-23,,Active,0,1,DEP03,Information Technology,JOB05,Software Engineer,2025-01-01,23,16253.01,16253.01,0,0,1,8,4
EMP0119-2025-02,EMP0119,Akofa Samadi,Female,2001-04-24,2024-03-23,,Active,0,1,DEP03,Information Technology,JOB05,Software Engineer,2025-02-01,20,16253.01,16253.01,2162.77,0,0,3,4
EMP0119-2025-03,EMP0119,Akofa Samadi,Female,2001-04-24,2024-03-23,,Active,0,1,DEP03,Information Technology,JOB05,Software Engineer,2025-03-01,21,16253.01,16253.01,0,0,3,0,4
EMP0119-2025-04,EMP0119,Akofa Samadi,Female,2001-04-24,2024-03-23,,Active,0,1,DEP03,Information Technology,JOB05,Software Engineer,2025-04-01,22,16253.01,16253.01,0,1,0,1,4
EMP0119-2025-05,EMP0119,Akofa Samadi,Female,2001-04-24,2024-03-23,,Active,0,1,DEP03,Information Technology,JOB05,Software Engineer,2025-05-01,22,16253.01,16253.01,0,8,1,0,3
EMP0119-2025-06,EMP0119,Akofa Samadi,Female,2001-04-24,2024-03-23,,Active,0,1,DEP03,Information Technology,JOB05,Software Engineer,2025-06-01,21,16253.01,16253.01,0,13,0,16,4
EMP0119-2025-07,EMP0119,Akofa Samadi,Female,2001-04-24,2024-03-23,,Active,0,1,DEP03,Information Technology,JOB05,Software Engineer,2025-07-01,23,16253.01,16253.01,0,2,0,4,4
EMP0119-2025-08,EMP0119,Akofa Samadi,Female,2001-04-24,2024-03-23,,Active,0,1,DEP03,Information Technology,JOB05,Software Engineer,2025-08-01,21,16253.01,16253.01,0,6,4,0,4
EMP0119-2025-09,EMP0119,Akofa Samadi,Female,2001-04-24,2024-03-23,,Active,0,1,DEP03,Information Technology,JOB05,Software Engineer,2025-09-01,22,16253.01,16253.01,0,13,2,0,3
EMP0119-2025-10,EMP0119,Akofa Samadi,Female,2001-04-24,2024-03-23,,Active,0,1,DEP03,Information Technology,JOB05,Software Engineer,2025-10-01,23,16253.01,16253.01,0,2,1,0,3
EMP0119-2025-11,EMP0119,Akofa Samadi,Female,2001-04-24,2024-03-23,,Active,0,1,DEP03,Information Technology,JOB05,Software Engineer,2025-11-01,20,16253.01,16253.01,0,4,0,0,3
EMP0119-2025-12,EMP0119,Akofa Samadi,Female,2001-04-24,2024-03-23,,Active,0,1,DEP03,Information Technology,JOB05,Software Engineer,2025-12-01,23,16253.01,16253.01,910.31,25,0,8,4
EMP0120-2025-10,EMP0120,Jacinto Black,Male,1996-01-05,2025-10-15,,Active,1,1,DEP04,Sales,JOB08,Account Manager,2025-10-01,13,9492.04,5365.07,166.34,0,1,6,3
EMP0120-2025-11,EMP0120,Jacinto Black,Male,1996-01-05,2025-10-15,,Active,1,1,DEP04,Sales,JOB08,Account Manager,2025-11-01,20,9492.04,9492.04,371.61,24,1,15,3
EMP0120-2025-12,EMP0120,Jacinto Black,Male,1996-01-05,2025-10-15,,Active,1,1,DEP04,Sales,JOB08,Account Manager,2025-12-01,23,9492.04,9492.04,0,34,1,10,5
EMP0121-2024-01,EMP0121,Jesús Nwagwu,Male,1988-02-03,2022-08-05,,Active,5,2,DEP05,Marketing,JOB10,Marketing Analyst,2024-01-01,23,18093.9,18093.9,2025.31,10,2,0,4
EMP0121-2024-02,EMP0121,Jesús Nwagwu,Male,1988-02-03,2022-08-05,,Active,5,2,DEP05,Marketing,JOB10,Marketing Analyst,2024-02-01,21,18093.9,18093.9,0,0,2,8,3
EMP0121-2024-03,EMP0121,Jesús Nwagwu,Male,1988-02-03,2022-08-05,,Active,5,2,DEP05,Marketing,JOB10,Marketing Analyst,2024-03-01,21,18093.9,18093.9,0,0,0,0,3
EMP0121-2024-04,EMP0121,Jesús Nwagwu,Male,1988-02-03,2022-08-05,,Active,5,2,DEP05,Marketing,JOB10,Marketing Analyst,2024-04-01,22,18093.9,18093.9,1274.64,0,3,4,4
EMP0121-2024-05,EMP0121,Jesús Nwagwu,Male,1988-02-03,2022-08-05,,Active,5,2,DEP05,Marketing,JOB10,Marketing Analyst,2024-05-01,23,18093.9,18093.9,2640.59,0,2,0,3
EMP0121-2024-06,EMP0121,Jesús Nwagwu,Male,1988-02-03,2022-08-05,,Active,5,2,DEP05,Marketing,JOB10,Marketing Analyst,2024-06-01,20,18093.9,18093.9,0,2,1,0,3
EMP0121-2024-07,EMP0121,Jesús Nwagwu,Male,1988-02-03,2022-08-05,,Active,5,2,DEP05,Marketing,JOB10,Marketing Analyst,2024-07-01,23,18093.9,18093.9,0,3,0,10,4
EMP0121-2024-08,EMP0121,Jesús Nwagwu,Male,1988-02-03,2022-08-05,,Active,5,2,DEP05,Marketing,JOB10,Marketing Analyst,2024-08-01,22,18093.9,18093.9,2204.51,0,3,0,3
EMP0121-2024-09,EMP0121,Jesús Nwagwu,Male,1988-02-03,2022-08-05,,Active,5,2,DEP05,Marketing,JOB10,Marketing Analyst,2024-09-01,21,18093.9,18093.9,0,19,1,8,1
EMP0121-2024-10,EMP0121,Jesús Nwagwu,Male,1988-02-03,2022-08-05,,Active,5,2,DEP05,Marketing,JOB10,Marketing Analyst,2024-10-01,23,18093.9,18093.9,0,4,0,7,3
EMP0121-2024-11,EMP0121,Jesús Nwagwu,Male,1988-02-03,2022-08-05,,Active,5,2,DEP05,Marketing,JOB10,Marketing Analyst,2024-11-01,21,18093.9,18093.9,1337.44,5,1,16,4
EMP0121-2024-12,EMP0121,Jesús Nwagwu,Male,1988-02-03,2022-08-05,,Active,5,2,DEP05,Marketing,JOB10,Marketing Analyst,2024-12-01,22,18093.9,18093.9,2037.52,38,2,0,4
EMP0121-2025-01,EMP0121,Jesús Nwagwu,Male,1988-02-03,2022-08-05,,Active,5,2,DEP05,Marketing,JOB10,Marketing Analyst,2025-01-01,23,19322.31,19322.31,0,15,0,0,4
EMP0121-2025-02,EMP0121,Jesús Nwagwu,Male,1988-02-03,2022-08-05,,Active,5,2,DEP05,Marketing,JOB10,Marketing Analyst,2025-02-01,20,19322.31,19322.31,0,17,4,0,3
EMP0121-2025-03,EMP0121,Jesús Nwagwu,Male,1988-02-03,2022-08-05,,Active,5,2,DEP05,Marketing,JOB10,Marketing Analyst,2025-03-01,21,19322.31,19322.31,1212.35,15,0,7,3
EMP0121-2025-04,EMP0121,Jesús Nwagwu,Male,1988-02-03,2022-08-05,,Active,5,2,DEP05,Marketing,JOB10,Marketing Analyst,2025-04-01,22,19322.31,19322.31,2484.55,0,3,1,2
EMP0121-2025-05,EMP0121,Jesús Nwagwu,Male,1988-02-03,2022-08-05,,Active,5,2,DEP05,Marketing,JOB10,Marketing Analyst,2025-05-01,22,19322.31,19322.31,0,0,0,0,4
EMP0121-2025-06,EMP0121,Jesús Nwagwu,Male,1988-02-03,2022-08-05,,Active,5,2,DEP05,Marketing,JOB10,Marketing Analyst,2025-06-01,21,19322.31,19322.31,2298,7,3,0,3
EMP0121-2025-07,EMP0121,Jesús Nwagwu,Male,1988-02-03,2022-08-05,,Active,5,2,DEP05,Marketing,JOB10,Marketing Analyst,2025-07-01,23,19322.31,19322.31,1552.64,33,0,6,3
EMP0121-2025-08,EMP0121,Jesús Nwagwu,Male,1988-02-03,2022-08-05,,Active,5,2,DEP05,Marketing,JOB10,Marketing Analyst,2025-08-01,21,19322.31,19322.31,0,0,0,0,3
EMP0121-2025-09,EMP0121,Jesús Nwagwu,Male,1988-02-03,2022-08-05,,Active,5,2,DEP05,Marketing,JOB10,Marketing Analyst,2025-09-01,22,19322.31,19322.31,0,0,0,13,3
EMP0121-2025-10,EMP0121,Jesús Nwagwu,Male,1988-02-03,2022-08-05,,Active,5,2,DEP05,Marketing,JOB10,Marketing Analyst,2025-10-01,23,19322.31,19322.31,916.54,0,2,0,3
EMP0121-2025-11,EMP0121,Jesús Nwagwu,Male,1988-02-03,2022-08-05,,Active,5,2,DEP05,Marketing,JOB10,Marketing Analyst,2025-11-01,20,19322.31,19322.31,0,0,0,2,3
EMP0121-2025-12,EMP0121,Jesús Nwagwu,Male,1988-02-03,2022-08-05,,Active,5,2,DEP05,Marketing,JOB10,Marketing Analyst,2025-12-01,23,19322.31,19322.31,0,25,2,4,4
EMP0122-2024-01,EMP0122,Ricardo Turangi,Male,1996-02-18,2024-01-04,,Active,3,1,DEP04,Sales,JOB07,Sales Executive,2024-01-01,20,9835.79,8552.86,0,10,0,0,4
EMP0122-2024-02,EMP0122,Ricardo Turangi,Male,1996-02-18,2024-01-04,,Active,3,1,DEP04,Sales,JOB07,Sales Executive,2024-02-01,21,9835.79,9835.79,0,0,1,3,4
EMP0122-2024-03,EMP0122,Ricardo Turangi,Male,1996-02-18,2024-01-04,,Active,3,1,DEP04,Sales,JOB07,Sales Executive,2024-03-01,21,9835.79,9835.79,0,33,0,2,3
EMP0122-2024-04,EMP0122,Ricardo Turangi,Male,1996-02-18,2024-01-04,,Active,3,1,DEP04,Sales,JOB07,Sales Executive,2024-04-01,22,9835.79,9835.79,0,0,0,0,3
EMP0122-2024-05,EMP0122,Ricardo Turangi,Male,1996-02-18,2024-01-04,,Active,3,1,DEP04,Sales,JOB07,Sales Executive,2024-05-01,23,9835.79,9835.79,264.88,6,3,0,3
EMP0122-2024-06,EMP0122,Ricardo Turangi,Male,1996-02-18,2024-01-04,,Active,3,1,DEP04,Sales,JOB07,Sales Executive,2024-06-01,20,9835.79,9835.79,0,8,0,0,3
EMP0122-2024-07,EMP0122,Ricardo Turangi,Male,1996-02-18,2024-01-04,,Active,3,1,DEP04,Sales,JOB07,Sales Executive,2024-07-01,23,9835.79,9835.79,0,30,0,0,3
EMP0122-2024-08,EMP0122,Ricardo Turangi,Male,1996-02-18,2024-01-04,,Active,3,1,DEP04,Sales,JOB07,Sales Executive,2024-08-01,22,9835.79,9835.79,0,0,0,4,4
EMP0122-2024-09,EMP0122,Ricardo Turangi,Male,1996-02-18,2024-01-04,,Active,3,1,DEP04,Sales,JOB07,Sales Executive,2024-09-01,21,9835.79,9835.79,1100.75,0,0,12,4
EMP0122-2024-10,EMP0122,Ricardo Turangi,Male,1996-02-18,2024-01-04,,Active,3,1,DEP04,Sales,JOB07,Sales Executive,2024-10-01,23,9835.79,9835.79,904.65,9,2,0,4
EMP0122-2024-11,EMP0122,Ricardo Turangi,Male,1996-02-18,2024-01-04,,Active,3,1,DEP04,Sales,JOB07,Sales Executive,2024-11-01,21,9835.79,9835.79,0,0,4,4,4
EMP0122-2024-12,EMP0122,Ricardo Turangi,Male,1996-02-18,2024-01-04,,Active,3,1,DEP04,Sales,JOB07,Sales Executive,2024-12-01,22,9835.79,9835.79,0,24,0,7,3
EMP0122-2025-01,EMP0122,Ricardo Turangi,Male,1996-02-18,2024-01-04,,Active,3,1,DEP04,Sales,JOB07,Sales Executive,2025-01-01,23,10692.71,10692.71,661.29,0,4,7,3
EMP0122-2025-02,EMP0122,Ricardo Turangi,Male,1996-02-18,2024-01-04,,Active,3,1,DEP04,Sales,JOB07,Sales Executive,2025-02-01,20,10692.71,10692.71,0,0,0,3,4
EMP0122-2025-03,EMP0122,Ricardo Turangi,Male,1996-02-18,2024-01-04,,Active,3,1,DEP04,Sales,JOB07,Sales Executive,2025-03-01,21,10692.71,10692.71,0,9,1,0,3
EMP0122-2025-04,EMP0122,Ricardo Turangi,Male,1996-02-18,2024-01-04,,Active,3,1,DEP04,Sales,JOB07,Sales Executive,2025-04-01,22,10692.71,10692.71,1602.34,0,0,7,4
EMP0122-2025-05,EMP0122,Ricardo Turangi,Male,1996-02-18,2024-01-04,,Active,3,1,DEP04,Sales,JOB07,Sales Executive,2025-05-01,22,10692.71,10692.71,0,5,0,10,3
EMP0122-2025-06,EMP0122,Ricardo Turangi,Male,1996-02-18,2024-01-04,,Active,3,1,DEP04,Sales,JOB07,Sales Executive,2025-06-01,21,10692.71,10692.71,1151.19,33,2,0,3
EMP0122-2025-07,EMP0122,Ricardo Turangi,Male,1996-02-18,2024-01-04,,Active,3,1,DEP04,Sales,JOB07,Sales Executive,2025-07-01,23,10692.71,10692.71,265.83,20,0,0,3
EMP0122-2025-08,EMP0122,Ricardo Turangi,Male,1996-02-18,2024-01-04,,Active,3,1,DEP04,Sales,JOB07,Sales Executive,2025-08-01,21,10692.71,10692.71,481.13,0,2,2,4
EMP0122-2025-09,EMP0122,Ricardo Turangi,Male,1996-02-18,2024-01-04,,Active,3,1,DEP04,Sales,JOB07,Sales Executive,2025-09-01,22,10692.71,10692.71,244.11,22,0,8,3
EMP0122-2025-10,EMP0122,Ricardo Turangi,Male,1996-02-18,2024-01-04,,Active,3,1,DEP04,Sales,JOB07,Sales Executive,2025-10-01,23,10692.71,10692.71,0,4,0,0,4
EMP0122-2025-11,EMP0122,Ricardo Turangi,Male,1996-02-18,2024-01-04,,Active,3,1,DEP04,Sales,JOB07,Sales Executive,2025-11-01,20,10692.71,10692.71,1098.91,0,3,0,4
EMP0122-2025-12,EMP0122,Ricardo Turangi,Male,1996-02-18,2024-01-04,,Active,3,1,DEP04,Sales,JOB07,Sales Executive,2025-12-01,23,10692.71,10692.71,0,1,0,6,3
EMP0123-2025-01,EMP0123,Atamyrat Bulatović,Male,2001-01-22,2025-01-20,,Active,0,1,DEP04,Sales,JOB08,Account Manager,2025-01-01,10,10429.39,4534.52,0,4,0,6,3
EMP0123-2025-02,EMP0123,Atamyrat Bulatović,Male,2001-01-22,2025-01-20,,Active,0,1,DEP04,Sales,JOB08,Account Manager,2025-02-01,20,10429.39,10429.39,724.74,8,0,13,4
EMP0123-2025-03,EMP0123,Atamyrat Bulatović,Male,2001-01-22,2025-01-20,,Active,0,1,DEP04,Sales,JOB08,Account Manager,2025-03-01,21,10429.39,10429.39,0,0,2,11,4
EMP0123-2025-04,EMP0123,Atamyrat Bulatović,Male,2001-01-22,2025-01-20,,Active,0,1,DEP04,Sales,JOB08,Account Manager,2025-04-01,22,10429.39,10429.39,1544.59,19,2,4,4
EMP0123-2025-05,EMP0123,Atamyrat Bulatović,Male,2001-01-22,2025-01-20,,Active,0,1,DEP04,Sales,JOB08,Account Manager,2025-05-01,22,10429.39,10429.39,684.38,24,0,1,4
EMP0123-2025-06,EMP0123,Atamyrat Bulatović,Male,2001-01-22,2025-01-20,,Active,0,1,DEP04,Sales,JOB08,Account Manager,2025-06-01,21,10429.39,10429.39,1386.81,0,3,7,4
EMP0123-2025-07,EMP0123,Atamyrat Bulatović,Male,2001-01-22,2025-01-20,,Active,0,1,DEP04,Sales,JOB08,Account Manager,2025-07-01,23,10429.39,10429.39,1033.09,0,0,0,4
EMP0123-2025-08,EMP0123,Atamyrat Bulatović,Male,2001-01-22,2025-01-20,,Active,0,1,DEP04,Sales,JOB08,Account Manager,2025-08-01,21,10429.39,10429.39,903.43,3,4,0,4
EMP0123-2025-09,EMP0123,Atamyrat Bulatović,Male,2001-01-22,2025-01-20,,Active,0,1,DEP04,Sales,JOB08,Account Manager,2025-09-01,22,10429.39,10429.39,0,4,2,0,4
EMP0123-2025-10,EMP0123,Atamyrat Bulatović,Male,2001-01-22,2025-01-20,,Active,0,1,DEP04,Sales,JOB08,Account Manager,2025-10-01,23,10429.39,10429.39,0,7,1,11,4
EMP0123-2025-11,EMP0123,Atamyrat Bulatović,Male,2001-01-22,2025-01-20,,Active,0,1,DEP04,Sales,JOB08,Account Manager,2025-11-01,20,10429.39,10429.39,0,38,4,0,4
EMP0123-2025-12,EMP0123,Atamyrat Bulatović,Male,2001-01-22,2025-01-20,,Active,0,1,DEP04,Sales,JOB08,Account Manager,2025-12-01,23,10429.39,10429.39,1368.81,4,0,0,4
EMP0124-2024-10,EMP0124,Roziya Lane,Female,1995-09-27,2024-10-28,2025-04-09,Left,3,2,DEP04,Sales,JOB07,Sales Executive,2024-10-01,4,13004.35,2261.63,273.03,0,0,0,4
EMP0124-2024-11,EMP0124,Roziya Lane,Female,1995-09-27,2024-10-28,2025-04-09,Left,3,2,DEP04,Sales,JOB07,Sales Executive,2024-11-01,21,13004.35,13004.35,485.35,24,4,0,4
EMP0124-2024-12,EMP0124,Roziya Lane,Female,1995-09-27,2024-10-28,2025-04-09,Left,3,2,DEP04,Sales,JOB07,Sales Executive,2024-12-01,22,13004.35,13004.35,1578.4,20,0,4,4
EMP0124-2025-01,EMP0124,Roziya Lane,Female,1995-09-27,2024-10-28,2025-04-09,Left,3,2,DEP04,Sales,JOB07,Sales Executive,2025-01-01,23,13980.02,13980.02,372.64,0,4,13,3
EMP0124-2025-02,EMP0124,Roziya Lane,Female,1995-09-27,2024-10-28,2025-04-09,Left,3,2,DEP04,Sales,JOB07,Sales Executive,2025-02-01,20,13980.02,13980.02,0,0,0,4,4
EMP0124-2025-03,EMP0124,Roziya Lane,Female,1995-09-27,2024-10-28,2025-04-09,Left,3,2,DEP04,Sales,JOB07,Sales Executive,2025-03-01,21,13980.02,13980.02,643.59,24,0,6,4
EMP0124-2025-04,EMP0124,Roziya Lane,Female,1995-09-27,2024-10-28,2025-04-09,Left,3,2,DEP04,Sales,JOB07,Sales Executive,2025-04-01,7,13980.02,4448.19,362.5,0,0,0,4
EMP0125-2024-09,EMP0125,Alison Emmanuel,Female,1986-07-22,2024-09-02,,Active,14,4,DEP03,Information Technology,JOB06,IT Support Specialist,2024-09-01,21,41417.65,41417.65,0,13,0,0,3
EMP0125-2024-10,EMP0125,Alison Emmanuel,Female,1986-07-22,2024-09-02,,Active,14,4,DEP03,Information Technology,JOB06,IT Support Specialist,2024-10-01,23,41417.65,41417.65,0,0,0,6,3
EMP0125-2024-11,EMP0125,Alison Emmanuel,Female,1986-07-22,2024-09-02,,Active,14,4,DEP03,Information Technology,JOB06,IT Support Specialist,2024-11-01,21,41417.65,41417.65,4018.64,8,0,1,3
EMP0125-2024-12,EMP0125,Alison Emmanuel,Female,1986-07-22,2024-09-02,,Active,14,4,DEP03,Information Technology,JOB06,IT Support Specialist,2024-12-01,22,41417.65,41417.65,0,0,0,0,3
EMP0125-2025-01,EMP0125,Alison Emmanuel,Female,1986-07-22,2024-09-02,,Active,14,4,DEP03,Information Technology,JOB06,IT Support Specialist,2025-01-01,23,45231.25,45231.25,4422.42,0,2,0,4
EMP0125-2025-02,EMP0125,Alison Emmanuel,Female,1986-07-22,2024-09-02,,Active,14,4,DEP03,Information Technology,JOB06,IT Support Specialist,2025-02-01,20,45231.25,45231.25,1671.9,0,0,3,4
EMP0125-2025-03,EMP0125,Alison Emmanuel,Female,1986-07-22,2024-09-02,,Active,14,4,DEP03,Information Technology,JOB06,IT Support Specialist,2025-03-01,21,45231.25,45231.25,0,10,3,4,3
EMP0125-2025-04,EMP0125,Alison Emmanuel,Female,1986-07-22,2024-09-02,,Active,14,4,DEP03,Information Technology,JOB06,IT Support Specialist,2025-04-01,22,45231.25,45231.25,0,0,1,0,3
EMP0125-2025-05,EMP0125,Alison Emmanuel,Female,1986-07-22,2024-09-02,,Active,14,4,DEP03,Information Technology,JOB06,IT Support Specialist,2025-05-01,22,45231.25,45231.25,4875.98,39,0,7,4
EMP0125-2025-06,EMP0125,Alison Emmanuel,Female,1986-07-22,2024-09-02,,Active,14,4,DEP03,Information Technology,JOB06,IT Support Specialist,2025-06-01,21,45231.25,45231.25,0,0,2,0,3
EMP0125-2025-07,EMP0125,Alison Emmanuel,Female,1986-07-22,2024-09-02,,Active,14,4,DEP03,Information Technology,JOB06,IT Support Specialist,2025-07-01,23,45231.25,45231.25,0,13,1,8,3
EMP0125-2025-08,EMP0125,Alison Emmanuel,Female,1986-07-22,2024-09-02,,Active,14,4,DEP03,Information Technology,JOB06,IT Support Specialist,2025-08-01,21,45231.25,45231.25,0,0,0,0,3
EMP0125-2025-09,EMP0125,Alison Emmanuel,Female,1986-07-22,2024-09-02,,Active,14,4,DEP03,Information Technology,JOB06,IT Support Specialist,2025-09-01,22,45231.25,45231.25,0,0,2,8,4
EMP0125-2025-10,EMP0125,Alison Emmanuel,Female,1986-07-22,2024-09-02,,Active,14,4,DEP03,Information Technology,JOB06,IT Support Specialist,2025-10-01,23,45231.25,45231.25,0,9,1,0,3
EMP0125-2025-11,EMP0125,Alison Emmanuel,Female,1986-07-22,2024-09-02,,Active,14,4,DEP03,Information Technology,JOB06,IT Support Specialist,2025-11-01,20,45231.25,45231.25,1256.62,2,3,7,4
EMP0125-2025-12,EMP0125,Alison Emmanuel,Female,1986-07-22,2024-09-02,,Active,14,4,DEP03,Information Technology,JOB06,IT Support Specialist,2025-12-01,23,45231.25,45231.25,0,14,1,8,3
EMP0126-2024-11,EMP0126,Ruolin Beache,Female,1977-01-08,2024-11-14,,Active,14,4,DEP01,Human Resources,JOB02,Recruiter,2024-11-01,12,33299.89,19028.51,0,7,0,14,3
EMP0126-2024-12,EMP0126,Ruolin Beache,Female,1977-01-08,2024-11-14,,Active,14,4,DEP01,Human Resources,JOB02,Recruiter,2024-12-01,22,33299.89,33299.89,0,0,1,2,3
EMP0126-2025-01,EMP0126,Ruolin Beache,Female,1977-01-08,2024-11-14,,Active,14,4,DEP01,Human Resources,JOB02,Recruiter,2025-01-01,23,36180.93,36180.93,5228.56,9,4,11,3
EMP0126-2025-02,EMP0126,Ruolin Beache,Female,1977-01-08,2024-11-14,,Active,14,4,DEP01,Human Resources,JOB02,Recruiter,2025-02-01,20,36180.93,36180.93,0,5,4,0,4
EMP0126-2025-03,EMP0126,Ruolin Beache,Female,1977-01-08,2024-11-14,,Active,14,4,DEP01,Human Resources,JOB02,Recruiter,2025-03-01,21,36180.93,36180.93,0,2,1,2,3
EMP0126-2025-04,EMP0126,Ruolin Beache,Female,1977-01-08,2024-11-14,,Active,14,4,DEP01,Human Resources,JOB02,Recruiter,2025-04-01,22,36180.93,36180.93,0,0,0,0,3
EMP0126-2025-05,EMP0126,Ruolin Beache,Female,1977-01-08,2024-11-14,,Active,14,4,DEP01,Human Resources,JOB02,Recruiter,2025-05-01,22,36180.93,36180.93,0,0,2,2,4
EMP0126-2025-06,EMP0126,Ruolin Beache,Female,1977-01-08,2024-11-14,,Active,14,4,DEP01,Human Resources,JOB02,Recruiter,2025-06-01,21,36180.93,36180.93,4680.13,18,0,4,4
EMP0126-2025-07,EMP0126,Ruolin Beache,Female,1977-01-08,2024-11-14,,Active,14,4,DEP01,Human Resources,JOB02,Recruiter,2025-07-01,23,36180.93,36180.93,0,12,4,0,3
EMP0126-2025-08,EMP0126,Ruolin Beache,Female,1977-01-08,2024-11-14,,Active,14,4,DEP01,Human Resources,JOB02,Recruiter,2025-08-01,21,36180.93,36180.93,1325.99,17,0,0,4
EMP0126-2025-09,EMP0126,Ruolin Beache,Female,1977-01-08,2024-11-14,,Active,14,4,DEP01,Human Resources,JOB02,Recruiter,2025-09-01,22,36180.93,36180.93,1332.4,5,0,0,5
EMP0126-2025-10,EMP0126,Ruolin Beache,Female,1977-01-08,2024-11-14,,Active,14,4,DEP01,Human Resources,JOB02,Recruiter,2025-10-01,23,36180.93,36180.93,0,0,4,3,3
EMP0126-2025-11,EMP0126,Ruolin Beache,Female,1977-01-08,2024-11-14,,Active,14,4,DEP01,Human Resources,JOB02,Recruiter,2025-11-01,20,36180.93,36180.93,0,0,0,8,3
EMP0126-2025-12,EMP0126,Ruolin Beache,Female,1977-01-08,2024-11-14,,Active,14,4,DEP01,Human Resources,JOB02,Recruiter,2025-12-01,23,36180.93,36180.93,4589.12,1,0,3,3
EMP0127-2024-01,EMP0127,Audrey De Guzman,Female,1981-10-20,2018-05-07,,Active,3,2,DEP06,Operations,JOB11,Operations Coordinator,2024-01-01,23,13688.69,13688.69,0,10,2,12,3
EMP0127-2024-02,EMP0127,Audrey De Guzman,Female,1981-10-20,2018-05-07,,Active,3,2,DEP06,Operations,JOB11,Operations Coordinator,2024-02-01,21,13688.69,13688.69,0,0,2,0,3
EMP0127-2024-03,EMP0127,Audrey De Guzman,Female,1981-10-20,2018-05-07,,Active,3,2,DEP06,Operations,JOB11,Operations Coordinator,2024-03-01,21,13688.69,13688.69,0,4,0,4,3
EMP0127-2024-04,EMP0127,Audrey De Guzman,Female,1981-10-20,2018-05-07,,Active,3,2,DEP06,Operations,JOB11,Operations Coordinator,2024-04-01,22,13688.69,13688.69,1273.44,24,0,1,3
EMP0127-2024-05,EMP0127,Audrey De Guzman,Female,1981-10-20,2018-05-07,,Active,3,2,DEP06,Operations,JOB11,Operations Coordinator,2024-05-01,23,13688.69,13688.69,801.54,1,1,0,2
EMP0127-2024-06,EMP0127,Audrey De Guzman,Female,1981-10-20,2018-05-07,,Active,3,2,DEP06,Operations,JOB11,Operations Coordinator,2024-06-01,20,13688.69,13688.69,837.24,0,3,0,3
EMP0127-2024-07,EMP0127,Audrey De Guzman,Female,1981-10-20,2018-05-07,,Active,3,2,DEP06,Operations,JOB11,Operations Coordinator,2024-07-01,23,13688.69,13688.69,0,22,0,0,3
EMP0127-2024-08,EMP0127,Audrey De Guzman,Female,1981-10-20,2018-05-07,,Active,3,2,DEP06,Operations,JOB11,Operations Coordinator,2024-08-01,22,13688.69,13688.69,1823.54,25,1,0,3
EMP0127-2024-09,EMP0127,Audrey De Guzman,Female,1981-10-20,2018-05-07,,Active,3,2,DEP06,Operations,JOB11,Operations Coordinator,2024-09-01,21,13688.69,13688.69,0,31,4,2,3
EMP0127-2024-10,EMP0127,Audrey De Guzman,Female,1981-10-20,2018-05-07,,Active,3,2,DEP06,Operations,JOB11,Operations Coordinator,2024-10-01,23,13688.69,13688.69,1854.23,19,0,0,3
EMP0127-2024-11,EMP0127,Audrey De Guzman,Female,1981-10-20,2018-05-07,,Active,3,2,DEP06,Operations,JOB11,Operations Coordinator,2024-11-01,21,13688.69,13688.69,1343.86,0,2,0,3
EMP0127-2024-12,EMP0127,Audrey De Guzman,Female,1981-10-20,2018-05-07,,Active,3,2,DEP06,Operations,JOB11,Operations Coordinator,2024-12-01,22,13688.69,13688.69,0,7,2,7,3
EMP0127-2025-01,EMP0127,Audrey De Guzman,Female,1981-10-20,2018-05-07,,Active,3,2,DEP06,Operations,JOB11,Operations Coordinator,2025-01-01,23,14785.3,14785.3,0,4,0,6,3
EMP0127-2025-02,EMP0127,Audrey De Guzman,Female,1981-10-20,2018-05-07,,Active,3,2,DEP06,Operations,JOB11,Operations Coordinator,2025-02-01,20,14785.3,14785.3,0,0,1,2,3
EMP0127-2025-03,EMP0127,Audrey De Guzman,Female,1981-10-20,2018-05-07,,Active,3,2,DEP06,Operations,JOB11,Operations Coordinator,2025-03-01,21,14785.3,14785.3,0,4,2,8,2
EMP0127-2025-04,EMP0127,Audrey De Guzman,Female,1981-10-20,2018-05-07,,Active,3,2,DEP06,Operations,JOB11,Operations Coordinator,2025-04-01,22,14785.3,14785.3,0,20,2,3,3
EMP0127-2025-05,EMP0127,Audrey De Guzman,Female,1981-10-20,2018-05-07,,Active,3,2,DEP06,Operations,JOB11,Operations Coordinator,2025-05-01,22,14785.3,14785.3,0,0,1,3,3
EMP0127-2025-06,EMP0127,Audrey De Guzman,Female,1981-10-20,2018-05-07,,Active,3,2,DEP06,Operations,JOB11,Operations Coordinator,2025-06-01,21,14785.3,14785.3,0,0,0,11,3
EMP0127-2025-07,EMP0127,Audrey De Guzman,Female,1981-10-20,2018-05-07,,Active,3,2,DEP06,Operations,JOB11,Operations Coordinator,2025-07-01,23,14785.3,14785.3,0,0,1,0,3
EMP0127-2025-08,EMP0127,Audrey De Guzman,Female,1981-10-20,2018-05-07,,Active,3,2,DEP06,Operations,JOB11,Operations Coordinator,2025-08-01,21,14785.3,14785.3,0,0,0,1,3
EMP0127-2025-09,EMP0127,Audrey De Guzman,Female,1981-10-20,2018-05-07,,Active,3,2,DEP06,Operations,JOB11,Operations Coordinator,2025-09-01,22,14785.3,14785.3,0,2,0,7,3
EMP0127-2025-10,EMP0127,Audrey De Guzman,Female,1981-10-20,2018-05-07,,Active,3,2,DEP06,Operations,JOB11,Operations Coordinator,2025-10-01,23,14785.3,14785.3,0,0,2,1,3
EMP0127-2025-11,EMP0127,Audrey De Guzman,Female,1981-10-20,2018-05-07,,Active,3,2,DEP06,Operations,JOB11,Operations Coordinator,2025-11-01,20,14785.3,14785.3,2105,13,3,5,3
EMP0127-2025-12,EMP0127,Audrey De Guzman,Female,1981-10-20,2018-05-07,,Active,3,2,DEP06,Operations,JOB11,Operations Coordinator,2025-12-01,23,14785.3,14785.3,0,12,1,1,2
EMP0128-2024-01,EMP0128,Susana Nacoulma,Female,1984-06-03,2022-05-28,2024-03-10,Left,1,1,DEP04,Sales,JOB08,Account Manager,2024-01-01,23,12362.9,12362.9,0,3,2,2,3
EMP0128-2024-02,EMP0128,Susana Nacoulma,Female,1984-06-03,2022-05-28,2024-03-10,Left,1,1,DEP04,Sales,JOB08,Account Manager,2024-02-01,21,12362.9,12362.9,648.4,14,0,16,3
EMP0128-2024-03,EMP0128,Susana Nacoulma,Female,1984-06-03,2022-05-28,2024-03-10,Left,1,1,DEP04,Sales,JOB08,Account Manager,2024-03-01,6,12362.9,3532.26,0,0,2,0,3
EMP0129-2024-08,EMP0129,Cheryl Paulin,Female,1994-10-12,2024-08-29,,Active,2,1,DEP05,Marketing,JOB09,Marketing Specialist,2024-08-01,2,9987.2,907.93,0,0,1,4,3
EMP0129-2024-09,EMP0129,Cheryl Paulin,Female,1994-10-12,2024-08-29,,Active,2,1,DEP05,Marketing,JOB09,Marketing Specialist,2024-09-01,21,9987.2,9987.2,0,0,1,0,3
EMP0129-2024-10,EMP0129,Cheryl Paulin,Female,1994-10-12,2024-08-29,,Active,2,1,DEP05,Marketing,JOB09,Marketing Specialist,2024-10-01,23,9987.2,9987.2,926.47,33,2,2,4
EMP0129-2024-11,EMP0129,Cheryl Paulin,Female,1994-10-12,2024-08-29,,Active,2,1,DEP05,Marketing,JOB09,Marketing Specialist,2024-11-01,21,9987.2,9987.2,0,4,1,0,3
EMP0129-2024-12,EMP0129,Cheryl Paulin,Female,1994-10-12,2024-08-29,,Active,2,1,DEP05,Marketing,JOB09,Marketing Specialist,2024-12-01,22,9987.2,9987.2,0,6,3,5,4
EMP0129-2025-01,EMP0129,Cheryl Paulin,Female,1994-10-12,2024-08-29,,Active,2,1,DEP05,Marketing,JOB09,Marketing Specialist,2025-01-01,23,10582.53,10582.53,0,6,2,16,3
EMP0129-2025-02,EMP0129,Cheryl Paulin,Female,1994-10-12,2024-08-29,,Active,2,1,DEP05,Marketing,JOB09,Marketing Specialist,2025-02-01,20,10582.53,10582.53,1303.27,0,1,4,4
EMP0129-2025-03,EMP0129,Cheryl Paulin,Female,1994-10-12,2024-08-29,,Active,2,1,DEP05,Marketing,JOB09,Marketing Specialist,2025-03-01,21,10582.53,10582.53,492.89,2,0,4,3
EMP0129-2025-04,EMP0129,Cheryl Paulin,Female,1994-10-12,2024-08-29,,Active,2,1,DEP05,Marketing,JOB09,Marketing Specialist,2025-04-01,22,10582.53,10582.53,0,18,0,0,4
EMP0129-2025-05,EMP0129,Cheryl Paulin,Female,1994-10-12,2024-08-29,,Active,2,1,DEP05,Marketing,JOB09,Marketing Specialist,2025-05-01,22,10582.53,10582.53,0,3,1,0,3
EMP0129-2025-06,EMP0129,Cheryl Paulin,Female,1994-10-12,2024-08-29,,Active,2,1,DEP05,Marketing,JOB09,Marketing Specialist,2025-06-01,21,10582.53,10582.53,1520.1,0,0,0,3
EMP0129-2025-07,EMP0129,Cheryl Paulin,Female,1994-10-12,2024-08-29,,Active,2,1,DEP05,Marketing,JOB09,Marketing Specialist,2025-07-01,23,10582.53,10582.53,0,20,0,4,3
EMP0129-2025-08,EMP0129,Cheryl Paulin,Female,1994-10-12,2024-08-29,,Active,2,1,DEP05,Marketing,JOB09,Marketing Specialist,2025-08-01,21,10582.53,10582.53,0,5,1,3,3
EMP0129-2025-09,EMP0129,Cheryl Paulin,Female,1994-10-12,2024-08-29,,Active,2,1,DEP05,Marketing,JOB09,Marketing Specialist,2025-09-01,22,10582.53,10582.53,798.25,0,1,0,4
EMP0129-2025-10,EMP0129,Cheryl Paulin,Female,1994-10-12,2024-08-29,,Active,2,1,DEP05,Marketing,JOB09,Marketing Specialist,2025-10-01,23,10582.53,10582.53,0,5,1,0,3
EMP0129-2025-11,EMP0129,Cheryl Paulin,Female,1994-10-12,2024-08-29,,Active,2,1,DEP05,Marketing,JOB09,Marketing Specialist,2025-11-01,20,10582.53,10582.53,280.87,0,2,3,3
EMP0129-2025-12,EMP0129,Cheryl Paulin,Female,1994-10-12,2024-08-29,,Active,2,1,DEP05,Marketing,JOB09,Marketing Specialist,2025-12-01,23,10582.53,10582.53,0,4,0,0,3
EMP0130-2024-01,EMP0130,Veronika Seghrouchni,Female,1979-08-25,2020-01-09,,Active,17,4,DEP01,Human Resources,JOB02,Recruiter,2024-01-01,23,42759.72,42759.72,0,0,0,3,4
EMP0130-2024-02,EMP0130,Veronika Seghrouchni,Female,1979-08-25,2020-01-09,,Active,17,4,DEP01,Human Resources,JOB02,Recruiter,2024-02-01,21,42759.72,42759.72,0,0,1,0,5
EMP0130-2024-03,EMP0130,Veronika Seghrouchni,Female,1979-08-25,2020-01-09,,Active,17,4,DEP01,Human Resources,JOB02,Recruiter,2024-03-01,21,42759.72,42759.72,0,3,2,0,4
EMP0130-2024-04,EMP0130,Veronika Seghrouchni,Female,1979-08-25,2020-01-09,,Active,17,4,DEP01,Human Resources,JOB02,Recruiter,2024-04-01,22,42759.72,42759.72,0,0,0,3,4
EMP0130-2024-05,EMP0130,Veronika Seghrouchni,Female,1979-08-25,2020-01-09,,Active,17,4,DEP01,Human Resources,JOB02,Recruiter,2024-05-01,23,42759.72,42759.72,0,2,0,5,4
EMP0130-2024-06,EMP0130,Veronika Seghrouchni,Female,1979-08-25,2020-01-09,,Active,17,4,DEP01,Human Resources,JOB02,Recruiter,2024-06-01,20,42759.72,42759.72,3674.16,10,1,3,4
EMP0130-2024-07,EMP0130,Veronika Seghrouchni,Female,1979-08-25,2020-01-09,,Active,17,4,DEP01,Human Resources,JOB02,Recruiter,2024-07-01,23,42759.72,42759.72,0,16,3,1,4
EMP0130-2024-08,EMP0130,Veronika Seghrouchni,Female,1979-08-25,2020-01-09,,Active,17,4,DEP01,Human Resources,JOB02,Recruiter,2024-08-01,22,42759.72,42759.72,0,1,1,1,4
EMP0130-2024-09,EMP0130,Veronika Seghrouchni,Female,1979-08-25,2020-01-09,,Active,17,4,DEP01,Human Resources,JOB02,Recruiter,2024-09-01,21,42759.72,42759.72,0,15,0,0,3
EMP0130-2024-10,EMP0130,Veronika Seghrouchni,Female,1979-08-25,2020-01-09,,Active,17,4,DEP01,Human Resources,JOB02,Recruiter,2024-10-01,23,42759.72,42759.72,1074.26,0,0,5,4
EMP0130-2024-11,EMP0130,Veronika Seghrouchni,Female,1979-08-25,2020-01-09,,Active,17,4,DEP01,Human Resources,JOB02,Recruiter,2024-11-01,21,42759.72,42759.72,2050.16,5,1,10,4
EMP0130-2024-12,EMP0130,Veronika Seghrouchni,Female,1979-08-25,2020-01-09,,Active,17,4,DEP01,Human Resources,JOB02,Recruiter,2024-12-01,22,42759.72,42759.72,0,31,2,7,4
EMP0130-2025-01,EMP0130,Veronika Seghrouchni,Female,1979-08-25,2020-01-09,,Active,17,4,DEP01,Human Resources,JOB02,Recruiter,2025-01-01,23,45567.6,45567.6,4495.99,6,0,2,4
EMP0130-2025-02,EMP0130,Veronika Seghrouchni,Female,1979-08-25,2020-01-09,,Active,17,4,DEP01,Human Resources,JOB02,Recruiter,2025-02-01,20,45567.6,45567.6,0,0,0,0,3
EMP0130-2025-03,EMP0130,Veronika Seghrouchni,Female,1979-08-25,2020-01-09,,Active,17,4,DEP01,Human Resources,JOB02,Recruiter,2025-03-01,21,45567.6,45567.6,0,0,1,0,3
EMP0130-2025-04,EMP0130,Veronika Seghrouchni,Female,1979-08-25,2020-01-09,,Active,17,4,DEP01,Human Resources,JOB02,Recruiter,2025-04-01,22,45567.6,45567.6,5703.4,0,0,0,4
EMP0130-2025-05,EMP0130,Veronika Seghrouchni,Female,1979-08-25,2020-01-09,,Active,17,4,DEP01,Human Resources,JOB02,Recruiter,2025-05-01,22,45567.6,45567.6,0,6,0,7,4
EMP0130-2025-06,EMP0130,Veronika Seghrouchni,Female,1979-08-25,2020-01-09,,Active,17,4,DEP01,Human Resources,JOB02,Recruiter,2025-06-01,21,45567.6,45567.6,0,22,0,2,4
EMP0130-2025-07,EMP0130,Veronika Seghrouchni,Female,1979-08-25,2020-01-09,,Active,17,4,DEP01,Human Resources,JOB02,Recruiter,2025-07-01,23,45567.6,45567.6,0,10,2,0,3
EMP0130-2025-08,EMP0130,Veronika Seghrouchni,Female,1979-08-25,2020-01-09,,Active,17,4,DEP01,Human Resources,JOB02,Recruiter,2025-08-01,21,45567.6,45567.6,0,35,2,0,4
EMP0130-2025-09,EMP0130,Veronika Seghrouchni,Female,1979-08-25,2020-01-09,,Active,17,4,DEP01,Human Resources,JOB02,Recruiter,2025-09-01,22,45567.6,45567.6,0,7,1,0,4
EMP0130-2025-10,EMP0130,Veronika Seghrouchni,Female,1979-08-25,2020-01-09,,Active,17,4,DEP01,Human Resources,JOB02,Recruiter,2025-10-01,23,45567.6,45567.6,0,9,0,0,3
EMP0130-2025-11,EMP0130,Veronika Seghrouchni,Female,1979-08-25,2020-01-09,,Active,17,4,DEP01,Human Resources,JOB02,Recruiter,2025-11-01,20,45567.6,45567.6,6815.87,26,0,6,5
EMP0130-2025-12,EMP0130,Veronika Seghrouchni,Female,1979-08-25,2020-01-09,,Active,17,4,DEP01,Human Resources,JOB02,Recruiter,2025-12-01,23,45567.6,45567.6,6050.71,1,3,1,4
EMP0131-2024-01,EMP0131,Javier Paynter,Male,1985-06-22,2021-08-04,2025-03-08,Left,2,2,DEP03,Information Technology,JOB06,IT Support Specialist,2024-01-01,23,16530.51,16530.51,0,9,0,3,3
EMP0131-2024-02,EMP0131,Javier Paynter,Male,1985-06-22,2021-08-04,2025-03-08,Left,2,2,DEP03,Information Technology,JOB06,IT Support Specialist,2024-02-01,21,16530.51,16530.51,0,7,1,0,3
EMP0131-2024-03,EMP0131,Javier Paynter,Male,1985-06-22,2021-08-04,2025-03-08,Left,2,2,DEP03,Information Technology,JOB06,IT Support Specialist,2024-03-01,21,16530.51,16530.51,0,21,4,6,4
EMP0131-2024-04,EMP0131,Javier Paynter,Male,1985-06-22,2021-08-04,2025-03-08,Left,2,2,DEP03,Information Technology,JOB06,IT Support Specialist,2024-04-01,22,16530.51,16530.51,1254.34,0,0,0,5
EMP0131-2024-05,EMP0131,Javier Paynter,Male,1985-06-22,2021-08-04,2025-03-08,Left,2,2,DEP03,Information Technology,JOB06,IT Support Specialist,2024-05-01,23,16530.51,16530.51,0,5,2,4,4
EMP0131-2024-06,EMP0131,Javier Paynter,Male,1985-06-22,2021-08-04,2025-03-08,Left,2,2,DEP03,Information Technology,JOB06,IT Support Specialist,2024-06-01,20,16530.51,16530.51,0,0,0,16,4
EMP0131-2024-07,EMP0131,Javier Paynter,Male,1985-06-22,2021-08-04,2025-03-08,Left,2,2,DEP03,Information Technology,JOB06,IT Support Specialist,2024-07-01,23,16530.51,16530.51,414.41,2,2,0,4
EMP0131-2024-08,EMP0131,Javier Paynter,Male,1985-06-22,2021-08-04,2025-03-08,Left,2,2,DEP03,Information Technology,JOB06,IT Support Specialist,2024-08-01,22,16530.51,16530.51,2460.16,8,3,1,4
EMP0131-2024-09,EMP0131,Javier Paynter,Male,1985-06-22,2021-08-04,2025-03-08,Left,2,2,DEP03,Information Technology,JOB06,IT Support Specialist,2024-09-01,21,16530.51,16530.51,2003.24,25,0,5,4
EMP0131-2024-10,EMP0131,Javier Paynter,Male,1985-06-22,2021-08-04,2025-03-08,Left,2,2,DEP03,Information Technology,JOB06,IT Support Specialist,2024-10-01,23,16530.51,16530.51,2393.86,0,0,10,2
EMP0131-2024-11,EMP0131,Javier Paynter,Male,1985-06-22,2021-08-04,2025-03-08,Left,2,2,DEP03,Information Technology,JOB06,IT Support Specialist,2024-11-01,21,16530.51,16530.51,0,0,2,0,3
EMP0131-2024-12,EMP0131,Javier Paynter,Male,1985-06-22,2021-08-04,2025-03-08,Left,2,2,DEP03,Information Technology,JOB06,IT Support Specialist,2024-12-01,22,16530.51,16530.51,0,10,4,1,3
EMP0131-2025-01,EMP0131,Javier Paynter,Male,1985-06-22,2021-08-04,2025-03-08,Left,2,2,DEP03,Information Technology,JOB06,IT Support Specialist,2025-01-01,23,17627.79,17627.79,0,3,1,1,3
EMP0131-2025-02,EMP0131,Javier Paynter,Male,1985-06-22,2021-08-04,2025-03-08,Left,2,2,DEP03,Information Technology,JOB06,IT Support Specialist,2025-02-01,20,17627.79,17627.79,1600.25,0,3,0,3
EMP0131-2025-03,EMP0131,Javier Paynter,Male,1985-06-22,2021-08-04,2025-03-08,Left,2,2,DEP03,Information Technology,JOB06,IT Support Specialist,2025-03-01,5,17627.79,4197.09,350.85,4,2,2,3
EMP0132-2024-01,EMP0132,Sonia Al Mazrouei,Female,1982-04-04,2018-11-13,,Active,4,2,DEP06,Operations,JOB11,Operations Coordinator,2024-01-01,23,15149.45,15149.45,0,33,2,0,2
EMP0132-2024-02,EMP0132,Sonia Al Mazrouei,Female,1982-04-04,2018-11-13,,Active,4,2,DEP06,Operations,JOB11,Operations Coordinator,2024-02-01,21,15149.45,15149.45,0,0,4,8,4
EMP0132-2024-03,EMP0132,Sonia Al Mazrouei,Female,1982-04-04,2018-11-13,,Active,4,2,DEP06,Operations,JOB11,Operations Coordinator,2024-03-01,21,15149.45,15149.45,679.7,7,2,1,3
EMP0132-2024-04,EMP0132,Sonia Al Mazrouei,Female,1982-04-04,2018-11-13,,Active,4,2,DEP06,Operations,JOB11,Operations Coordinator,2024-04-01,22,15149.45,15149.45,0,30,1,0,3
EMP0132-2024-05,EMP0132,Sonia Al Mazrouei,Female,1982-04-04,2018-11-13,,Active,4,2,DEP06,Operations,JOB11,Operations Coordinator,2024-05-01,23,15149.45,15149.45,0,0,0,0,4
EMP0132-2024-06,EMP0132,Sonia Al Mazrouei,Female,1982-04-04,2018-11-13,,Active,4,2,DEP06,Operations,JOB11,Operations Coordinator,2024-06-01,20,15149.45,15149.45,0,16,0,0,3
EMP0132-2024-07,EMP0132,Sonia Al Mazrouei,Female,1982-04-04,2018-11-13,,Active,4,2,DEP06,Operations,JOB11,Operations Coordinator,2024-07-01,23,15149.45,15149.45,0,0,0,13,3
EMP0132-2024-08,EMP0132,Sonia Al Mazrouei,Female,1982-04-04,2018-11-13,,Active,4,2,DEP06,Operations,JOB11,Operations Coordinator,2024-08-01,22,15149.45,15149.45,0,8,0,0,2
EMP0132-2024-09,EMP0132,Sonia Al Mazrouei,Female,1982-04-04,2018-11-13,,Active,4,2,DEP06,Operations,JOB11,Operations Coordinator,2024-09-01,21,15149.45,15149.45,0,9,0,3,4
EMP0132-2024-10,EMP0132,Sonia Al Mazrouei,Female,1982-04-04,2018-11-13,,Active,4,2,DEP06,Operations,JOB11,Operations Coordinator,2024-10-01,23,15149.45,15149.45,0,4,4,14,3
EMP0132-2024-11,EMP0132,Sonia Al Mazrouei,Female,1982-04-04,2018-11-13,,Active,4,2,DEP06,Operations,JOB11,Operations Coordinator,2024-11-01,21,15149.45,15149.45,2074.59,0,1,0,3
EMP0132-2024-12,EMP0132,Sonia Al Mazrouei,Female,1982-04-04,2018-11-13,,Active,4,2,DEP06,Operations,JOB11,Operations Coordinator,2024-12-01,22,15149.45,15149.45,0,2,3,0,2
EMP0132-2025-01,EMP0132,Sonia Al Mazrouei,Female,1982-04-04,2018-11-13,,Active,4,2,DEP06,Operations,JOB11,Operations Coordinator,2025-01-01,23,15850.17,15850.17,0,7,1,0,2
EMP0132-2025-02,EMP0132,Sonia Al Mazrouei,Female,1982-04-04,2018-11-13,,Active,4,2,DEP06,Operations,JOB11,Operations Coordinator,2025-02-01,20,15850.17,15850.17,0,7,0,3,3
EMP0132-2025-03,EMP0132,Sonia Al Mazrouei,Female,1982-04-04,2018-11-13,,Active,4,2,DEP06,Operations,JOB11,Operations Coordinator,2025-03-01,21,15850.17,15850.17,0,5,1,0,3
EMP0132-2025-04,EMP0132,Sonia Al Mazrouei,Female,1982-04-04,2018-11-13,,Active,4,2,DEP06,Operations,JOB11,Operations Coordinator,2025-04-01,22,15850.17,15850.17,2105.88,0,0,5,4
EMP0132-2025-05,EMP0132,Sonia Al Mazrouei,Female,1982-04-04,2018-11-13,,Active,4,2,DEP06,Operations,JOB11,Operations Coordinator,2025-05-01,22,15850.17,15850.17,367.07,3,2,0,3
EMP0132-2025-06,EMP0132,Sonia Al Mazrouei,Female,1982-04-04,2018-11-13,,Active,4,2,DEP06,Operations,JOB11,Operations Coordinator,2025-06-01,21,15850.17,15850.17,0,0,2,3,3
EMP0132-2025-07,EMP0132,Sonia Al Mazrouei,Female,1982-04-04,2018-11-13,,Active,4,2,DEP06,Operations,JOB11,Operations Coordinator,2025-07-01,23,15850.17,15850.17,0,0,4,8,3
EMP0132-2025-08,EMP0132,Sonia Al Mazrouei,Female,1982-04-04,2018-11-13,,Active,4,2,DEP06,Operations,JOB11,Operations Coordinator,2025-08-01,21,15850.17,15850.17,0,4,2,0,3
EMP0132-2025-09,EMP0132,Sonia Al Mazrouei,Female,1982-04-04,2018-11-13,,Active,4,2,DEP06,Operations,JOB11,Operations Coordinator,2025-09-01,22,15850.17,15850.17,0,6,0,0,3
EMP0132-2025-10,EMP0132,Sonia Al Mazrouei,Female,1982-04-04,2018-11-13,,Active,4,2,DEP06,Operations,JOB11,Operations Coordinator,2025-10-01,23,15850.17,15850.17,0,9,1,12,3
EMP0132-2025-11,EMP0132,Sonia Al Mazrouei,Female,1982-04-04,2018-11-13,,Active,4,2,DEP06,Operations,JOB11,Operations Coordinator,2025-11-01,20,15850.17,15850.17,0,5,3,0,3
EMP0132-2025-12,EMP0132,Sonia Al Mazrouei,Female,1982-04-04,2018-11-13,,Active,4,2,DEP06,Operations,JOB11,Operations Coordinator,2025-12-01,23,15850.17,15850.17,0,0,1,0,3
EMP0133-2024-01,EMP0133,Josefina Zekalashvili,Female,1995-02-22,2018-03-29,,Active,2,2,DEP03,Information Technology,JOB05,Software Engineer,2024-01-01,23,16833.15,16833.15,0,28,0,0,4
EMP0133-2024-02,EMP0133,Josefina Zekalashvili,Female,1995-02-22,2018-03-29,,Active,2,2,DEP03,Information Technology,JOB05,Software Engineer,2024-02-01,21,16833.15,16833.15,0,2,0,0,4
EMP0133-2024-03,EMP0133,Josefina Zekalashvili,Female,1995-02-22,2018-03-29,,Active,2,2,DEP03,Information Technology,JOB05,Software Engineer,2024-03-01,21,16833.15,16833.15,1448.87,32,1,14,4
EMP0133-2024-04,EMP0133,Josefina Zekalashvili,Female,1995-02-22,2018-03-29,,Active,2,2,DEP03,Information Technology,JOB05,Software Engineer,2024-04-01,22,16833.15,16833.15,0,0,2,0,4
EMP0133-2024-05,EMP0133,Josefina Zekalashvili,Female,1995-02-22,2018-03-29,,Active,2,2,DEP03,Information Technology,JOB05,Software Engineer,2024-05-01,23,16833.15,16833.15,0,10,2,13,4
EMP0133-2024-06,EMP0133,Josefina Zekalashvili,Female,1995-02-22,2018-03-29,,Active,2,2,DEP03,Information Technology,JOB05,Software Engineer,2024-06-01,20,16833.15,16833.15,0,0,1,12,4
EMP0133-2024-07,EMP0133,Josefina Zekalashvili,Female,1995-02-22,2018-03-29,,Active,2,2,DEP03,Information Technology,JOB05,Software Engineer,2024-07-01,23,16833.15,16833.15,0,25,0,6,4
EMP0133-2024-08,EMP0133,Josefina Zekalashvili,Female,1995-02-22,2018-03-29,,Active,2,2,DEP03,Information Technology,JOB05,Software Engineer,2024-08-01,22,16833.15,16833.15,0,7,0,12,4
EMP0133-2024-09,EMP0133,Josefina Zekalashvili,Female,1995-02-22,2018-03-29,,Active,2,2,DEP03,Information Technology,JOB05,Software Engineer,2024-09-01,21,16833.15,16833.15,0,0,1,6,4
EMP0133-2024-10,EMP0133,Josefina Zekalashvili,Female,1995-02-22,2018-03-29,,Active,2,2,DEP03,Information Technology,JOB05,Software Engineer,2024-10-01,23,16833.15,16833.15,0,6,2,0,4
EMP0133-2024-11,EMP0133,Josefina Zekalashvili,Female,1995-02-22,2018-03-29,,Active,2,2,DEP03,Information Technology,JOB05,Software Engineer,2024-11-01,21,16833.15,16833.15,0,0,1,3,4
EMP0133-2024-12,EMP0133,Josefina Zekalashvili,Female,1995-02-22,2018-03-29,,Active,2,2,DEP03,Information Technology,JOB05,Software Engineer,2024-12-01,22,16833.15,16833.15,0,0,0,12,4
EMP0133-2025-01,EMP0133,Josefina Zekalashvili,Female,1995-02-22,2018-03-29,,Active,2,2,DEP03,Information Technology,JOB05,Software Engineer,2025-01-01,23,18178.54,18178.54,1152.61,10,1,16,5
EMP0133-2025-02,EMP0133,Josefina Zekalashvili,Female,1995-02-22,2018-03-29,,Active,2,2,DEP03,Information Technology,JOB05,Software Engineer,2025-02-01,20,18178.54,18178.54,0,2,0,0,4
EMP0133-2025-03,EMP0133,Josefina Zekalashvili,Female,1995-02-22,2018-03-29,,Active,2,2,DEP03,Information Technology,JOB05,Software Engineer,2025-03-01,21,18178.54,18178.54,0,0,2,0,4
EMP0133-2025-04,EMP0133,Josefina Zekalashvili,Female,1995-02-22,2018-03-29,,Active,2,2,DEP03,Information Technology,JOB05,Software Engineer,2025-04-01,22,18178.54,18178.54,0,7,0,0,4
EMP0133-2025-05,EMP0133,Josefina Zekalashvili,Female,1995-02-22,2018-03-29,,Active,2,2,DEP03,Information Technology,JOB05,Software Engineer,2025-05-01,22,18178.54,18178.54,0,7,2,0,4
EMP0133-2025-06,EMP0133,Josefina Zekalashvili,Female,1995-02-22,2018-03-29,,Active,2,2,DEP03,Information Technology,JOB05,Software Engineer,2025-06-01,21,18178.54,18178.54,0,0,0,0,3
EMP0133-2025-07,EMP0133,Josefina Zekalashvili,Female,1995-02-22,2018-03-29,,Active,2,2,DEP03,Information Technology,JOB05,Software Engineer,2025-07-01,23,18178.54,18178.54,0,36,2,5,4
EMP0133-2025-08,EMP0133,Josefina Zekalashvili,Female,1995-02-22,2018-03-29,,Active,2,2,DEP03,Information Technology,JOB05,Software Engineer,2025-08-01,21,18178.54,18178.54,0,21,1,0,3
EMP0133-2025-09,EMP0133,Josefina Zekalashvili,Female,1995-02-22,2018-03-29,,Active,2,2,DEP03,Information Technology,JOB05,Software Engineer,2025-09-01,22,18178.54,18178.54,0,0,0,0,4
EMP0133-2025-10,EMP0133,Josefina Zekalashvili,Female,1995-02-22,2018-03-29,,Active,2,2,DEP03,Information Technology,JOB05,Software Engineer,2025-10-01,23,18178.54,18178.54,0,0,0,7,4
EMP0133-2025-11,EMP0133,Josefina Zekalashvili,Female,1995-02-22,2018-03-29,,Active,2,2,DEP03,Information Technology,JOB05,Software Engineer,2025-11-01,20,18178.54,18178.54,2042.47,0,0,14,4
EMP0133-2025-12,EMP0133,Josefina Zekalashvili,Female,1995-02-22,2018-03-29,,Active,2,2,DEP03,Information Technology,JOB05,Software Engineer,2025-12-01,23,18178.54,18178.54,2454.85,1,0,8,4
EMP0134-2024-03,EMP0134,Aco Arguedas,Male,1991-10-10,2024-03-29,2025-05-14,Left,10,3,DEP04,Sales,JOB07,Sales Executive,2024-03-01,1,29988.54,1428.03,0,0,0,0,3
EMP0134-2024-04,EMP0134,Aco Arguedas,Male,1991-10-10,2024-03-29,2025-05-14,Left,10,3,DEP04,Sales,JOB07,Sales Executive,2024-04-01,22,29988.54,29988.54,0,18,0,3,3
EMP0134-2024-05,EMP0134,Aco Arguedas,Male,1991-10-10,2024-03-29,2025-05-14,Left,10,3,DEP04,Sales,JOB07,Sales Executive,2024-05-01,23,29988.54,29988.54,0,7,1,6,4
EMP0134-2024-06,EMP0134,Aco Arguedas,Male,1991-10-10,2024-03-29,2025-05-14,Left,10,3,DEP04,Sales,JOB07,Sales Executive,2024-06-01,20,29988.54,29988.54,0,0,0,0,3
EMP0134-2024-07,EMP0134,Aco Arguedas,Male,1991-10-10,2024-03-29,2025-05-14,Left,10,3,DEP04,Sales,JOB07,Sales Executive,2024-07-01,23,29988.54,29988.54,0,18,1,6,3
EMP0134-2024-08,EMP0134,Aco Arguedas,Male,1991-10-10,2024-03-29,2025-05-14,Left,10,3,DEP04,Sales,JOB07,Sales Executive,2024-08-01,22,29988.54,29988.54,929.38,4,3,4,3
EMP0134-2024-09,EMP0134,Aco Arguedas,Male,1991-10-10,2024-03-29,2025-05-14,Left,10,3,DEP04,Sales,JOB07,Sales Executive,2024-09-01,21,29988.54,29988.54,0,0,4,10,4
EMP0134-2024-10,EMP0134,Aco Arguedas,Male,1991-10-10,2024-03-29,2025-05-14,Left,10,3,DEP04,Sales,JOB07,Sales Executive,2024-10-01,23,29988.54,29988.54,1642.63,1,1,8,3
EMP0134-2024-11,EMP0134,Aco Arguedas,Male,1991-10-10,2024-03-29,2025-05-14,Left,10,3,DEP04,Sales,JOB07,Sales Executive,2024-11-01,21,29988.54,29988.54,0,18,4,0,3
EMP0134-2024-12,EMP0134,Aco Arguedas,Male,1991-10-10,2024-03-29,2025-05-14,Left,10,3,DEP04,Sales,JOB07,Sales Executive,2024-12-01,22,29988.54,29988.54,0,2,2,8,3
EMP0134-2025-01,EMP0134,Aco Arguedas,Male,1991-10-10,2024-03-29,2025-05-14,Left,10,3,DEP04,Sales,JOB07,Sales Executive,2025-01-01,23,31284.05,31284.05,0,5,0,0,3
EMP0134-2025-02,EMP0134,Aco Arguedas,Male,1991-10-10,2024-03-29,2025-05-14,Left,10,3,DEP04,Sales,JOB07,Sales Executive,2025-02-01,20,31284.05,31284.05,4213.19,4,0,0,3
EMP0134-2025-03,EMP0134,Aco Arguedas,Male,1991-10-10,2024-03-29,2025-05-14,Left,10,3,DEP04,Sales,JOB07,Sales Executive,2025-03-01,21,31284.05,31284.05,2269.68,2,0,1,4
EMP0134-2025-04,EMP0134,Aco Arguedas,Male,1991-10-10,2024-03-29,2025-05-14,Left,10,3,DEP04,Sales,JOB07,Sales Executive,2025-04-01,22,31284.05,31284.05,0,2,2,0,3
EMP0134-2025-05,EMP0134,Aco Arguedas,Male,1991-10-10,2024-03-29,2025-05-14,Left,10,3,DEP04,Sales,JOB07,Sales Executive,2025-05-01,10,31284.05,14220.02,1100.62,10,0,2,3
EMP0135-2024-01,EMP0135,Owen Nghiêm,Male,1988-08-16,2019-04-23,,Active,6,2,DEP04,Sales,JOB08,Account Manager,2024-01-01,23,16445.79,16445.79,0,12,0,0,3
EMP0135-2024-02,EMP0135,Owen Nghiêm,Male,1988-08-16,2019-04-23,,Active,6,2,DEP04,Sales,JOB08,Account Manager,2024-02-01,21,16445.79,16445.79,1635.8,27,1,0,4
EMP0135-2024-03,EMP0135,Owen Nghiêm,Male,1988-08-16,2019-04-23,,Active,6,2,DEP04,Sales,JOB08,Account Manager,2024-03-01,21,16445.79,16445.79,578.03,0,0,6,3
EMP0135-2024-04,EMP0135,Owen Nghiêm,Male,1988-08-16,2019-04-23,,Active,6,2,DEP04,Sales,JOB08,Account Manager,2024-04-01,22,16445.79,16445.79,2010.05,1,2,14,4
EMP0135-2024-05,EMP0135,Owen Nghiêm,Male,1988-08-16,2019-04-23,,Active,6,2,DEP04,Sales,JOB08,Account Manager,2024-05-01,23,16445.79,16445.79,2384.41,32,2,3,4
EMP0135-2024-06,EMP0135,Owen Nghiêm,Male,1988-08-16,2019-04-23,,Active,6,2,DEP04,Sales,JOB08,Account Manager,2024-06-01,20,16445.79,16445.79,886.74,0,3,0,4
EMP0135-2024-07,EMP0135,Owen Nghiêm,Male,1988-08-16,2019-04-23,,Active,6,2,DEP04,Sales,JOB08,Account Manager,2024-07-01,23,16445.79,16445.79,0,0,0,0,3
EMP0135-2024-08,EMP0135,Owen Nghiêm,Male,1988-08-16,2019-04-23,,Active,6,2,DEP04,Sales,JOB08,Account Manager,2024-08-01,22,16445.79,16445.79,0,0,1,0,4
EMP0135-2024-09,EMP0135,Owen Nghiêm,Male,1988-08-16,2019-04-23,,Active,6,2,DEP04,Sales,JOB08,Account Manager,2024-09-01,21,16445.79,16445.79,0,0,0,0,3
EMP0135-2024-10,EMP0135,Owen Nghiêm,Male,1988-08-16,2019-04-23,,Active,6,2,DEP04,Sales,JOB08,Account Manager,2024-10-01,23,16445.79,16445.79,1205.99,33,2,0,4
EMP0135-2024-11,EMP0135,Owen Nghiêm,Male,1988-08-16,2019-04-23,,Active,6,2,DEP04,Sales,JOB08,Account Manager,2024-11-01,21,16445.79,16445.79,0,33,0,4,3
EMP0135-2024-12,EMP0135,Owen Nghiêm,Male,1988-08-16,2019-04-23,,Active,6,2,DEP04,Sales,JOB08,Account Manager,2024-12-01,22,16445.79,16445.79,0,9,4,7,4
EMP0135-2025-01,EMP0135,Owen Nghiêm,Male,1988-08-16,2019-04-23,,Active,6,2,DEP04,Sales,JOB08,Account Manager,2025-01-01,23,17783.63,17783.63,0,8,2,0,3
EMP0135-2025-02,EMP0135,Owen Nghiêm,Male,1988-08-16,2019-04-23,,Active,6,2,DEP04,Sales,JOB08,Account Manager,2025-02-01,20,17783.63,17783.63,0,32,2,5,3
EMP0135-2025-03,EMP0135,Owen Nghiêm,Male,1988-08-16,2019-04-23,,Active,6,2,DEP04,Sales,JOB08,Account Manager,2025-03-01,21,17783.63,17783.63,0,7,4,0,3
EMP0135-2025-04,EMP0135,Owen Nghiêm,Male,1988-08-16,2019-04-23,,Active,6,2,DEP04,Sales,JOB08,Account Manager,2025-04-01,22,17783.63,17783.63,0,0,0,3,3
EMP0135-2025-05,EMP0135,Owen Nghiêm,Male,1988-08-16,2019-04-23,,Active,6,2,DEP04,Sales,JOB08,Account Manager,2025-05-01,22,17783.63,17783.63,2148.39,0,0,14,4
EMP0135-2025-06,EMP0135,Owen Nghiêm,Male,1988-08-16,2019-04-23,,Active,6,2,DEP04,Sales,JOB08,Account Manager,2025-06-01,21,17783.63,17783.63,1010.22,0,0,0,4
EMP0135-2025-07,EMP0135,Owen Nghiêm,Male,1988-08-16,2019-04-23,,Active,6,2,DEP04,Sales,JOB08,Account Manager,2025-07-01,23,17783.63,17783.63,2003.66,0,2,16,3
EMP0135-2025-08,EMP0135,Owen Nghiêm,Male,1988-08-16,2019-04-23,,Active,6,2,DEP04,Sales,JOB08,Account Manager,2025-08-01,21,17783.63,17783.63,2488.83,23,1,5,3
EMP0135-2025-09,EMP0135,Owen Nghiêm,Male,1988-08-16,2019-04-23,,Active,6,2,DEP04,Sales,JOB08,Account Manager,2025-09-01,22,17783.63,17783.63,499.63,2,0,8,4
EMP0135-2025-10,EMP0135,Owen Nghiêm,Male,1988-08-16,2019-04-23,,Active,6,2,DEP04,Sales,JOB08,Account Manager,2025-10-01,23,17783.63,17783.63,0,2,0,8,3
EMP0135-2025-11,EMP0135,Owen Nghiêm,Male,1988-08-16,2019-04-23,,Active,6,2,DEP04,Sales,JOB08,Account Manager,2025-11-01,20,17783.63,17783.63,0,0,3,0,4
EMP0135-2025-12,EMP0135,Owen Nghiêm,Male,1988-08-16,2019-04-23,,Active,6,2,DEP04,Sales,JOB08,Account Manager,2025-12-01,23,17783.63,17783.63,0,22,2,7,3
EMP0136-2024-01,EMP0136,Antonio Souligné,Male,1980-08-20,2021-12-15,,Active,5,2,DEP05,Marketing,JOB10,Marketing Analyst,2024-01-01,23,16038.5,16038.5,602.87,2,0,0,3
EMP0136-2024-02,EMP0136,Antonio Souligné,Male,1980-08-20,2021-12-15,,Active,5,2,DEP05,Marketing,JOB10,Marketing Analyst,2024-02-01,21,16038.5,16038.5,1447.5,1,2,6,3
EMP0136-2024-03,EMP0136,Antonio Souligné,Male,1980-08-20,2021-12-15,,Active,5,2,DEP05,Marketing,JOB10,Marketing Analyst,2024-03-01,21,16038.5,16038.5,576.44,18,0,0,3
EMP0136-2024-04,EMP0136,Antonio Souligné,Male,1980-08-20,2021-12-15,,Active,5,2,DEP05,Marketing,JOB10,Marketing Analyst,2024-04-01,22,16038.5,16038.5,1337.16,0,0,0,3
EMP0136-2024-05,EMP0136,Antonio Souligné,Male,1980-08-20,2021-12-15,,Active,5,2,DEP05,Marketing,JOB10,Marketing Analyst,2024-05-01,23,16038.5,16038.5,1537.42,0,2,5,3
EMP0136-2024-06,EMP0136,Antonio Souligné,Male,1980-08-20,2021-12-15,,Active,5,2,DEP05,Marketing,JOB10,Marketing Analyst,2024-06-01,20,16038.5,16038.5,0,0,0,5,3
EMP0136-2024-07,EMP0136,Antonio Souligné,Male,1980-08-20,2021-12-15,,Active,5,2,DEP05,Marketing,JOB10,Marketing Analyst,2024-07-01,23,16038.5,16038.5,0,14,1,0,4
EMP0136-2024-08,EMP0136,Antonio Souligné,Male,1980-08-20,2021-12-15,,Active,5,2,DEP05,Marketing,JOB10,Marketing Analyst,2024-08-01,22,16038.5,16038.5,1914.33,20,0,0,3
EMP0136-2024-09,EMP0136,Antonio Souligné,Male,1980-08-20,2021-12-15,,Active,5,2,DEP05,Marketing,JOB10,Marketing Analyst,2024-09-01,21,16038.5,16038.5,0,8,0,4,2
EMP0136-2024-10,EMP0136,Antonio Souligné,Male,1980-08-20,2021-12-15,,Active,5,2,DEP05,Marketing,JOB10,Marketing Analyst,2024-10-01,23,16038.5,16038.5,0,12,1,7,3
EMP0136-2024-11,EMP0136,Antonio Souligné,Male,1980-08-20,2021-12-15,,Active,5,2,DEP05,Marketing,JOB10,Marketing Analyst,2024-11-01,21,16038.5,16038.5,0,32,0,5,2
EMP0136-2024-12,EMP0136,Antonio Souligné,Male,1980-08-20,2021-12-15,,Active,5,2,DEP05,Marketing,JOB10,Marketing Analyst,2024-12-01,22,16038.5,16038.5,0,9,2,8,3
EMP0136-2025-01,EMP0136,Antonio Souligné,Male,1980-08-20,2021-12-15,,Active,5,2,DEP05,Marketing,JOB10,Marketing Analyst,2025-01-01,23,16880.96,16880.96,527.06,23,0,0,3
EMP0136-2025-02,EMP0136,Antonio Souligné,Male,1980-08-20,2021-12-15,,Active,5,2,DEP05,Marketing,JOB10,Marketing Analyst,2025-02-01,20,16880.96,16880.96,0,23,1,2,4
EMP0136-2025-03,EMP0136,Antonio Souligné,Male,1980-08-20,2021-12-15,,Active,5,2,DEP05,Marketing,JOB10,Marketing Analyst,2025-03-01,21,16880.96,16880.96,0,38,1,5,3
EMP0136-2025-04,EMP0136,Antonio Souligné,Male,1980-08-20,2021-12-15,,Active,5,2,DEP05,Marketing,JOB10,Marketing Analyst,2025-04-01,22,16880.96,16880.96,0,0,0,7,3
EMP0136-2025-05,EMP0136,Antonio Souligné,Male,1980-08-20,2021-12-15,,Active,5,2,DEP05,Marketing,JOB10,Marketing Analyst,2025-05-01,22,16880.96,16880.96,0,28,1,11,3
EMP0136-2025-06,EMP0136,Antonio Souligné,Male,1980-08-20,2021-12-15,,Active,5,2,DEP05,Marketing,JOB10,Marketing Analyst,2025-06-01,21,16880.96,16880.96,0,29,0,6,3
EMP0136-2025-07,EMP0136,Antonio Souligné,Male,1980-08-20,2021-12-15,,Active,5,2,DEP05,Marketing,JOB10,Marketing Analyst,2025-07-01,23,16880.96,16880.96,0,3,1,4,3
EMP0136-2025-08,EMP0136,Antonio Souligné,Male,1980-08-20,2021-12-15,,Active,5,2,DEP05,Marketing,JOB10,Marketing Analyst,2025-08-01,21,16880.96,16880.96,0,5,0,0,3
EMP0136-2025-09,EMP0136,Antonio Souligné,Male,1980-08-20,2021-12-15,,Active,5,2,DEP05,Marketing,JOB10,Marketing Analyst,2025-09-01,22,16880.96,16880.96,922.39,6,1,5,4
EMP0136-2025-10,EMP0136,Antonio Souligné,Male,1980-08-20,2021-12-15,,Active,5,2,DEP05,Marketing,JOB10,Marketing Analyst,2025-10-01,23,16880.96,16880.96,2152.95,3,1,8,3
EMP0136-2025-11,EMP0136,Antonio Souligné,Male,1980-08-20,2021-12-15,,Active,5,2,DEP05,Marketing,JOB10,Marketing Analyst,2025-11-01,20,16880.96,16880.96,0,3,0,0,2
EMP0136-2025-12,EMP0136,Antonio Souligné,Male,1980-08-20,2021-12-15,,Active,5,2,DEP05,Marketing,JOB10,Marketing Analyst,2025-12-01,23,16880.96,16880.96,1582.49,38,2,7,3
EMP0137-2024-05,EMP0137,Ping Bengone,Male,1982-01-06,2024-05-06,2025-11-22,Left,8,4,DEP04,Sales,JOB07,Sales Executive,2024-05-01,20,37251.72,32392.8,4667.21,2,1,0,3
EMP0137-2024-06,EMP0137,Ping Bengone,Male,1982-01-06,2024-05-06,2025-11-22,Left,8,4,DEP04,Sales,JOB07,Sales Executive,2024-06-01,20,37251.72,37251.72,0,33,1,0,4
EMP0137-2024-07,EMP0137,Ping Bengone,Male,1982-01-06,2024-05-06,2025-11-22,Left,8,4,DEP04,Sales,JOB07,Sales Executive,2024-07-01,23,37251.72,37251.72,0,0,0,2,3
EMP0137-2024-08,EMP0137,Ping Bengone,Male,1982-01-06,2024-05-06,2025-11-22,Left,8,4,DEP04,Sales,JOB07,Sales Executive,2024-08-01,22,37251.72,37251.72,2262.53,0,2,6,4
EMP0137-2024-09,EMP0137,Ping Bengone,Male,1982-01-06,2024-05-06,2025-11-22,Left,8,4,DEP04,Sales,JOB07,Sales Executive,2024-09-01,21,37251.72,37251.72,0,0,0,0,3
EMP0137-2024-10,EMP0137,Ping Bengone,Male,1982-01-06,2024-05-06,2025-11-22,Left,8,4,DEP04,Sales,JOB07,Sales Executive,2024-10-01,23,37251.72,37251.72,5025.03,18,0,0,3
EMP0137-2024-11,EMP0137,Ping Bengone,Male,1982-01-06,2024-05-06,2025-11-22,Left,8,4,DEP04,Sales,JOB07,Sales Executive,2024-11-01,21,37251.72,37251.72,0,1,1,6,4
EMP0137-2024-12,EMP0137,Ping Bengone,Male,1982-01-06,2024-05-06,2025-11-22,Left,8,4,DEP04,Sales,JOB07,Sales Executive,2024-12-01,22,37251.72,37251.72,0,0,3,2,4
EMP0137-2025-01,EMP0137,Ping Bengone,Male,1982-01-06,2024-05-06,2025-11-22,Left,8,4,DEP04,Sales,JOB07,Sales Executive,2025-01-01,23,39301.7,39301.7,0,21,2,0,4
EMP0137-2025-02,EMP0137,Ping Bengone,Male,1982-01-06,2024-05-06,2025-11-22,Left,8,4,DEP04,Sales,JOB07,Sales Executive,2025-02-01,20,39301.7,39301.7,4356.6,17,0,0,3
EMP0137-2025-03,EMP0137,Ping Bengone,Male,1982-01-06,2024-05-06,2025-11-22,Left,8,4,DEP04,Sales,JOB07,Sales Executive,2025-03-01,21,39301.7,39301.7,4339.54,0,0,0,4
EMP0137-2025-04,EMP0137,Ping Bengone,Male,1982-01-06,2024-05-06,2025-11-22,Left,8,4,DEP04,Sales,JOB07,Sales Executive,2025-04-01,22,39301.7,39301.7,2239.26,0,0,0,3
EMP0137-2025-05,EMP0137,Ping Bengone,Male,1982-01-06,2024-05-06,2025-11-22,Left,8,4,DEP04,Sales,JOB07,Sales Executive,2025-05-01,22,39301.7,39301.7,0,8,0,0,4
EMP0137-2025-06,EMP0137,Ping Bengone,Male,1982-01-06,2024-05-06,2025-11-22,Left,8,4,DEP04,Sales,JOB07,Sales Executive,2025-06-01,21,39301.7,39301.7,3593.78,8,1,6,3
EMP0137-2025-07,EMP0137,Ping Bengone,Male,1982-01-06,2024-05-06,2025-11-22,Left,8,4,DEP04,Sales,JOB07,Sales Executive,2025-07-01,23,39301.7,39301.7,2875.93,9,0,14,4
EMP0137-2025-08,EMP0137,Ping Bengone,Male,1982-01-06,2024-05-06,2025-11-22,Left,8,4,DEP04,Sales,JOB07,Sales Executive,2025-08-01,21,39301.7,39301.7,813.05,0,0,1,4
EMP0137-2025-09,EMP0137,Ping Bengone,Male,1982-01-06,2024-05-06,2025-11-22,Left,8,4,DEP04,Sales,JOB07,Sales Executive,2025-09-01,22,39301.7,39301.7,0,5,3,2,3
EMP0137-2025-10,EMP0137,Ping Bengone,Male,1982-01-06,2024-05-06,2025-11-22,Left,8,4,DEP04,Sales,JOB07,Sales Executive,2025-10-01,23,39301.7,39301.7,1122.49,24,4,3,4
EMP0137-2025-11,EMP0137,Ping Bengone,Male,1982-01-06,2024-05-06,2025-11-22,Left,8,4,DEP04,Sales,JOB07,Sales Executive,2025-11-01,15,39301.7,29476.28,3559.51,17,1,6,4
EMP0138-2024-01,EMP0138,Mehjabin Kiata,Female,1994-10-20,2021-06-13,2025-05-26,Left,3,1,DEP05,Marketing,JOB10,Marketing Analyst,2024-01-01,23,10027.48,10027.48,0,0,0,0,4
EMP0138-2024-02,EMP0138,Mehjabin Kiata,Female,1994-10-20,2021-06-13,2025-05-26,Left,3,1,DEP05,Marketing,JOB10,Marketing Analyst,2024-02-01,21,10027.48,10027.48,0,6,1,4,4
EMP0138-2024-03,EMP0138,Mehjabin Kiata,Female,1994-10-20,2021-06-13,2025-05-26,Left,3,1,DEP05,Marketing,JOB10,Marketing Analyst,2024-03-01,21,10027.48,10027.48,913.32,9,2,0,4
EMP0138-2024-04,EMP0138,Mehjabin Kiata,Female,1994-10-20,2021-06-13,2025-05-26,Left,3,1,DEP05,Marketing,JOB10,Marketing Analyst,2024-04-01,22,10027.48,10027.48,0,0,3,0,3
EMP0138-2024-05,EMP0138,Mehjabin Kiata,Female,1994-10-20,2021-06-13,2025-05-26,Left,3,1,DEP05,Marketing,JOB10,Marketing Analyst,2024-05-01,23,10027.48,10027.48,760.16,18,2,4,3
EMP0138-2024-06,EMP0138,Mehjabin Kiata,Female,1994-10-20,2021-06-13,2025-05-26,Left,3,1,DEP05,Marketing,JOB10,Marketing Analyst,2024-06-01,20,10027.48,10027.48,0,0,0,0,3
EMP0138-2024-07,EMP0138,Mehjabin Kiata,Female,1994-10-20,2021-06-13,2025-05-26,Left,3,1,DEP05,Marketing,JOB10,Marketing Analyst,2024-07-01,23,10027.48,10027.48,0,10,1,4,3
EMP0138-2024-08,EMP0138,Mehjabin Kiata,Female,1994-10-20,2021-06-13,2025-05-26,Left,3,1,DEP05,Marketing,JOB10,Marketing Analyst,2024-08-01,22,10027.48,10027.48,0,0,1,5,3
EMP0138-2024-09,EMP0138,Mehjabin Kiata,Female,1994-10-20,2021-06-13,2025-05-26,Left,3,1,DEP05,Marketing,JOB10,Marketing Analyst,2024-09-01,21,10027.48,10027.48,0,3,0,12,3
EMP0138-2024-10,EMP0138,Mehjabin Kiata,Female,1994-10-20,2021-06-13,2025-05-26,Left,3,1,DEP05,Marketing,JOB10,Marketing Analyst,2024-10-01,23,10027.48,10027.48,798.07,31,1,0,4
EMP0138-2024-11,EMP0138,Mehjabin Kiata,Female,1994-10-20,2021-06-13,2025-05-26,Left,3,1,DEP05,Marketing,JOB10,Marketing Analyst,2024-11-01,21,10027.48,10027.48,0,18,0,0,3
EMP0138-2024-12,EMP0138,Mehjabin Kiata,Female,1994-10-20,2021-06-13,2025-05-26,Left,3,1,DEP05,Marketing,JOB10,Marketing Analyst,2024-12-01,22,10027.48,10027.48,0,13,3,2,3
EMP0138-2025-01,EMP0138,Mehjabin Kiata,Female,1994-10-20,2021-06-13,2025-05-26,Left,3,1,DEP05,Marketing,JOB10,Marketing Analyst,2025-01-01,23,10993.41,10993.41,0,16,2,1,3
EMP0138-2025-02,EMP0138,Mehjabin Kiata,Female,1994-10-20,2021-06-13,2025-05-26,Left,3,1,DEP05,Marketing,JOB10,Marketing Analyst,2025-02-01,20,10993.41,10993.41,0,30,2,0,3
EMP0138-2025-03,EMP0138,Mehjabin Kiata,Female,1994-10-20,2021-06-13,2025-05-26,Left,3,1,DEP05,Marketing,JOB10,Marketing Analyst,2025-03-01,21,10993.41,10993.41,0,35,0,4,4
EMP0138-2025-04,EMP0138,Mehjabin Kiata,Female,1994-10-20,2021-06-13,2025-05-26,Left,3,1,DEP05,Marketing,JOB10,Marketing Analyst,2025-04-01,22,10993.41,10993.41,1259.27,19,2,0,3
EMP0138-2025-05,EMP0138,Mehjabin Kiata,Female,1994-10-20,2021-06-13,2025-05-26,Left,3,1,DEP05,Marketing,JOB10,Marketing Analyst,2025-05-01,18,10993.41,8994.61,0,9,1,4,3
EMP0139-2024-04,EMP0139,Arthur Hala'api'api,Male,1982-09-28,2024-04-28,,Active,10,4,DEP04,Sales,JOB08,Account Manager,2024-04-01,2,36692.2,3335.65,287.17,0,1,4,3
EMP0139-2024-05,EMP0139,Arthur Hala'api'api,Male,1982-09-28,2024-04-28,,Active,10,4,DEP04,Sales,JOB08,Account Manager,2024-05-01,23,36692.2,36692.2,3449.56,0,0,7,4
EMP0139-2024-06,EMP0139,Arthur Hala'api'api,Male,1982-09-28,2024-04-28,,Active,10,4,DEP04,Sales,JOB08,Account Manager,2024-06-01,20,36692.2,36692.2,0,0,0,0,3
EMP0139-2024-07,EMP0139,Arthur Hala'api'api,Male,1982-09-28,2024-04-28,,Active,10,4,DEP04,Sales,JOB08,Account Manager,2024-07-01,23,36692.2,36692.2,2015.61,3,0,5,4
EMP0139-2024-08,EMP0139,Arthur Hala'api'api,Male,1982-09-28,2024-04-28,,Active,10,4,DEP04,Sales,JOB08,Account Manager,2024-08-01,22,36692.2,36692.2,4839.47,34,0,12,3
EMP0139-2024-09,EMP0139,Arthur Hala'api'api,Male,1982-09-28,2024-04-28,,Active,10,4,DEP04,Sales,JOB08,Account Manager,2024-09-01,21,36692.2,36692.2,3864.73,15,0,0,4
EMP0139-2024-10,EMP0139,Arthur Hala'api'api,Male,1982-09-28,2024-04-28,,Active,10,4,DEP04,Sales,JOB08,Account Manager,2024-10-01,23,36692.2,36692.2,0,1,0,0,4
EMP0139-2024-11,EMP0139,Arthur Hala'api'api,Male,1982-09-28,2024-04-28,,Active,10,4,DEP04,Sales,JOB08,Account Manager,2024-11-01,21,36692.2,36692.2,4404.69,0,3,2,3
EMP0139-2024-12,EMP0139,Arthur Hala'api'api,Male,1982-09-28,2024-04-28,,Active,10,4,DEP04,Sales,JOB08,Account Manager,2024-12-01,22,36692.2,36692.2,908.57,11,2,15,4
EMP0139-2025-01,EMP0139,Arthur Hala'api'api,Male,1982-09-28,2024-04-28,,Active,10,4,DEP04,Sales,JOB08,Account Manager,2025-01-01,23,39552.51,39552.51,2441.37,0,0,14,3
EMP0139-2025-02,EMP0139,Arthur Hala'api'api,Male,1982-09-28,2024-04-28,,Active,10,4,DEP04,Sales,JOB08,Account Manager,2025-02-01,20,39552.51,39552.51,1210.49,39,4,1,4
EMP0139-2025-03,EMP0139,Arthur Hala'api'api,Male,1982-09-28,2024-04-28,,Active,10,4,DEP04,Sales,JOB08,Account Manager,2025-03-01,21,39552.51,39552.51,4383.42,0,4,8,4
EMP0139-2025-04,EMP0139,Arthur Hala'api'api,Male,1982-09-28,2024-04-28,,Active,10,4,DEP04,Sales,JOB08,Account Manager,2025-04-01,22,39552.51,39552.51,3289.81,8,2,3,4
EMP0139-2025-05,EMP0139,Arthur Hala'api'api,Male,1982-09-28,2024-04-28,,Active,10,4,DEP04,Sales,JOB08,Account Manager,2025-05-01,22,39552.51,39552.51,3796.86,12,1,16,3
EMP0139-2025-06,EMP0139,Arthur Hala'api'api,Male,1982-09-28,2024-04-28,,Active,10,4,DEP04,Sales,JOB08,Account Manager,2025-06-01,21,39552.51,39552.51,1846.91,11,0,0,3
EMP0139-2025-07,EMP0139,Arthur Hala'api'api,Male,1982-09-28,2024-04-28,,Active,10,4,DEP04,Sales,JOB08,Account Manager,2025-07-01,23,39552.51,39552.51,4996.09,24,3,2,4
EMP0139-2025-08,EMP0139,Arthur Hala'api'api,Male,1982-09-28,2024-04-28,,Active,10,4,DEP04,Sales,JOB08,Account Manager,2025-08-01,21,39552.51,39552.51,0,38,4,4,4
EMP0139-2025-09,EMP0139,Arthur Hala'api'api,Male,1982-09-28,2024-04-28,,Active,10,4,DEP04,Sales,JOB08,Account Manager,2025-09-01,22,39552.51,39552.51,1466.3,9,0,6,4
EMP0139-2025-10,EMP0139,Arthur Hala'api'api,Male,1982-09-28,2024-04-28,,Active,10,4,DEP04,Sales,JOB08,Account Manager,2025-10-01,23,39552.51,39552.51,4724.37,21,0,0,4
EMP0139-2025-11,EMP0139,Arthur Hala'api'api,Male,1982-09-28,2024-04-28,,Active,10,4,DEP04,Sales,JOB08,Account Manager,2025-11-01,20,39552.51,39552.51,0,34,0,1,3
EMP0139-2025-12,EMP0139,Arthur Hala'api'api,Male,1982-09-28,2024-04-28,,Active,10,4,DEP04,Sales,JOB08,Account Manager,2025-12-01,23,39552.51,39552.51,0,26,2,2,3
EMP0140-2024-01,EMP0140,Ilannguaq Van den Berg,Male,1991-04-15,2022-05-16,,Active,6,3,DEP02,Finance,JOB03,Accountant,2024-01-01,23,25255.17,25255.17,3441.85,18,0,9,3
EMP0140-2024-02,EMP0140,Ilannguaq Van den Berg,Male,1991-04-15,2022-05-16,,Active,6,3,DEP02,Finance,JOB03,Accountant,2024-02-01,21,25255.17,25255.17,0,0,3,1,3
EMP0140-2024-03,EMP0140,Ilannguaq Van den Berg,Male,1991-04-15,2022-05-16,,Active,6,3,DEP02,Finance,JOB03,Accountant,2024-03-01,21,25255.17,25255.17,0,22,3,6,3
EMP0140-2024-04,EMP0140,Ilannguaq Van den Berg,Male,1991-04-15,2022-05-16,,Active,6,3,DEP02,Finance,JOB03,Accountant,2024-04-01,22,25255.17,25255.17,0,0,2,15,3
EMP0140-2024-05,EMP0140,Ilannguaq Van den Berg,Male,1991-04-15,2022-05-16,,Active,6,3,DEP02,Finance,JOB03,Accountant,2024-05-01,23,25255.17,25255.17,2203.06,5,3,4,3
EMP0140-2024-06,EMP0140,Ilannguaq Van den Berg,Male,1991-04-15,2022-05-16,,Active,6,3,DEP02,Finance,JOB03,Accountant,2024-06-01,20,25255.17,25255.17,1753.68,6,2,1,3
EMP0140-2024-07,EMP0140,Ilannguaq Van den Berg,Male,1991-04-15,2022-05-16,,Active,6,3,DEP02,Finance,JOB03,Accountant,2024-07-01,23,25255.17,25255.17,2199.33,25,1,10,3
EMP0140-2024-08,EMP0140,Ilannguaq Van den Berg,Male,1991-04-15,2022-05-16,,Active,6,3,DEP02,Finance,JOB03,Accountant,2024-08-01,22,25255.17,25255.17,0,6,0,0,3
EMP0140-2024-09,EMP0140,Ilannguaq Van den Berg,Male,1991-04-15,2022-05-16,,Active,6,3,DEP02,Finance,JOB03,Accountant,2024-09-01,21,25255.17,25255.17,0,15,4,13,3
EMP0140-2024-10,EMP0140,Ilannguaq Van den Berg,Male,1991-04-15,2022-05-16,,Active,6,3,DEP02,Finance,JOB03,Accountant,2024-10-01,23,25255.17,25255.17,0,21,0,6,2
EMP0140-2024-11,EMP0140,Ilannguaq Van den Berg,Male,1991-04-15,2022-05-16,,Active,6,3,DEP02,Finance,JOB03,Accountant,2024-11-01,21,25255.17,25255.17,851.76,10,3,0,3
EMP0140-2024-12,EMP0140,Ilannguaq Van den Berg,Male,1991-04-15,2022-05-16,,Active,6,3,DEP02,Finance,JOB03,Accountant,2024-12-01,22,25255.17,25255.17,0,0,1,1,3
EMP0140-2025-01,EMP0140,Ilannguaq Van den Berg,Male,1991-04-15,2022-05-16,,Active,6,3,DEP02,Finance,JOB03,Accountant,2025-01-01,23,26971.46,26971.46,0,0,0,0,4
EMP0140-2025-02,EMP0140,Ilannguaq Van den Berg,Male,1991-04-15,2022-05-16,,Active,6,3,DEP02,Finance,JOB03,Accountant,2025-02-01,20,26971.46,26971.46,0,0,0,4,3
EMP0140-2025-03,EMP0140,Ilannguaq Van den Berg,Male,1991-04-15,2022-05-16,,Active,6,3,DEP02,Finance,JOB03,Accountant,2025-03-01,21,26971.46,26971.46,2059.51,32,1,0,4
EMP0140-2025-04,EMP0140,Ilannguaq Van den Berg,Male,1991-04-15,2022-05-16,,Active,6,3,DEP02,Finance,JOB03,Accountant,2025-04-01,22,26971.46,26971.46,1262.53,0,2,0,3
EMP0140-2025-05,EMP0140,Ilannguaq Van den Berg,Male,1991-04-15,2022-05-16,,Active,6,3,DEP02,Finance,JOB03,Accountant,2025-05-01,22,26971.46,26971.46,0,8,0,13,4
EMP0140-2025-06,EMP0140,Ilannguaq Van den Berg,Male,1991-04-15,2022-05-16,,Active,6,3,DEP02,Finance,JOB03,Accountant,2025-06-01,21,26971.46,26971.46,0,0,0,0,4
EMP0140-2025-07,EMP0140,Ilannguaq Van den Berg,Male,1991-04-15,2022-05-16,,Active,6,3,DEP02,Finance,JOB03,Accountant,2025-07-01,23,26971.46,26971.46,2445.23,3,1,1,3
EMP0140-2025-08,EMP0140,Ilannguaq Van den Berg,Male,1991-04-15,2022-05-16,,Active,6,3,DEP02,Finance,JOB03,Accountant,2025-08-01,21,26971.46,26971.46,0,29,0,5,4
EMP0140-2025-09,EMP0140,Ilannguaq Van den Berg,Male,1991-04-15,2022-05-16,,Active,6,3,DEP02,Finance,JOB03,Accountant,2025-09-01,22,26971.46,26971.46,0,32,3,8,3
EMP0140-2025-10,EMP0140,Ilannguaq Van den Berg,Male,1991-04-15,2022-05-16,,Active,6,3,DEP02,Finance,JOB03,Accountant,2025-10-01,23,26971.46,26971.46,3068.16,5,1,0,3
EMP0140-2025-11,EMP0140,Ilannguaq Van den Berg,Male,1991-04-15,2022-05-16,,Active,6,3,DEP02,Finance,JOB03,Accountant,2025-11-01,20,26971.46,26971.46,0,32,0,4,3
EMP0140-2025-12,EMP0140,Ilannguaq Van den Berg,Male,1991-04-15,2022-05-16,,Active,6,3,DEP02,Finance,JOB03,Accountant,2025-12-01,23,26971.46,26971.46,2483.92,5,3,0,2
EMP0141-2024-01,EMP0141,Frank Idris,Male,1970-05-02,2023-03-11,,Active,18,4,DEP04,Sales,JOB07,Sales Executive,2024-01-01,23,37736.45,37736.45,5070.83,0,0,15,3
EMP0141-2024-02,EMP0141,Frank Idris,Male,1970-05-02,2023-03-11,,Active,18,4,DEP04,Sales,JOB07,Sales Executive,2024-02-01,21,37736.45,37736.45,0,26,1,4,3
EMP0141-2024-03,EMP0141,Frank Idris,Male,1970-05-02,2023-03-11,,Active,18,4,DEP04,Sales,JOB07,Sales Executive,2024-03-01,21,37736.45,37736.45,0,23,0,0,3
EMP0141-2024-04,EMP0141,Frank Idris,Male,1970-05-02,2023-03-11,,Active,18,4,DEP04,Sales,JOB07,Sales Executive,2024-04-01,22,37736.45,37736.45,0,1,2,0,3
EMP0141-2024-05,EMP0141,Frank Idris,Male,1970-05-02,2023-03-11,,Active,18,4,DEP04,Sales,JOB07,Sales Executive,2024-05-01,23,37736.45,37736.45,5190.93,1,2,0,4
EMP0141-2024-06,EMP0141,Frank Idris,Male,1970-05-02,2023-03-11,,Active,18,4,DEP04,Sales,JOB07,Sales Executive,2024-06-01,20,37736.45,37736.45,0,5,0,2,4
EMP0141-2024-07,EMP0141,Frank Idris,Male,1970-05-02,2023-03-11,,Active,18,4,DEP04,Sales,JOB07,Sales Executive,2024-07-01,23,37736.45,37736.45,0,5,1,2,3
EMP0141-2024-08,EMP0141,Frank Idris,Male,1970-05-02,2023-03-11,,Active,18,4,DEP04,Sales,JOB07,Sales Executive,2024-08-01,22,37736.45,37736.45,3556.06,6,1,0,3
EMP0141-2024-09,EMP0141,Frank Idris,Male,1970-05-02,2023-03-11,,Active,18,4,DEP04,Sales,JOB07,Sales Executive,2024-09-01,21,37736.45,37736.45,1849.21,2,3,3,4
EMP0141-2024-10,EMP0141,Frank Idris,Male,1970-05-02,2023-03-11,,Active,18,4,DEP04,Sales,JOB07,Sales Executive,2024-10-01,23,37736.45,37736.45,0,0,3,15,4
EMP0141-2024-11,EMP0141,Frank Idris,Male,1970-05-02,2023-03-11,,Active,18,4,DEP04,Sales,JOB07,Sales Executive,2024-11-01,21,37736.45,37736.45,0,10,1,5,3
EMP0141-2024-12,EMP0141,Frank Idris,Male,1970-05-02,2023-03-11,,Active,18,4,DEP04,Sales,JOB07,Sales Executive,2024-12-01,22,37736.45,37736.45,4001.36,2,0,0,4
EMP0141-2025-01,EMP0141,Frank Idris,Male,1970-05-02,2023-03-11,,Active,18,4,DEP04,Sales,JOB07,Sales Executive,2025-01-01,23,40922.36,40922.36,905.88,9,0,8,3
EMP0141-2025-02,EMP0141,Frank Idris,Male,1970-05-02,2023-03-11,,Active,18,4,DEP04,Sales,JOB07,Sales Executive,2025-02-01,20,40922.36,40922.36,936.17,8,0,0,3
EMP0141-2025-03,EMP0141,Frank Idris,Male,1970-05-02,2023-03-11,,Active,18,4,DEP04,Sales,JOB07,Sales Executive,2025-03-01,21,40922.36,40922.36,0,2,0,6,3
EMP0141-2025-04,EMP0141,Frank Idris,Male,1970-05-02,2023-03-11,,Active,18,4,DEP04,Sales,JOB07,Sales Executive,2025-04-01,22,40922.36,40922.36,0,0,1,4,3
EMP0141-2025-05,EMP0141,Frank Idris,Male,1970-05-02,2023-03-11,,Active,18,4,DEP04,Sales,JOB07,Sales Executive,2025-05-01,22,40922.36,40922.36,3590.85,31,1,0,4
EMP0141-2025-06,EMP0141,Frank Idris,Male,1970-05-02,2023-03-11,,Active,18,4,DEP04,Sales,JOB07,Sales Executive,2025-06-01,21,40922.36,40922.36,1000.41,3,1,3,3
EMP0141-2025-07,EMP0141,Frank Idris,Male,1970-05-02,2023-03-11,,Active,18,4,DEP04,Sales,JOB07,Sales Executive,2025-07-01,23,40922.36,40922.36,0,0,0,0,3
EMP0141-2025-08,EMP0141,Frank Idris,Male,1970-05-02,2023-03-11,,Active,18,4,DEP04,Sales,JOB07,Sales Executive,2025-08-01,21,40922.36,40922.36,3405.82,0,0,4,5
EMP0141-2025-09,EMP0141,Frank Idris,Male,1970-05-02,2023-03-11,,Active,18,4,DEP04,Sales,JOB07,Sales Executive,2025-09-01,22,40922.36,40922.36,0,0,2,12,3
EMP0141-2025-10,EMP0141,Frank Idris,Male,1970-05-02,2023-03-11,,Active,18,4,DEP04,Sales,JOB07,Sales Executive,2025-10-01,23,40922.36,40922.36,0,11,1,11,3
EMP0141-2025-11,EMP0141,Frank Idris,Male,1970-05-02,2023-03-11,,Active,18,4,DEP04,Sales,JOB07,Sales Executive,2025-11-01,20,40922.36,40922.36,0,6,2,2,3
EMP0141-2025-12,EMP0141,Frank Idris,Male,1970-05-02,2023-03-11,,Active,18,4,DEP04,Sales,JOB07,Sales Executive,2025-12-01,23,40922.36,40922.36,0,0,2,4,3
EMP0142-2024-02,EMP0142,Bertil Casolani,Male,1981-12-05,2024-02-05,,Active,5,3,DEP02,Finance,JOB04,Financial Analyst,2024-02-01,19,19626.42,17757.24,2633.56,0,2,9,4
EMP0142-2024-03,EMP0142,Bertil Casolani,Male,1981-12-05,2024-02-05,,Active,5,3,DEP02,Finance,JOB04,Financial Analyst,2024-03-01,21,19626.42,19626.42,0,0,0,0,4
EMP0142-2024-04,EMP0142,Bertil Casolani,Male,1981-12-05,2024-02-05,,Active,5,3,DEP02,Finance,JOB04,Financial Analyst,2024-04-01,22,19626.42,19626.42,1786.85,4,3,0,3
EMP0142-2024-05,EMP0142,Bertil Casolani,Male,1981-12-05,2024-02-05,,Active,5,3,DEP02,Finance,JOB04,Financial Analyst,2024-05-01,23,19626.42,19626.42,0,13,0,0,3
EMP0142-2024-06,EMP0142,Bertil Casolani,Male,1981-12-05,2024-02-05,,Active,5,3,DEP02,Finance,JOB04,Financial Analyst,2024-06-01,20,19626.42,19626.42,944.42,2,0,15,3
EMP0142-2024-07,EMP0142,Bertil Casolani,Male,1981-12-05,2024-02-05,,Active,5,3,DEP02,Finance,JOB04,Financial Analyst,2024-07-01,23,19626.42,19626.42,0,0,0,12,4
EMP0142-2024-08,EMP0142,Bertil Casolani,Male,1981-12-05,2024-02-05,,Active,5,3,DEP02,Finance,JOB04,Financial Analyst,2024-08-01,22,19626.42,19626.42,0,25,0,0,3
EMP0142-2024-09,EMP0142,Bertil Casolani,Male,1981-12-05,2024-02-05,,Active,5,3,DEP02,Finance,JOB04,Financial Analyst,2024-09-01,21,19626.42,19626.42,0,5,0,2,3
EMP0142-2024-10,EMP0142,Bertil Casolani,Male,1981-12-05,2024-02-05,,Active,5,3,DEP02,Finance,JOB04,Financial Analyst,2024-10-01,23,19626.42,19626.42,2621.51,5,3,14,4
EMP0142-2024-11,EMP0142,Bertil Casolani,Male,1981-12-05,2024-02-05,,Active,5,3,DEP02,Finance,JOB04,Financial Analyst,2024-11-01,21,19626.42,19626.42,1741.31,20,0,1,4
EMP0142-2024-12,EMP0142,Bertil Casolani,Male,1981-12-05,2024-02-05,,Active,5,3,DEP02,Finance,JOB04,Financial Analyst,2024-12-01,22,19626.42,19626.42,2245.19,8,0,0,3
EMP0142-2025-01,EMP0142,Bertil Casolani,Male,1981-12-05,2024-02-05,,Active,5,3,DEP02,Finance,JOB04,Financial Analyst,2025-01-01,23,20680.73,20680.73,2613.48,1,1,8,3
EMP0142-2025-02,EMP0142,Bertil Casolani,Male,1981-12-05,2024-02-05,,Active,5,3,DEP02,Finance,JOB04,Financial Analyst,2025-02-01,20,20680.73,20680.73,0,39,1,5,4
EMP0142-2025-03,EMP0142,Bertil Casolani,Male,1981-12-05,2024-02-05,,Active,5,3,DEP02,Finance,JOB04,Financial Analyst,2025-03-01,21,20680.73,20680.73,476.95,11,2,0,4
EMP0142-2025-04,EMP0142,Bertil Casolani,Male,1981-12-05,2024-02-05,,Active,5,3,DEP02,Finance,JOB04,Financial Analyst,2025-04-01,22,20680.73,20680.73,0,10,4,0,3
EMP0142-2025-05,EMP0142,Bertil Casolani,Male,1981-12-05,2024-02-05,,Active,5,3,DEP02,Finance,JOB04,Financial Analyst,2025-05-01,22,20680.73,20680.73,711.89,9,1,0,4
EMP0142-2025-06,EMP0142,Bertil Casolani,Male,1981-12-05,2024-02-05,,Active,5,3,DEP02,Finance,JOB04,Financial Analyst,2025-06-01,21,20680.73,20680.73,423.18,9,1,0,4
EMP0142-2025-07,EMP0142,Bertil Casolani,Male,1981-12-05,2024-02-05,,Active,5,3,DEP02,Finance,JOB04,Financial Analyst,2025-07-01,23,20680.73,20680.73,2742.92,0,1,13,4
EMP0142-2025-08,EMP0142,Bertil Casolani,Male,1981-12-05,2024-02-05,,Active,5,3,DEP02,Finance,JOB04,Financial Analyst,2025-08-01,21,20680.73,20680.73,0,0,0,0,4
EMP0142-2025-09,EMP0142,Bertil Casolani,Male,1981-12-05,2024-02-05,,Active,5,3,DEP02,Finance,JOB04,Financial Analyst,2025-09-01,22,20680.73,20680.73,0,12,1,4,3
EMP0142-2025-10,EMP0142,Bertil Casolani,Male,1981-12-05,2024-02-05,,Active,5,3,DEP02,Finance,JOB04,Financial Analyst,2025-10-01,23,20680.73,20680.73,984.36,0,0,0,3
EMP0142-2025-11,EMP0142,Bertil Casolani,Male,1981-12-05,2024-02-05,,Active,5,3,DEP02,Finance,JOB04,Financial Analyst,2025-11-01,20,20680.73,20680.73,0,12,1,2,4
EMP0142-2025-12,EMP0142,Bertil Casolani,Male,1981-12-05,2024-02-05,,Active,5,3,DEP02,Finance,JOB04,Financial Analyst,2025-12-01,23,20680.73,20680.73,2257.39,7,1,0,4
EMP0143-2024-01,EMP0143,Raquel Kryukov,Female,1988-01-24,2019-04-12,,Active,0,1,DEP06,Operations,JOB11,Operations Coordinator,2024-01-01,23,12340.44,12340.44,493.81,0,2,7,3
EMP0143-2024-02,EMP0143,Raquel Kryukov,Female,1988-01-24,2019-04-12,,Active,0,1,DEP06,Operations,JOB11,Operations Coordinator,2024-02-01,21,12340.44,12340.44,0,0,1,15,3
EMP0143-2024-03,EMP0143,Raquel Kryukov,Female,1988-01-24,2019-04-12,,Active,0,1,DEP06,Operations,JOB11,Operations Coordinator,2024-03-01,21,12340.44,12340.44,1834.88,22,2,0,3
EMP0143-2024-04,EMP0143,Raquel Kryukov,Female,1988-01-24,2019-04-12,,Active,0,1,DEP06,Operations,JOB11,Operations Coordinator,2024-04-01,22,12340.44,12340.44,0,0,1,14,2
EMP0143-2024-05,EMP0143,Raquel Kryukov,Female,1988-01-24,2019-04-12,,Active,0,1,DEP06,Operations,JOB11,Operations Coordinator,2024-05-01,23,12340.44,12340.44,0,0,2,8,3
EMP0143-2024-06,EMP0143,Raquel Kryukov,Female,1988-01-24,2019-04-12,,Active,0,1,DEP06,Operations,JOB11,Operations Coordinator,2024-06-01,20,12340.44,12340.44,0,15,1,2,3
EMP0143-2024-07,EMP0143,Raquel Kryukov,Female,1988-01-24,2019-04-12,,Active,0,1,DEP06,Operations,JOB11,Operations Coordinator,2024-07-01,23,12340.44,12340.44,0,0,2,0,2
EMP0143-2024-08,EMP0143,Raquel Kryukov,Female,1988-01-24,2019-04-12,,Active,0,1,DEP06,Operations,JOB11,Operations Coordinator,2024-08-01,22,12340.44,12340.44,0,4,1,0,3
EMP0143-2024-09,EMP0143,Raquel Kryukov,Female,1988-01-24,2019-04-12,,Active,0,1,DEP06,Operations,JOB11,Operations Coordinator,2024-09-01,21,12340.44,12340.44,0,2,3,0,2
EMP0143-2024-10,EMP0143,Raquel Kryukov,Female,1988-01-24,2019-04-12,,Active,0,1,DEP06,Operations,JOB11,Operations Coordinator,2024-10-01,23,12340.44,12340.44,0,0,0,0,2
EMP0143-2024-11,EMP0143,Raquel Kryukov,Female,1988-01-24,2019-04-12,,Active,0,1,DEP06,Operations,JOB11,Operations Coordinator,2024-11-01,21,12340.44,12340.44,1260.82,0,1,0,3
EMP0143-2024-12,EMP0143,Raquel Kryukov,Female,1988-01-24,2019-04-12,,Active,0,1,DEP06,Operations,JOB11,Operations Coordinator,2024-12-01,22,12340.44,12340.44,0,0,4,4,2
EMP0143-2025-01,EMP0143,Raquel Kryukov,Female,1988-01-24,2019-04-12,,Active,0,1,DEP06,Operations,JOB11,Operations Coordinator,2025-01-01,23,12890.84,12890.84,0,9,4,0,2
EMP0143-2025-02,EMP0143,Raquel Kryukov,Female,1988-01-24,2019-04-12,,Active,0,1,DEP06,Operations,JOB11,Operations Coordinator,2025-02-01,20,12890.84,12890.84,0,0,3,0,2
EMP0143-2025-03,EMP0143,Raquel Kryukov,Female,1988-01-24,2019-04-12,,Active,0,1,DEP06,Operations,JOB11,Operations Coordinator,2025-03-01,21,12890.84,12890.84,0,25,3,4,2
EMP0143-2025-04,EMP0143,Raquel Kryukov,Female,1988-01-24,2019-04-12,,Active,0,1,DEP06,Operations,JOB11,Operations Coordinator,2025-04-01,22,12890.84,12890.84,0,9,1,0,3
EMP0143-2025-05,EMP0143,Raquel Kryukov,Female,1988-01-24,2019-04-12,,Active,0,1,DEP06,Operations,JOB11,Operations Coordinator,2025-05-01,22,12890.84,12890.84,0,9,0,7,2
EMP0143-2025-06,EMP0143,Raquel Kryukov,Female,1988-01-24,2019-04-12,,Active,0,1,DEP06,Operations,JOB11,Operations Coordinator,2025-06-01,21,12890.84,12890.84,0,0,1,0,2
EMP0143-2025-07,EMP0143,Raquel Kryukov,Female,1988-01-24,2019-04-12,,Active,0,1,DEP06,Operations,JOB11,Operations Coordinator,2025-07-01,23,12890.84,12890.84,0,7,2,0,3
EMP0143-2025-08,EMP0143,Raquel Kryukov,Female,1988-01-24,2019-04-12,,Active,0,1,DEP06,Operations,JOB11,Operations Coordinator,2025-08-01,21,12890.84,12890.84,0,15,0,0,3
EMP0143-2025-09,EMP0143,Raquel Kryukov,Female,1988-01-24,2019-04-12,,Active,0,1,DEP06,Operations,JOB11,Operations Coordinator,2025-09-01,22,12890.84,12890.84,0,23,0,0,3
EMP0143-2025-10,EMP0143,Raquel Kryukov,Female,1988-01-24,2019-04-12,,Active,0,1,DEP06,Operations,JOB11,Operations Coordinator,2025-10-01,23,12890.84,12890.84,0,39,3,0,2
EMP0143-2025-11,EMP0143,Raquel Kryukov,Female,1988-01-24,2019-04-12,,Active,0,1,DEP06,Operations,JOB11,Operations Coordinator,2025-11-01,20,12890.84,12890.84,945.93,23,0,5,4
EMP0143-2025-12,EMP0143,Raquel Kryukov,Female,1988-01-24,2019-04-12,,Active,0,1,DEP06,Operations,JOB11,Operations Coordinator,2025-12-01,23,12890.84,12890.84,0,39,0,0,2
EMP0144-2024-01,EMP0144,Aziz Antunes,Male,1985-08-17,2017-03-03,,Active,4,2,DEP05,Marketing,JOB10,Marketing Analyst,2024-01-01,23,16408.29,16408.29,0,0,0,0,3
EMP0144-2024-02,EMP0144,Aziz Antunes,Male,1985-08-17,2017-03-03,,Active,4,2,DEP05,Marketing,JOB10,Marketing Analyst,2024-02-01,21,16408.29,16408.29,0,11,0,2,3
EMP0144-2024-03,EMP0144,Aziz Antunes,Male,1985-08-17,2017-03-03,,Active,4,2,DEP05,Marketing,JOB10,Marketing Analyst,2024-03-01,21,16408.29,16408.29,0,5,0,0,3
EMP0144-2024-04,EMP0144,Aziz Antunes,Male,1985-08-17,2017-03-03,,Active,4,2,DEP05,Marketing,JOB10,Marketing Analyst,2024-04-01,22,16408.29,16408.29,2081.25,20,0,2,4
EMP0144-2024-05,EMP0144,Aziz Antunes,Male,1985-08-17,2017-03-03,,Active,4,2,DEP05,Marketing,JOB10,Marketing Analyst,2024-05-01,23,16408.29,16408.29,0,6,0,0,3
EMP0144-2024-06,EMP0144,Aziz Antunes,Male,1985-08-17,2017-03-03,,Active,4,2,DEP05,Marketing,JOB10,Marketing Analyst,2024-06-01,20,16408.29,16408.29,678.25,0,4,0,3
EMP0144-2024-07,EMP0144,Aziz Antunes,Male,1985-08-17,2017-03-03,,Active,4,2,DEP05,Marketing,JOB10,Marketing Analyst,2024-07-01,23,16408.29,16408.29,0,3,0,0,3
EMP0144-2024-08,EMP0144,Aziz Antunes,Male,1985-08-17,2017-03-03,,Active,4,2,DEP05,Marketing,JOB10,Marketing Analyst,2024-08-01,22,16408.29,16408.29,0,10,0,0,3
EMP0144-2024-09,EMP0144,Aziz Antunes,Male,1985-08-17,2017-03-03,,Active,4,2,DEP05,Marketing,JOB10,Marketing Analyst,2024-09-01,21,16408.29,16408.29,0,0,0,6,4
EMP0144-2024-10,EMP0144,Aziz Antunes,Male,1985-08-17,2017-03-03,,Active,4,2,DEP05,Marketing,JOB10,Marketing Analyst,2024-10-01,23,16408.29,16408.29,0,0,0,0,3
EMP0144-2024-11,EMP0144,Aziz Antunes,Male,1985-08-17,2017-03-03,,Active,4,2,DEP05,Marketing,JOB10,Marketing Analyst,2024-11-01,21,16408.29,16408.29,871.79,6,3,5,3
EMP0144-2024-12,EMP0144,Aziz Antunes,Male,1985-08-17,2017-03-03,,Active,4,2,DEP05,Marketing,JOB10,Marketing Analyst,2024-12-01,22,16408.29,16408.29,748.17,0,0,0,4
EMP0144-2025-01,EMP0144,Aziz Antunes,Male,1985-08-17,2017-03-03,,Active,4,2,DEP05,Marketing,JOB10,Marketing Analyst,2025-01-01,23,17600.26,17600.26,0,21,1,1,4
EMP0144-2025-02,EMP0144,Aziz Antunes,Male,1985-08-17,2017-03-03,,Active,4,2,DEP05,Marketing,JOB10,Marketing Analyst,2025-02-01,20,17600.26,17600.26,1160.79,0,1,4,3
EMP0144-2025-03,EMP0144,Aziz Antunes,Male,1985-08-17,2017-03-03,,Active,4,2,DEP05,Marketing,JOB10,Marketing Analyst,2025-03-01,21,17600.26,17600.26,0,22,2,3,3
EMP0144-2025-04,EMP0144,Aziz Antunes,Male,1985-08-17,2017-03-03,,Active,4,2,DEP05,Marketing,JOB10,Marketing Analyst,2025-04-01,22,17600.26,17600.26,0,8,1,0,4
EMP0144-2025-05,EMP0144,Aziz Antunes,Male,1985-08-17,2017-03-03,,Active,4,2,DEP05,Marketing,JOB10,Marketing Analyst,2025-05-01,22,17600.26,17600.26,523.27,2,2,9,3
EMP0144-2025-06,EMP0144,Aziz Antunes,Male,1985-08-17,2017-03-03,,Active,4,2,DEP05,Marketing,JOB10,Marketing Analyst,2025-06-01,21,17600.26,17600.26,1145.83,5,0,0,4
EMP0144-2025-07,EMP0144,Aziz Antunes,Male,1985-08-17,2017-03-03,,Active,4,2,DEP05,Marketing,JOB10,Marketing Analyst,2025-07-01,23,17600.26,17600.26,0,25,2,5,3
EMP0144-2025-08,EMP0144,Aziz Antunes,Male,1985-08-17,2017-03-03,,Active,4,2,DEP05,Marketing,JOB10,Marketing Analyst,2025-08-01,21,17600.26,17600.26,0,11,3,0,3
EMP0144-2025-09,EMP0144,Aziz Antunes,Male,1985-08-17,2017-03-03,,Active,4,2,DEP05,Marketing,JOB10,Marketing Analyst,2025-09-01,22,17600.26,17600.26,716.86,8,0,0,3
EMP0144-2025-10,EMP0144,Aziz Antunes,Male,1985-08-17,2017-03-03,,Active,4,2,DEP05,Marketing,JOB10,Marketing Analyst,2025-10-01,23,17600.26,17600.26,0,0,2,6,4
EMP0144-2025-11,EMP0144,Aziz Antunes,Male,1985-08-17,2017-03-03,,Active,4,2,DEP05,Marketing,JOB10,Marketing Analyst,2025-11-01,20,17600.26,17600.26,0,28,0,0,4
EMP0144-2025-12,EMP0144,Aziz Antunes,Male,1985-08-17,2017-03-03,,Active,4,2,DEP05,Marketing,JOB10,Marketing Analyst,2025-12-01,23,17600.26,17600.26,528.5,1,2,0,3
EMP0145-2024-01,EMP0145,Aleksandra Stridiron,Female,1981-09-19,2018-05-29,,Active,6,2,DEP05,Marketing,JOB10,Marketing Analyst,2024-01-01,23,15409.25,15409.25,0,0,3,8,3
EMP0145-2024-02,EMP0145,Aleksandra Stridiron,Female,1981-09-19,2018-05-29,,Active,6,2,DEP05,Marketing,JOB10,Marketing Analyst,2024-02-01,21,15409.25,15409.25,1115.91,24,1,7,4
EMP0145-2024-03,EMP0145,Aleksandra Stridiron,Female,1981-09-19,2018-05-29,,Active,6,2,DEP05,Marketing,JOB10,Marketing Analyst,2024-03-01,21,15409.25,15409.25,0,0,0,0,3
EMP0145-2024-04,EMP0145,Aleksandra Stridiron,Female,1981-09-19,2018-05-29,,Active,6,2,DEP05,Marketing,JOB10,Marketing Analyst,2024-04-01,22,15409.25,15409.25,0,0,2,0,1
EMP0145-2024-05,EMP0145,Aleksandra Stridiron,Female,1981-09-19,2018-05-29,,Active,6,2,DEP05,Marketing,JOB10,Marketing Analyst,2024-05-01,23,15409.25,15409.25,0,18,0,7,4
EMP0145-2024-06,EMP0145,Aleksandra Stridiron,Female,1981-09-19,2018-05-29,,Active,6,2,DEP05,Marketing,JOB10,Marketing Analyst,2024-06-01,20,15409.25,15409.25,0,6,0,0,3
EMP0145-2024-07,EMP0145,Aleksandra Stridiron,Female,1981-09-19,2018-05-29,,Active,6,2,DEP05,Marketing,JOB10,Marketing Analyst,2024-07-01,23,15409.25,15409.25,838.2,0,0,2,3
EMP0145-2024-08,EMP0145,Aleksandra Stridiron,Female,1981-09-19,2018-05-29,,Active,6,2,DEP05,Marketing,JOB10,Marketing Analyst,2024-08-01,22,15409.25,15409.25,0,0,2,11,3
EMP0145-2024-09,EMP0145,Aleksandra Stridiron,Female,1981-09-19,2018-05-29,,Active,6,2,DEP05,Marketing,JOB10,Marketing Analyst,2024-09-01,21,15409.25,15409.25,2092.95,28,0,5,4
EMP0145-2024-10,EMP0145,Aleksandra Stridiron,Female,1981-09-19,2018-05-29,,Active,6,2,DEP05,Marketing,JOB10,Marketing Analyst,2024-10-01,23,15409.25,15409.25,0,17,0,0,4
EMP0145-2024-11,EMP0145,Aleksandra Stridiron,Female,1981-09-19,2018-05-29,,Active,6,2,DEP05,Marketing,JOB10,Marketing Analyst,2024-11-01,21,15409.25,15409.25,0,0,3,8,3
EMP0145-2024-12,EMP0145,Aleksandra Stridiron,Female,1981-09-19,2018-05-29,,Active,6,2,DEP05,Marketing,JOB10,Marketing Analyst,2024-12-01,22,15409.25,15409.25,0,0,0,6,2
EMP0145-2025-01,EMP0145,Aleksandra Stridiron,Female,1981-09-19,2018-05-29,,Active,6,2,DEP05,Marketing,JOB10,Marketing Analyst,2025-01-01,23,16370.36,16370.36,0,0,1,0,3
EMP0145-2025-02,EMP0145,Aleksandra Stridiron,Female,1981-09-19,2018-05-29,,Active,6,2,DEP05,Marketing,JOB10,Marketing Analyst,2025-02-01,20,16370.36,16370.36,0,5,1,0,2
EMP0145-2025-03,EMP0145,Aleksandra Stridiron,Female,1981-09-19,2018-05-29,,Active,6,2,DEP05,Marketing,JOB10,Marketing Analyst,2025-03-01,21,16370.36,16370.36,698.68,11,0,0,3
EMP0145-2025-04,EMP0145,Aleksandra Stridiron,Female,1981-09-19,2018-05-29,,Active,6,2,DEP05,Marketing,JOB10,Marketing Analyst,2025-04-01,22,16370.36,16370.36,0,18,1,6,3
EMP0145-2025-05,EMP0145,Aleksandra Stridiron,Female,1981-09-19,2018-05-29,,Active,6,2,DEP05,Marketing,JOB10,Marketing Analyst,2025-05-01,22,16370.36,16370.36,0,23,4,3,3
EMP0145-2025-06,EMP0145,Aleksandra Stridiron,Female,1981-09-19,2018-05-29,,Active,6,2,DEP05,Marketing,JOB10,Marketing Analyst,2025-06-01,21,16370.36,16370.36,0,29,1,6,2
EMP0145-2025-07,EMP0145,Aleksandra Stridiron,Female,1981-09-19,2018-05-29,,Active,6,2,DEP05,Marketing,JOB10,Marketing Analyst,2025-07-01,23,16370.36,16370.36,0,2,1,9,2
EMP0145-2025-08,EMP0145,Aleksandra Stridiron,Female,1981-09-19,2018-05-29,,Active,6,2,DEP05,Marketing,JOB10,Marketing Analyst,2025-08-01,21,16370.36,16370.36,0,0,0,3,3
EMP0145-2025-09,EMP0145,Aleksandra Stridiron,Female,1981-09-19,2018-05-29,,Active,6,2,DEP05,Marketing,JOB10,Marketing Analyst,2025-09-01,22,16370.36,16370.36,0,5,0,1,3
EMP0145-2025-10,EMP0145,Aleksandra Stridiron,Female,1981-09-19,2018-05-29,,Active,6,2,DEP05,Marketing,JOB10,Marketing Analyst,2025-10-01,23,16370.36,16370.36,456.7,0,0,2,3
EMP0145-2025-11,EMP0145,Aleksandra Stridiron,Female,1981-09-19,2018-05-29,,Active,6,2,DEP05,Marketing,JOB10,Marketing Analyst,2025-11-01,20,16370.36,16370.36,0,0,0,0,3
EMP0145-2025-12,EMP0145,Aleksandra Stridiron,Female,1981-09-19,2018-05-29,,Active,6,2,DEP05,Marketing,JOB10,Marketing Analyst,2025-12-01,23,16370.36,16370.36,0,1,0,4,2
EMP0146-2024-01,EMP0146,Abdalah Price,Male,1979-12-16,2017-05-15,,Active,6,3,DEP03,Information Technology,JOB06,IT Support Specialist,2024-01-01,23,27521.17,27521.17,0,0,0,1,3
EMP0146-2024-02,EMP0146,Abdalah Price,Male,1979-12-16,2017-05-15,,Active,6,3,DEP03,Information Technology,JOB06,IT Support Specialist,2024-02-01,21,27521.17,27521.17,0,0,2,2,3
EMP0146-2024-03,EMP0146,Abdalah Price,Male,1979-12-16,2017-05-15,,Active,6,3,DEP03,Information Technology,JOB06,IT Support Specialist,2024-03-01,21,27521.17,27521.17,3711.47,40,3,3,2
EMP0146-2024-04,EMP0146,Abdalah Price,Male,1979-12-16,2017-05-15,,Active,6,3,DEP03,Information Technology,JOB06,IT Support Specialist,2024-04-01,22,27521.17,27521.17,1832.9,9,2,0,3
EMP0146-2024-05,EMP0146,Abdalah Price,Male,1979-12-16,2017-05-15,,Active,6,3,DEP03,Information Technology,JOB06,IT Support Specialist,2024-05-01,23,27521.17,27521.17,688.21,33,0,0,3
EMP0146-2024-06,EMP0146,Abdalah Price,Male,1979-12-16,2017-05-15,,Active,6,3,DEP03,Information Technology,JOB06,IT Support Specialist,2024-06-01,20,27521.17,27521.17,0,7,3,2,2
EMP0146-2024-07,EMP0146,Abdalah Price,Male,1979-12-16,2017-05-15,,Active,6,3,DEP03,Information Technology,JOB06,IT Support Specialist,2024-07-01,23,27521.17,27521.17,0,0,0,3,2
EMP0146-2024-08,EMP0146,Abdalah Price,Male,1979-12-16,2017-05-15,,Active,6,3,DEP03,Information Technology,JOB06,IT Support Specialist,2024-08-01,22,27521.17,27521.17,0,19,2,12,3
EMP0146-2024-09,EMP0146,Abdalah Price,Male,1979-12-16,2017-05-15,,Active,6,3,DEP03,Information Technology,JOB06,IT Support Specialist,2024-09-01,21,27521.17,27521.17,0,0,0,0,3
EMP0146-2024-10,EMP0146,Abdalah Price,Male,1979-12-16,2017-05-15,,Active,6,3,DEP03,Information Technology,JOB06,IT Support Specialist,2024-10-01,23,27521.17,27521.17,2219.72,2,0,0,3
EMP0146-2024-11,EMP0146,Abdalah Price,Male,1979-12-16,2017-05-15,,Active,6,3,DEP03,Information Technology,JOB06,IT Support Specialist,2024-11-01,21,27521.17,27521.17,0,1,1,11,3
EMP0146-2024-12,EMP0146,Abdalah Price,Male,1979-12-16,2017-05-15,,Active,6,3,DEP03,Information Technology,JOB06,IT Support Specialist,2024-12-01,22,27521.17,27521.17,2379.16,25,2,15,3
EMP0146-2025-01,EMP0146,Abdalah Price,Male,1979-12-16,2017-05-15,,Active,6,3,DEP03,Information Technology,JOB06,IT Support Specialist,2025-01-01,23,28889.18,28889.18,0,3,0,0,3
EMP0146-2025-02,EMP0146,Abdalah Price,Male,1979-12-16,2017-05-15,,Active,6,3,DEP03,Information Technology,JOB06,IT Support Specialist,2025-02-01,20,28889.18,28889.18,0,0,2,0,3
EMP0146-2025-03,EMP0146,Abdalah Price,Male,1979-12-16,2017-05-15,,Active,6,3,DEP03,Information Technology,JOB06,IT Support Specialist,2025-03-01,21,28889.18,28889.18,0,0,1,8,2
EMP0146-2025-04,EMP0146,Abdalah Price,Male,1979-12-16,2017-05-15,,Active,6,3,DEP03,Information Technology,JOB06,IT Support Specialist,2025-04-01,22,28889.18,28889.18,0,0,3,3,3
EMP0146-2025-05,EMP0146,Abdalah Price,Male,1979-12-16,2017-05-15,,Active,6,3,DEP03,Information Technology,JOB06,IT Support Specialist,2025-05-01,22,28889.18,28889.18,0,8,2,12,3
EMP0146-2025-06,EMP0146,Abdalah Price,Male,1979-12-16,2017-05-15,,Active,6,3,DEP03,Information Technology,JOB06,IT Support Specialist,2025-06-01,21,28889.18,28889.18,976.77,0,0,4,4
EMP0146-2025-07,EMP0146,Abdalah Price,Male,1979-12-16,2017-05-15,,Active,6,3,DEP03,Information Technology,JOB06,IT Support Specialist,2025-07-01,23,28889.18,28889.18,0,0,1,4,2
EMP0146-2025-08,EMP0146,Abdalah Price,Male,1979-12-16,2017-05-15,,Active,6,3,DEP03,Information Technology,JOB06,IT Support Specialist,2025-08-01,21,28889.18,28889.18,2181.14,22,1,0,3
EMP0146-2025-09,EMP0146,Abdalah Price,Male,1979-12-16,2017-05-15,,Active,6,3,DEP03,Information Technology,JOB06,IT Support Specialist,2025-09-01,22,28889.18,28889.18,0,8,1,0,3
EMP0146-2025-10,EMP0146,Abdalah Price,Male,1979-12-16,2017-05-15,,Active,6,3,DEP03,Information Technology,JOB06,IT Support Specialist,2025-10-01,23,28889.18,28889.18,0,40,0,1,2
EMP0146-2025-11,EMP0146,Abdalah Price,Male,1979-12-16,2017-05-15,,Active,6,3,DEP03,Information Technology,JOB06,IT Support Specialist,2025-11-01,20,28889.18,28889.18,0,4,2,0,3
EMP0146-2025-12,EMP0146,Abdalah Price,Male,1979-12-16,2017-05-15,,Active,6,3,DEP03,Information Technology,JOB06,IT Support Specialist,2025-12-01,23,28889.18,28889.18,0,5,3,1,3
EMP0147-2024-01,EMP0147,Zhanna Bowman,Female,1986-12-21,2018-09-08,2024-12-18,Left,5,2,DEP04,Sales,JOB07,Sales Executive,2024-01-01,23,14231.49,14231.49,0,39,1,8,4
EMP0147-2024-02,EMP0147,Zhanna Bowman,Female,1986-12-21,2018-09-08,2024-12-18,Left,5,2,DEP04,Sales,JOB07,Sales Executive,2024-02-01,21,14231.49,14231.49,1021.01,38,0,3,4
EMP0147-2024-03,EMP0147,Zhanna Bowman,Female,1986-12-21,2018-09-08,2024-12-18,Left,5,2,DEP04,Sales,JOB07,Sales Executive,2024-03-01,21,14231.49,14231.49,1678.09,13,1,1,3
EMP0147-2024-04,EMP0147,Zhanna Bowman,Female,1986-12-21,2018-09-08,2024-12-18,Left,5,2,DEP04,Sales,JOB07,Sales Executive,2024-04-01,22,14231.49,14231.49,1881.79,0,1,5,4
EMP0147-2024-05,EMP0147,Zhanna Bowman,Female,1986-12-21,2018-09-08,2024-12-18,Left,5,2,DEP04,Sales,JOB07,Sales Executive,2024-05-01,23,14231.49,14231.49,0,8,0,0,4
EMP0147-2024-06,EMP0147,Zhanna Bowman,Female,1986-12-21,2018-09-08,2024-12-18,Left,5,2,DEP04,Sales,JOB07,Sales Executive,2024-06-01,20,14231.49,14231.49,759.82,1,1,0,2
EMP0147-2024-07,EMP0147,Zhanna Bowman,Female,1986-12-21,2018-09-08,2024-12-18,Left,5,2,DEP04,Sales,JOB07,Sales Executive,2024-07-01,23,14231.49,14231.49,0,14,0,0,3
EMP0147-2024-08,EMP0147,Zhanna Bowman,Female,1986-12-21,2018-09-08,2024-12-18,Left,5,2,DEP04,Sales,JOB07,Sales Executive,2024-08-01,22,14231.49,14231.49,0,8,0,7,3
EMP0147-2024-09,EMP0147,Zhanna Bowman,Female,1986-12-21,2018-09-08,2024-12-18,Left,5,2,DEP04,Sales,JOB07,Sales Executive,2024-09-01,21,14231.49,14231.49,1910.16,5,1,3,3
EMP0147-2024-10,EMP0147,Zhanna Bowman,Female,1986-12-21,2018-09-08,2024-12-18,Left,5,2,DEP04,Sales,JOB07,Sales Executive,2024-10-01,23,14231.49,14231.49,1813.61,26,1,0,3
EMP0147-2024-11,EMP0147,Zhanna Bowman,Female,1986-12-21,2018-09-08,2024-12-18,Left,5,2,DEP04,Sales,JOB07,Sales Executive,2024-11-01,21,14231.49,14231.49,1260.64,10,1,16,4
EMP0147-2024-12,EMP0147,Zhanna Bowman,Female,1986-12-21,2018-09-08,2024-12-18,Left,5,2,DEP04,Sales,JOB07,Sales Executive,2024-12-01,13,14231.49,8409.52,0,0,3,0,3
EMP0148-2024-01,EMP0148,Pavlína Magyar,Female,1988-06-12,2018-01-01,,Active,8,3,DEP02,Finance,JOB04,Financial Analyst,2024-01-01,23,27262.32,27262.32,0,0,0,8,3
EMP0148-2024-02,EMP0148,Pavlína Magyar,Female,1988-06-12,2018-01-01,,Active,8,3,DEP02,Finance,JOB04,Financial Analyst,2024-02-01,21,27262.32,27262.32,0,0,0,0,3
EMP0148-2024-03,EMP0148,Pavlína Magyar,Female,1988-06-12,2018-01-01,,Active,8,3,DEP02,Finance,JOB04,Financial Analyst,2024-03-01,21,27262.32,27262.32,1732.81,12,3,1,4
EMP0148-2024-04,EMP0148,Pavlína Magyar,Female,1988-06-12,2018-01-01,,Active,8,3,DEP02,Finance,JOB04,Financial Analyst,2024-04-01,22,27262.32,27262.32,1137.07,0,1,0,4
EMP0148-2024-05,EMP0148,Pavlína Magyar,Female,1988-06-12,2018-01-01,,Active,8,3,DEP02,Finance,JOB04,Financial Analyst,2024-05-01,23,27262.32,27262.32,3680.83,9,0,9,4
EMP0148-2024-06,EMP0148,Pavlína Magyar,Female,1988-06-12,2018-01-01,,Active,8,3,DEP02,Finance,JOB04,Financial Analyst,2024-06-01,20,27262.32,27262.32,0,6,2,9,3
EMP0148-2024-07,EMP0148,Pavlína Magyar,Female,1988-06-12,2018-01-01,,Active,8,3,DEP02,Finance,JOB04,Financial Analyst,2024-07-01,23,27262.32,27262.32,0,10,3,6,3
EMP0148-2024-08,EMP0148,Pavlína Magyar,Female,1988-06-12,2018-01-01,,Active,8,3,DEP02,Finance,JOB04,Financial Analyst,2024-08-01,22,27262.32,27262.32,0,2,0,0,3
EMP0148-2024-09,EMP0148,Pavlína Magyar,Female,1988-06-12,2018-01-01,,Active,8,3,DEP02,Finance,JOB04,Financial Analyst,2024-09-01,21,27262.32,27262.32,2233.44,0,0,4,3
EMP0148-2024-10,EMP0148,Pavlína Magyar,Female,1988-06-12,2018-01-01,,Active,8,3,DEP02,Finance,JOB04,Financial Analyst,2024-10-01,23,27262.32,27262.32,0,9,1,0,3
EMP0148-2024-11,EMP0148,Pavlína Magyar,Female,1988-06-12,2018-01-01,,Active,8,3,DEP02,Finance,JOB04,Financial Analyst,2024-11-01,21,27262.32,27262.32,1761.11,11,2,0,3
EMP0148-2024-12,EMP0148,Pavlína Magyar,Female,1988-06-12,2018-01-01,,Active,8,3,DEP02,Finance,JOB04,Financial Analyst,2024-12-01,22,27262.32,27262.32,0,0,0,16,3
EMP0148-2025-01,EMP0148,Pavlína Magyar,Female,1988-06-12,2018-01-01,,Active,8,3,DEP02,Finance,JOB04,Financial Analyst,2025-01-01,23,29819.81,29819.81,1458.78,1,2,0,4
EMP0148-2025-02,EMP0148,Pavlína Magyar,Female,1988-06-12,2018-01-01,,Active,8,3,DEP02,Finance,JOB04,Financial Analyst,2025-02-01,20,29819.81,29819.81,0,0,0,0,3
EMP0148-2025-03,EMP0148,Pavlína Magyar,Female,1988-06-12,2018-01-01,,Active,8,3,DEP02,Finance,JOB04,Financial Analyst,2025-03-01,21,29819.81,29819.81,0,16,0,3,3
EMP0148-2025-04,EMP0148,Pavlína Magyar,Female,1988-06-12,2018-01-01,,Active,8,3,DEP02,Finance,JOB04,Financial Analyst,2025-04-01,22,29819.81,29819.81,2227.71,25,0,5,3
EMP0148-2025-05,EMP0148,Pavlína Magyar,Female,1988-06-12,2018-01-01,,Active,8,3,DEP02,Finance,JOB04,Financial Analyst,2025-05-01,22,29819.81,29819.81,2501.47,0,0,0,4
EMP0148-2025-06,EMP0148,Pavlína Magyar,Female,1988-06-12,2018-01-01,,Active,8,3,DEP02,Finance,JOB04,Financial Analyst,2025-06-01,21,29819.81,29819.81,2033.55,8,0,4,2
EMP0148-2025-07,EMP0148,Pavlína Magyar,Female,1988-06-12,2018-01-01,,Active,8,3,DEP02,Finance,JOB04,Financial Analyst,2025-07-01,23,29819.81,29819.81,3000.49,10,3,0,3
EMP0148-2025-08,EMP0148,Pavlína Magyar,Female,1988-06-12,2018-01-01,,Active,8,3,DEP02,Finance,JOB04,Financial Analyst,2025-08-01,21,29819.81,29819.81,0,6,2,5,3
EMP0148-2025-09,EMP0148,Pavlína Magyar,Female,1988-06-12,2018-01-01,,Active,8,3,DEP02,Finance,JOB04,Financial Analyst,2025-09-01,22,29819.81,29819.81,0,9,2,6,3
EMP0148-2025-10,EMP0148,Pavlína Magyar,Female,1988-06-12,2018-01-01,,Active,8,3,DEP02,Finance,JOB04,Financial Analyst,2025-10-01,23,29819.81,29819.81,0,16,0,0,3
EMP0148-2025-11,EMP0148,Pavlína Magyar,Female,1988-06-12,2018-01-01,,Active,8,3,DEP02,Finance,JOB04,Financial Analyst,2025-11-01,20,29819.81,29819.81,2350.33,3,0,0,4
EMP0148-2025-12,EMP0148,Pavlína Magyar,Female,1988-06-12,2018-01-01,,Active,8,3,DEP02,Finance,JOB04,Financial Analyst,2025-12-01,23,29819.81,29819.81,0,0,0,0,3
EMP0149-2024-01,EMP0149,Choi Yi Endara,Female,1976-08-06,2018-08-24,,Active,6,3,DEP02,Finance,JOB03,Accountant,2024-01-01,23,21083.57,21083.57,0,17,0,4,4
EMP0149-2024-02,EMP0149,Choi Yi Endara,Female,1976-08-06,2018-08-24,,Active,6,3,DEP02,Finance,JOB03,Accountant,2024-02-01,21,21083.57,21083.57,0,2,0,7,3
EMP0149-2024-03,EMP0149,Choi Yi Endara,Female,1976-08-06,2018-08-24,,Active,6,3,DEP02,Finance,JOB03,Accountant,2024-03-01,21,21083.57,21083.57,1095.45,4,4,7,4
EMP0149-2024-04,EMP0149,Choi Yi Endara,Female,1976-08-06,2018-08-24,,Active,6,3,DEP02,Finance,JOB03,Accountant,2024-04-01,22,21083.57,21083.57,1234.7,25,3,0,4
EMP0149-2024-05,EMP0149,Choi Yi Endara,Female,1976-08-06,2018-08-24,,Active,6,3,DEP02,Finance,JOB03,Accountant,2024-05-01,23,21083.57,21083.57,0,0,4,0,4
EMP0149-2024-06,EMP0149,Choi Yi Endara,Female,1976-08-06,2018-08-24,,Active,6,3,DEP02,Finance,JOB03,Accountant,2024-06-01,20,21083.57,21083.57,0,1,0,0,4
EMP0149-2024-07,EMP0149,Choi Yi Endara,Female,1976-08-06,2018-08-24,,Active,6,3,DEP02,Finance,JOB03,Accountant,2024-07-01,23,21083.57,21083.57,0,29,0,1,3
EMP0149-2024-08,EMP0149,Choi Yi Endara,Female,1976-08-06,2018-08-24,,Active,6,3,DEP02,Finance,JOB03,Accountant,2024-08-01,22,21083.57,21083.57,0,8,0,7,3
EMP0149-2024-09,EMP0149,Choi Yi Endara,Female,1976-08-06,2018-08-24,,Active,6,3,DEP02,Finance,JOB03,Accountant,2024-09-01,21,21083.57,21083.57,0,0,4,5,3
EMP0149-2024-10,EMP0149,Choi Yi Endara,Female,1976-08-06,2018-08-24,,Active,6,3,DEP02,Finance,JOB03,Accountant,2024-10-01,23,21083.57,21083.57,0,8,1,3,4
EMP0149-2024-11,EMP0149,Choi Yi Endara,Female,1976-08-06,2018-08-24,,Active,6,3,DEP02,Finance,JOB03,Accountant,2024-11-01,21,21083.57,21083.57,0,10,1,0,4
EMP0149-2024-12,EMP0149,Choi Yi Endara,Female,1976-08-06,2018-08-24,,Active,6,3,DEP02,Finance,JOB03,Accountant,2024-12-01,22,21083.57,21083.57,0,5,2,3,3
EMP0149-2025-01,EMP0149,Choi Yi Endara,Female,1976-08-06,2018-08-24,,Active,6,3,DEP02,Finance,JOB03,Accountant,2025-01-01,23,23127.68,23127.68,1470.4,30,0,0,4
EMP0149-2025-02,EMP0149,Choi Yi Endara,Female,1976-08-06,2018-08-24,,Active,6,3,DEP02,Finance,JOB03,Accountant,2025-02-01,20,23127.68,23127.68,0,10,0,0,4
EMP0149-2025-03,EMP0149,Choi Yi Endara,Female,1976-08-06,2018-08-24,,Active,6,3,DEP02,Finance,JOB03,Accountant,2025-03-01,21,23127.68,23127.68,0,23,2,7,3
EMP0149-2025-04,EMP0149,Choi Yi Endara,Female,1976-08-06,2018-08-24,,Active,6,3,DEP02,Finance,JOB03,Accountant,2025-04-01,22,23127.68,23127.68,2396.2,0,1,11,3
EMP0149-2025-05,EMP0149,Choi Yi Endara,Female,1976-08-06,2018-08-24,,Active,6,3,DEP02,Finance,JOB03,Accountant,2025-05-01,22,23127.68,23127.68,0,7,1,0,3
EMP0149-2025-06,EMP0149,Choi Yi Endara,Female,1976-08-06,2018-08-24,,Active,6,3,DEP02,Finance,JOB03,Accountant,2025-06-01,21,23127.68,23127.68,0,16,3,4,4
EMP0149-2025-07,EMP0149,Choi Yi Endara,Female,1976-08-06,2018-08-24,,Active,6,3,DEP02,Finance,JOB03,Accountant,2025-07-01,23,23127.68,23127.68,0,0,0,13,4
EMP0149-2025-08,EMP0149,Choi Yi Endara,Female,1976-08-06,2018-08-24,,Active,6,3,DEP02,Finance,JOB03,Accountant,2025-08-01,21,23127.68,23127.68,0,4,2,0,3
EMP0149-2025-09,EMP0149,Choi Yi Endara,Female,1976-08-06,2018-08-24,,Active,6,3,DEP02,Finance,JOB03,Accountant,2025-09-01,22,23127.68,23127.68,0,0,2,7,3
EMP0149-2025-10,EMP0149,Choi Yi Endara,Female,1976-08-06,2018-08-24,,Active,6,3,DEP02,Finance,JOB03,Accountant,2025-10-01,23,23127.68,23127.68,0,29,4,6,3
EMP0149-2025-11,EMP0149,Choi Yi Endara,Female,1976-08-06,2018-08-24,,Active,6,3,DEP02,Finance,JOB03,Accountant,2025-11-01,20,23127.68,23127.68,0,7,2,0,4
EMP0149-2025-12,EMP0149,Choi Yi Endara,Female,1976-08-06,2018-08-24,,Active,6,3,DEP02,Finance,JOB03,Accountant,2025-12-01,23,23127.68,23127.68,2365.28,18,2,2,3
EMP0150-2024-01,EMP0150,Rodney Đukić,Male,1995-02-07,2022-08-29,,Active,4,2,DEP06,Operations,JOB11,Operations Coordinator,2024-01-01,23,12008.9,12008.9,0,5,2,4,4
EMP0150-2024-02,EMP0150,Rodney Đukić,Male,1995-02-07,2022-08-29,,Active,4,2,DEP06,Operations,JOB11,Operations Coordinator,2024-02-01,21,12008.9,12008.9,983.62,5,3,0,4
EMP0150-2024-03,EMP0150,Rodney Đukić,Male,1995-02-07,2022-08-29,,Active,4,2,DEP06,Operations,JOB11,Operations Coordinator,2024-03-01,21,12008.9,12008.9,0,2,1,8,3
EMP0150-2024-04,EMP0150,Rodney Đukić,Male,1995-02-07,2022-08-29,,Active,4,2,DEP06,Operations,JOB11,Operations Coordinator,2024-04-01,22,12008.9,12008.9,0,16,3,0,3
EMP0150-2024-05,EMP0150,Rodney Đukić,Male,1995-02-07,2022-08-29,,Active,4,2,DEP06,Operations,JOB11,Operations Coordinator,2024-05-01,23,12008.9,12008.9,0,0,4,15,3
EMP0150-2024-06,EMP0150,Rodney Đukić,Male,1995-02-07,2022-08-29,,Active,4,2,DEP06,Operations,JOB11,Operations Coordinator,2024-06-01,20,12008.9,12008.9,0,37,0,0,3
EMP0150-2024-07,EMP0150,Rodney Đukić,Male,1995-02-07,2022-08-29,,Active,4,2,DEP06,Operations,JOB11,Operations Coordinator,2024-07-01,23,12008.9,12008.9,0,3,0,0,3
EMP0150-2024-08,EMP0150,Rodney Đukić,Male,1995-02-07,2022-08-29,,Active,4,2,DEP06,Operations,JOB11,Operations Coordinator,2024-08-01,22,12008.9,12008.9,0,29,1,5,3
EMP0150-2024-09,EMP0150,Rodney Đukić,Male,1995-02-07,2022-08-29,,Active,4,2,DEP06,Operations,JOB11,Operations Coordinator,2024-09-01,21,12008.9,12008.9,0,0,1,0,3
EMP0150-2024-10,EMP0150,Rodney Đukić,Male,1995-02-07,2022-08-29,,Active,4,2,DEP06,Operations,JOB11,Operations Coordinator,2024-10-01,23,12008.9,12008.9,1644.53,38,1,0,4
EMP0150-2024-11,EMP0150,Rodney Đukić,Male,1995-02-07,2022-08-29,,Active,4,2,DEP06,Operations,JOB11,Operations Coordinator,2024-11-01,21,12008.9,12008.9,656.35,0,0,15,4
EMP0150-2024-12,EMP0150,Rodney Đukić,Male,1995-02-07,2022-08-29,,Active,4,2,DEP06,Operations,JOB11,Operations Coordinator,2024-12-01,22,12008.9,12008.9,745.99,2,0,0,4
EMP0150-2025-01,EMP0150,Rodney Đukić,Male,1995-02-07,2022-08-29,,Active,4,2,DEP06,Operations,JOB11,Operations Coordinator,2025-01-01,23,13138.1,13138.1,0,9,0,0,3
EMP0150-2025-02,EMP0150,Rodney Đukić,Male,1995-02-07,2022-08-29,,Active,4,2,DEP06,Operations,JOB11,Operations Coordinator,2025-02-01,20,13138.1,13138.1,0,1,3,2,3
EMP0150-2025-03,EMP0150,Rodney Đukić,Male,1995-02-07,2022-08-29,,Active,4,2,DEP06,Operations,JOB11,Operations Coordinator,2025-03-01,21,13138.1,13138.1,0,0,3,7,3
EMP0150-2025-04,EMP0150,Rodney Đukić,Male,1995-02-07,2022-08-29,,Active,4,2,DEP06,Operations,JOB11,Operations Coordinator,2025-04-01,22,13138.1,13138.1,0,0,4,5,3
EMP0150-2025-05,EMP0150,Rodney Đukić,Male,1995-02-07,2022-08-29,,Active,4,2,DEP06,Operations,JOB11,Operations Coordinator,2025-05-01,22,13138.1,13138.1,0,16,3,3,4
EMP0150-2025-06,EMP0150,Rodney Đukić,Male,1995-02-07,2022-08-29,,Active,4,2,DEP06,Operations,JOB11,Operations Coordinator,2025-06-01,21,13138.1,13138.1,531.36,0,1,0,4
EMP0150-2025-07,EMP0150,Rodney Đukić,Male,1995-02-07,2022-08-29,,Active,4,2,DEP06,Operations,JOB11,Operations Coordinator,2025-07-01,23,13138.1,13138.1,0,17,0,1,3
EMP0150-2025-08,EMP0150,Rodney Đukić,Male,1995-02-07,2022-08-29,,Active,4,2,DEP06,Operations,JOB11,Operations Coordinator,2025-08-01,21,13138.1,13138.1,0,7,0,10,3
EMP0150-2025-09,EMP0150,Rodney Đukić,Male,1995-02-07,2022-08-29,,Active,4,2,DEP06,Operations,JOB11,Operations Coordinator,2025-09-01,22,13138.1,13138.1,1235.99,31,1,0,3
EMP0150-2025-10,EMP0150,Rodney Đukić,Male,1995-02-07,2022-08-29,,Active,4,2,DEP06,Operations,JOB11,Operations Coordinator,2025-10-01,23,13138.1,13138.1,0,8,1,0,3
EMP0150-2025-11,EMP0150,Rodney Đukić,Male,1995-02-07,2022-08-29,,Active,4,2,DEP06,Operations,JOB11,Operations Coordinator,2025-11-01,20,13138.1,13138.1,0,2,0,0,3
EMP0150-2025-12,EMP0150,Rodney Đukić,Male,1995-02-07,2022-08-29,,Active,4,2,DEP06,Operations,JOB11,Operations Coordinator,2025-12-01,23,13138.1,13138.1,1742.16,15,1,4,3
EMP0151-2024-01,EMP0151,Elīza Gibson,Female,1990-05-01,2019-11-06,2025-09-18,Left,3,2,DEP04,Sales,JOB07,Sales Executive,2024-01-01,23,16547.27,16547.27,1188.03,0,0,0,3
EMP0151-2024-02,EMP0151,Elīza Gibson,Female,1990-05-01,2019-11-06,2025-09-18,Left,3,2,DEP04,Sales,JOB07,Sales Executive,2024-02-01,21,16547.27,16547.27,1727.46,39,0,8,3
EMP0151-2024-03,EMP0151,Elīza Gibson,Female,1990-05-01,2019-11-06,2025-09-18,Left,3,2,DEP04,Sales,JOB07,Sales Executive,2024-03-01,21,16547.27,16547.27,690.9,0,0,0,3
EMP0151-2024-04,EMP0151,Elīza Gibson,Female,1990-05-01,2019-11-06,2025-09-18,Left,3,2,DEP04,Sales,JOB07,Sales Executive,2024-04-01,22,16547.27,16547.27,1738.3,8,0,5,3
EMP0151-2024-05,EMP0151,Elīza Gibson,Female,1990-05-01,2019-11-06,2025-09-18,Left,3,2,DEP04,Sales,JOB07,Sales Executive,2024-05-01,23,16547.27,16547.27,1128.41,6,4,0,3
EMP0151-2024-06,EMP0151,Elīza Gibson,Female,1990-05-01,2019-11-06,2025-09-18,Left,3,2,DEP04,Sales,JOB07,Sales Executive,2024-06-01,20,16547.27,16547.27,1495.46,0,0,3,3
EMP0151-2024-07,EMP0151,Elīza Gibson,Female,1990-05-01,2019-11-06,2025-09-18,Left,3,2,DEP04,Sales,JOB07,Sales Executive,2024-07-01,23,16547.27,16547.27,1877.47,1,0,1,3
EMP0151-2024-08,EMP0151,Elīza Gibson,Female,1990-05-01,2019-11-06,2025-09-18,Left,3,2,DEP04,Sales,JOB07,Sales Executive,2024-08-01,22,16547.27,16547.27,1154.64,9,0,3,3
EMP0151-2024-09,EMP0151,Elīza Gibson,Female,1990-05-01,2019-11-06,2025-09-18,Left,3,2,DEP04,Sales,JOB07,Sales Executive,2024-09-01,21,16547.27,16547.27,1602.43,5,4,10,3
EMP0151-2024-10,EMP0151,Elīza Gibson,Female,1990-05-01,2019-11-06,2025-09-18,Left,3,2,DEP04,Sales,JOB07,Sales Executive,2024-10-01,23,16547.27,16547.27,0,0,0,0,4
EMP0151-2024-11,EMP0151,Elīza Gibson,Female,1990-05-01,2019-11-06,2025-09-18,Left,3,2,DEP04,Sales,JOB07,Sales Executive,2024-11-01,21,16547.27,16547.27,1205.76,8,2,0,3
EMP0151-2024-12,EMP0151,Elīza Gibson,Female,1990-05-01,2019-11-06,2025-09-18,Left,3,2,DEP04,Sales,JOB07,Sales Executive,2024-12-01,22,16547.27,16547.27,0,0,0,0,3
EMP0151-2025-01,EMP0151,Elīza Gibson,Female,1990-05-01,2019-11-06,2025-09-18,Left,3,2,DEP04,Sales,JOB07,Sales Executive,2025-01-01,23,17524.93,17524.93,0,24,1,9,3
EMP0151-2025-02,EMP0151,Elīza Gibson,Female,1990-05-01,2019-11-06,2025-09-18,Left,3,2,DEP04,Sales,JOB07,Sales Executive,2025-02-01,20,17524.93,17524.93,0,16,2,8,3
EMP0151-2025-03,EMP0151,Elīza Gibson,Female,1990-05-01,2019-11-06,2025-09-18,Left,3,2,DEP04,Sales,JOB07,Sales Executive,2025-03-01,21,17524.93,17524.93,2222.26,8,0,4,3
EMP0151-2025-04,EMP0151,Elīza Gibson,Female,1990-05-01,2019-11-06,2025-09-18,Left,3,2,DEP04,Sales,JOB07,Sales Executive,2025-04-01,22,17524.93,17524.93,0,0,0,10,4
EMP0151-2025-05,EMP0151,Elīza Gibson,Female,1990-05-01,2019-11-06,2025-09-18,Left,3,2,DEP04,Sales,JOB07,Sales Executive,2025-05-01,22,17524.93,17524.93,0,0,0,0,3
EMP0151-2025-06,EMP0151,Elīza Gibson,Female,1990-05-01,2019-11-06,2025-09-18,Left,3,2,DEP04,Sales,JOB07,Sales Executive,2025-06-01,21,17524.93,17524.93,2313.63,40,1,1,4
EMP0151-2025-07,EMP0151,Elīza Gibson,Female,1990-05-01,2019-11-06,2025-09-18,Left,3,2,DEP04,Sales,JOB07,Sales Executive,2025-07-01,23,17524.93,17524.93,548.66,20,0,5,4
EMP0151-2025-08,EMP0151,Elīza Gibson,Female,1990-05-01,2019-11-06,2025-09-18,Left,3,2,DEP04,Sales,JOB07,Sales Executive,2025-08-01,21,17524.93,17524.93,0,31,0,4,3
EMP0151-2025-09,EMP0151,Elīza Gibson,Female,1990-05-01,2019-11-06,2025-09-18,Left,3,2,DEP04,Sales,JOB07,Sales Executive,2025-09-01,14,17524.93,11152.23,0,28,0,6,3
EMP0152-2024-04,EMP0152,Patricia Shahin,Female,1994-01-18,2024-04-01,,Active,3,1,DEP01,Human Resources,JOB02,Recruiter,2024-04-01,22,9592.77,9592.77,0,0,0,6,3
EMP0152-2024-05,EMP0152,Patricia Shahin,Female,1994-01-18,2024-04-01,,Active,3,1,DEP01,Human Resources,JOB02,Recruiter,2024-05-01,23,9592.77,9592.77,753.1,35,0,8,4
EMP0152-2024-06,EMP0152,Patricia Shahin,Female,1994-01-18,2024-04-01,,Active,3,1,DEP01,Human Resources,JOB02,Recruiter,2024-06-01,20,9592.77,9592.77,0,17,0,2,3
EMP0152-2024-07,EMP0152,Patricia Shahin,Female,1994-01-18,2024-04-01,,Active,3,1,DEP01,Human Resources,JOB02,Recruiter,2024-07-01,23,9592.77,9592.77,0,0,0,15,3
EMP0152-2024-08,EMP0152,Patricia Shahin,Female,1994-01-18,2024-04-01,,Active,3,1,DEP01,Human Resources,JOB02,Recruiter,2024-08-01,22,9592.77,9592.77,0,24,0,10,3
EMP0152-2024-09,EMP0152,Patricia Shahin,Female,1994-01-18,2024-04-01,,Active,3,1,DEP01,Human Resources,JOB02,Recruiter,2024-09-01,21,9592.77,9592.77,0,0,0,0,3
EMP0152-2024-10,EMP0152,Patricia Shahin,Female,1994-01-18,2024-04-01,,Active,3,1,DEP01,Human Resources,JOB02,Recruiter,2024-10-01,23,9592.77,9592.77,663.54,2,0,0,3
EMP0152-2024-11,EMP0152,Patricia Shahin,Female,1994-01-18,2024-04-01,,Active,3,1,DEP01,Human Resources,JOB02,Recruiter,2024-11-01,21,9592.77,9592.77,1235.43,0,2,9,3
EMP0152-2024-12,EMP0152,Patricia Shahin,Female,1994-01-18,2024-04-01,,Active,3,1,DEP01,Human Resources,JOB02,Recruiter,2024-12-01,22,9592.77,9592.77,0,0,1,3,4
EMP0152-2025-01,EMP0152,Patricia Shahin,Female,1994-01-18,2024-04-01,,Active,3,1,DEP01,Human Resources,JOB02,Recruiter,2025-01-01,23,10296.38,10296.38,0,14,2,5,3
EMP0152-2025-02,EMP0152,Patricia Shahin,Female,1994-01-18,2024-04-01,,Active,3,1,DEP01,Human Resources,JOB02,Recruiter,2025-02-01,20,10296.38,10296.38,0,0,3,2,3
EMP0152-2025-03,EMP0152,Patricia Shahin,Female,1994-01-18,2024-04-01,,Active,3,1,DEP01,Human Resources,JOB02,Recruiter,2025-03-01,21,10296.38,10296.38,0,13,2,0,3
EMP0152-2025-04,EMP0152,Patricia Shahin,Female,1994-01-18,2024-04-01,,Active,3,1,DEP01,Human Resources,JOB02,Recruiter,2025-04-01,22,10296.38,10296.38,0,3,0,4,3
EMP0152-2025-05,EMP0152,Patricia Shahin,Female,1994-01-18,2024-04-01,,Active,3,1,DEP01,Human Resources,JOB02,Recruiter,2025-05-01,22,10296.38,10296.38,318.4,7,0,0,4
EMP0152-2025-06,EMP0152,Patricia Shahin,Female,1994-01-18,2024-04-01,,Active,3,1,DEP01,Human Resources,JOB02,Recruiter,2025-06-01,21,10296.38,10296.38,0,26,0,15,3
EMP0152-2025-07,EMP0152,Patricia Shahin,Female,1994-01-18,2024-04-01,,Active,3,1,DEP01,Human Resources,JOB02,Recruiter,2025-07-01,23,10296.38,10296.38,0,0,0,0,4
EMP0152-2025-08,EMP0152,Patricia Shahin,Female,1994-01-18,2024-04-01,,Active,3,1,DEP01,Human Resources,JOB02,Recruiter,2025-08-01,21,10296.38,10296.38,904.12,0,0,6,3
EMP0152-2025-09,EMP0152,Patricia Shahin,Female,1994-01-18,2024-04-01,,Active,3,1,DEP01,Human Resources,JOB02,Recruiter,2025-09-01,22,10296.38,10296.38,0,34,1,3,3
EMP0152-2025-10,EMP0152,Patricia Shahin,Female,1994-01-18,2024-04-01,,Active,3,1,DEP01,Human Resources,JOB02,Recruiter,2025-10-01,23,10296.38,10296.38,0,6,2,0,4
EMP0152-2025-11,EMP0152,Patricia Shahin,Female,1994-01-18,2024-04-01,,Active,3,1,DEP01,Human Resources,JOB02,Recruiter,2025-11-01,20,10296.38,10296.38,1292.33,2,2,2,3
EMP0152-2025-12,EMP0152,Patricia Shahin,Female,1994-01-18,2024-04-01,,Active,3,1,DEP01,Human Resources,JOB02,Recruiter,2025-12-01,23,10296.38,10296.38,0,0,1,0,4
EMP0153-2024-01,EMP0153,Ann Lloyd,Female,1993-12-16,2021-07-08,,Active,6,2,DEP06,Operations,JOB12,Supply Chain Analyst,2024-01-01,23,17708.5,17708.5,1757.28,1,1,3,4
EMP0153-2024-02,EMP0153,Ann Lloyd,Female,1993-12-16,2021-07-08,,Active,6,2,DEP06,Operations,JOB12,Supply Chain Analyst,2024-02-01,21,17708.5,17708.5,1810.87,0,0,1,4
EMP0153-2024-03,EMP0153,Ann Lloyd,Female,1993-12-16,2021-07-08,,Active,6,2,DEP06,Operations,JOB12,Supply Chain Analyst,2024-03-01,21,17708.5,17708.5,0,5,0,0,4
EMP0153-2024-04,EMP0153,Ann Lloyd,Female,1993-12-16,2021-07-08,,Active,6,2,DEP06,Operations,JOB12,Supply Chain Analyst,2024-04-01,22,17708.5,17708.5,0,10,0,7,4
EMP0153-2024-05,EMP0153,Ann Lloyd,Female,1993-12-16,2021-07-08,,Active,6,2,DEP06,Operations,JOB12,Supply Chain Analyst,2024-05-01,23,17708.5,17708.5,0,14,1,1,4
EMP0153-2024-06,EMP0153,Ann Lloyd,Female,1993-12-16,2021-07-08,,Active,6,2,DEP06,Operations,JOB12,Supply Chain Analyst,2024-06-01,20,17708.5,17708.5,0,8,3,9,4
EMP0153-2024-07,EMP0153,Ann Lloyd,Female,1993-12-16,2021-07-08,,Active,6,2,DEP06,Operations,JOB12,Supply Chain Analyst,2024-07-01,23,17708.5,17708.5,2421.87,21,0,0,4
EMP0153-2024-08,EMP0153,Ann Lloyd,Female,1993-12-16,2021-07-08,,Active,6,2,DEP06,Operations,JOB12,Supply Chain Analyst,2024-08-01,22,17708.5,17708.5,0,9,3,16,5
EMP0153-2024-09,EMP0153,Ann Lloyd,Female,1993-12-16,2021-07-08,,Active,6,2,DEP06,Operations,JOB12,Supply Chain Analyst,2024-09-01,21,17708.5,17708.5,1859.76,19,0,4,4
EMP0153-2024-10,EMP0153,Ann Lloyd,Female,1993-12-16,2021-07-08,,Active,6,2,DEP06,Operations,JOB12,Supply Chain Analyst,2024-10-01,23,17708.5,17708.5,0,10,0,0,2
EMP0153-2024-11,EMP0153,Ann Lloyd,Female,1993-12-16,2021-07-08,,Active,6,2,DEP06,Operations,JOB12,Supply Chain Analyst,2024-11-01,21,17708.5,17708.5,1167.17,38,1,0,4
EMP0153-2024-12,EMP0153,Ann Lloyd,Female,1993-12-16,2021-07-08,,Active,6,2,DEP06,Operations,JOB12,Supply Chain Analyst,2024-12-01,22,17708.5,17708.5,994.62,33,1,0,4
EMP0153-2025-01,EMP0153,Ann Lloyd,Female,1993-12-16,2021-07-08,,Active,6,2,DEP06,Operations,JOB12,Supply Chain Analyst,2025-01-01,23,18731.46,18731.46,1289.08,2,0,0,4
EMP0153-2025-02,EMP0153,Ann Lloyd,Female,1993-12-16,2021-07-08,,Active,6,2,DEP06,Operations,JOB12,Supply Chain Analyst,2025-02-01,20,18731.46,18731.46,0,1,3,12,4
EMP0153-2025-03,EMP0153,Ann Lloyd,Female,1993-12-16,2021-07-08,,Active,6,2,DEP06,Operations,JOB12,Supply Chain Analyst,2025-03-01,21,18731.46,18731.46,712.07,0,1,3,4
EMP0153-2025-04,EMP0153,Ann Lloyd,Female,1993-12-16,2021-07-08,,Active,6,2,DEP06,Operations,JOB12,Supply Chain Analyst,2025-04-01,22,18731.46,18731.46,0,0,0,0,5
EMP0153-2025-05,EMP0153,Ann Lloyd,Female,1993-12-16,2021-07-08,,Active,6,2,DEP06,Operations,JOB12,Supply Chain Analyst,2025-05-01,22,18731.46,18731.46,0,2,4,3,4
EMP0153-2025-06,EMP0153,Ann Lloyd,Female,1993-12-16,2021-07-08,,Active,6,2,DEP06,Operations,JOB12,Supply Chain Analyst,2025-06-01,21,18731.46,18731.46,1435.5,3,3,0,4
EMP0153-2025-07,EMP0153,Ann Lloyd,Female,1993-12-16,2021-07-08,,Active,6,2,DEP06,Operations,JOB12,Supply Chain Analyst,2025-07-01,23,18731.46,18731.46,0,35,0,1,4
EMP0153-2025-08,EMP0153,Ann Lloyd,Female,1993-12-16,2021-07-08,,Active,6,2,DEP06,Operations,JOB12,Supply Chain Analyst,2025-08-01,21,18731.46,18731.46,1052.82,8,2,13,4
EMP0153-2025-09,EMP0153,Ann Lloyd,Female,1993-12-16,2021-07-08,,Active,6,2,DEP06,Operations,JOB12,Supply Chain Analyst,2025-09-01,22,18731.46,18731.46,734.25,0,2,0,4
EMP0153-2025-10,EMP0153,Ann Lloyd,Female,1993-12-16,2021-07-08,,Active,6,2,DEP06,Operations,JOB12,Supply Chain Analyst,2025-10-01,23,18731.46,18731.46,0,37,2,0,2
EMP0153-2025-11,EMP0153,Ann Lloyd,Female,1993-12-16,2021-07-08,,Active,6,2,DEP06,Operations,JOB12,Supply Chain Analyst,2025-11-01,20,18731.46,18731.46,0,31,2,0,4
EMP0153-2025-12,EMP0153,Ann Lloyd,Female,1993-12-16,2021-07-08,,Active,6,2,DEP06,Operations,JOB12,Supply Chain Analyst,2025-12-01,23,18731.46,18731.46,0,0,0,13,4
EMP0154-2024-01,EMP0154,Courtney Jørgensen,Female,1986-08-16,2019-02-10,,Active,9,4,DEP05,Marketing,JOB09,Marketing Specialist,2024-01-01,23,34723.07,34723.07,0,0,0,0,4
EMP0154-2024-02,EMP0154,Courtney Jørgensen,Female,1986-08-16,2019-02-10,,Active,9,4,DEP05,Marketing,JOB09,Marketing Specialist,2024-02-01,21,34723.07,34723.07,920.3,6,1,1,3
EMP0154-2024-03,EMP0154,Courtney Jørgensen,Female,1986-08-16,2019-02-10,,Active,9,4,DEP05,Marketing,JOB09,Marketing Specialist,2024-03-01,21,34723.07,34723.07,784.48,4,1,4,5
EMP0154-2024-04,EMP0154,Courtney Jørgensen,Female,1986-08-16,2019-02-10,,Active,9,4,DEP05,Marketing,JOB09,Marketing Specialist,2024-04-01,22,34723.07,34723.07,0,10,1,8,3
EMP0154-2024-05,EMP0154,Courtney Jørgensen,Female,1986-08-16,2019-02-10,,Active,9,4,DEP05,Marketing,JOB09,Marketing Specialist,2024-05-01,23,34723.07,34723.07,0,5,1,12,3
EMP0154-2024-06,EMP0154,Courtney Jørgensen,Female,1986-08-16,2019-02-10,,Active,9,4,DEP05,Marketing,JOB09,Marketing Specialist,2024-06-01,20,34723.07,34723.07,0,6,0,8,3
EMP0154-2024-07,EMP0154,Courtney Jørgensen,Female,1986-08-16,2019-02-10,,Active,9,4,DEP05,Marketing,JOB09,Marketing Specialist,2024-07-01,23,34723.07,34723.07,4930.19,0,3,3,4
EMP0154-2024-08,EMP0154,Courtney Jørgensen,Female,1986-08-16,2019-02-10,,Active,9,4,DEP05,Marketing,JOB09,Marketing Specialist,2024-08-01,22,34723.07,34723.07,0,4,3,7,3
EMP0154-2024-09,EMP0154,Courtney Jørgensen,Female,1986-08-16,2019-02-10,,Active,9,4,DEP05,Marketing,JOB09,Marketing Specialist,2024-09-01,21,34723.07,34723.07,0,10,0,0,3
EMP0154-2024-10,EMP0154,Courtney Jørgensen,Female,1986-08-16,2019-02-10,,Active,9,4,DEP05,Marketing,JOB09,Marketing Specialist,2024-10-01,23,34723.07,34723.07,4436.26,13,0,7,3
EMP0154-2024-11,EMP0154,Courtney Jørgensen,Female,1986-08-16,2019-02-10,,Active,9,4,DEP05,Marketing,JOB09,Marketing Specialist,2024-11-01,21,34723.07,34723.07,0,25,0,0,3
EMP0154-2024-12,EMP0154,Courtney Jørgensen,Female,1986-08-16,2019-02-10,,Active,9,4,DEP05,Marketing,JOB09,Marketing Specialist,2024-12-01,22,34723.07,34723.07,2220.63,39,4,0,3
EMP0154-2025-01,EMP0154,Courtney Jørgensen,Female,1986-08-16,2019-02-10,,Active,9,4,DEP05,Marketing,JOB09,Marketing Specialist,2025-01-01,23,36164.55,36164.55,0,10,0,2,2
EMP0154-2025-02,EMP0154,Courtney Jørgensen,Female,1986-08-16,2019-02-10,,Active,9,4,DEP05,Marketing,JOB09,Marketing Specialist,2025-02-01,20,36164.55,36164.55,0,0,3,7,3
EMP0154-2025-03,EMP0154,Courtney Jørgensen,Female,1986-08-16,2019-02-10,,Active,9,4,DEP05,Marketing,JOB09,Marketing Specialist,2025-03-01,21,36164.55,36164.55,0,6,0,5,3
EMP0154-2025-04,EMP0154,Courtney Jørgensen,Female,1986-08-16,2019-02-10,,Active,9,4,DEP05,Marketing,JOB09,Marketing Specialist,2025-04-01,22,36164.55,36164.55,5112.52,7,0,0,3
EMP0154-2025-05,EMP0154,Courtney Jørgensen,Female,1986-08-16,2019-02-10,,Active,9,4,DEP05,Marketing,JOB09,Marketing Specialist,2025-05-01,22,36164.55,36164.55,0,9,0,3,4
EMP0154-2025-06,EMP0154,Courtney Jørgensen,Female,1986-08-16,2019-02-10,,Active,9,4,DEP05,Marketing,JOB09,Marketing Specialist,2025-06-01,21,36164.55,36164.55,4739.2,21,0,0,3
EMP0154-2025-07,EMP0154,Courtney Jørgensen,Female,1986-08-16,2019-02-10,,Active,9,4,DEP05,Marketing,JOB09,Marketing Specialist,2025-07-01,23,36164.55,36164.55,0,20,3,13,3
EMP0154-2025-08,EMP0154,Courtney Jørgensen,Female,1986-08-16,2019-02-10,,Active,9,4,DEP05,Marketing,JOB09,Marketing Specialist,2025-08-01,21,36164.55,36164.55,0,12,2,0,4
EMP0154-2025-09,EMP0154,Courtney Jørgensen,Female,1986-08-16,2019-02-10,,Active,9,4,DEP05,Marketing,JOB09,Marketing Specialist,2025-09-01,22,36164.55,36164.55,3104.66,1,3,1,3
EMP0154-2025-10,EMP0154,Courtney Jørgensen,Female,1986-08-16,2019-02-10,,Active,9,4,DEP05,Marketing,JOB09,Marketing Specialist,2025-10-01,23,36164.55,36164.55,1475.1,0,1,2,3
EMP0154-2025-11,EMP0154,Courtney Jørgensen,Female,1986-08-16,2019-02-10,,Active,9,4,DEP05,Marketing,JOB09,Marketing Specialist,2025-11-01,20,36164.55,36164.55,0,27,2,0,3
EMP0154-2025-12,EMP0154,Courtney Jørgensen,Female,1986-08-16,2019-02-10,,Active,9,4,DEP05,Marketing,JOB09,Marketing Specialist,2025-12-01,23,36164.55,36164.55,0,0,1,0,3
EMP0155-2024-05,EMP0155,Sawsan Lindqvist,Female,1992-11-16,2024-05-01,,Active,2,2,DEP06,Operations,JOB11,Operations Coordinator,2024-05-01,23,13389.3,13389.3,0,21,0,2,4
EMP0155-2024-06,EMP0155,Sawsan Lindqvist,Female,1992-11-16,2024-05-01,,Active,2,2,DEP06,Operations,JOB11,Operations Coordinator,2024-06-01,20,13389.3,13389.3,289.35,0,3,6,3
EMP0155-2024-07,EMP0155,Sawsan Lindqvist,Female,1992-11-16,2024-05-01,,Active,2,2,DEP06,Operations,JOB11,Operations Coordinator,2024-07-01,23,13389.3,13389.3,0,7,2,7,2
EMP0155-2024-08,EMP0155,Sawsan Lindqvist,Female,1992-11-16,2024-05-01,,Active,2,2,DEP06,Operations,JOB11,Operations Coordinator,2024-08-01,22,13389.3,13389.3,0,0,4,15,3
EMP0155-2024-09,EMP0155,Sawsan Lindqvist,Female,1992-11-16,2024-05-01,,Active,2,2,DEP06,Operations,JOB11,Operations Coordinator,2024-09-01,21,13389.3,13389.3,0,0,4,0,4
EMP0155-2024-10,EMP0155,Sawsan Lindqvist,Female,1992-11-16,2024-05-01,,Active,2,2,DEP06,Operations,JOB11,Operations Coordinator,2024-10-01,23,13389.3,13389.3,0,33,0,0,3
EMP0155-2024-11,EMP0155,Sawsan Lindqvist,Female,1992-11-16,2024-05-01,,Active,2,2,DEP06,Operations,JOB11,Operations Coordinator,2024-11-01,21,13389.3,13389.3,0,10,1,4,3
EMP0155-2024-12,EMP0155,Sawsan Lindqvist,Female,1992-11-16,2024-05-01,,Active,2,2,DEP06,Operations,JOB11,Operations Coordinator,2024-12-01,22,13389.3,13389.3,1482.4,0,0,4,3
EMP0155-2025-01,EMP0155,Sawsan Lindqvist,Female,1992-11-16,2024-05-01,,Active,2,2,DEP06,Operations,JOB11,Operations Coordinator,2025-01-01,23,14266.67,14266.67,0,0,1,0,3
EMP0155-2025-02,EMP0155,Sawsan Lindqvist,Female,1992-11-16,2024-05-01,,Active,2,2,DEP06,Operations,JOB11,Operations Coordinator,2025-02-01,20,14266.67,14266.67,1091.52,0,3,10,4
EMP0155-2025-03,EMP0155,Sawsan Lindqvist,Female,1992-11-16,2024-05-01,,Active,2,2,DEP06,Operations,JOB11,Operations Coordinator,2025-03-01,21,14266.67,14266.67,0,2,1,6,4
EMP0155-2025-04,EMP0155,Sawsan Lindqvist,Female,1992-11-16,2024-05-01,,Active,2,2,DEP06,Operations,JOB11,Operations Coordinator,2025-04-01,22,14266.67,14266.67,0,20,2,5,3
EMP0155-2025-05,EMP0155,Sawsan Lindqvist,Female,1992-11-16,2024-05-01,,Active,2,2,DEP06,Operations,JOB11,Operations Coordinator,2025-05-01,22,14266.67,14266.67,1628.35,10,0,2,3
EMP0155-2025-06,EMP0155,Sawsan Lindqvist,Female,1992-11-16,2024-05-01,,Active,2,2,DEP06,Operations,JOB11,Operations Coordinator,2025-06-01,21,14266.67,14266.67,1912.23,0,0,0,3
EMP0155-2025-07,EMP0155,Sawsan Lindqvist,Female,1992-11-16,2024-05-01,,Active,2,2,DEP06,Operations,JOB11,Operations Coordinator,2025-07-01,23,14266.67,14266.67,0,10,0,2,3
EMP0155-2025-08,EMP0155,Sawsan Lindqvist,Female,1992-11-16,2024-05-01,,Active,2,2,DEP06,Operations,JOB11,Operations Coordinator,2025-08-01,21,14266.67,14266.67,0,9,2,3,3
EMP0155-2025-09,EMP0155,Sawsan Lindqvist,Female,1992-11-16,2024-05-01,,Active,2,2,DEP06,Operations,JOB11,Operations Coordinator,2025-09-01,22,14266.67,14266.67,1328.09,24,0,13,4
EMP0155-2025-10,EMP0155,Sawsan Lindqvist,Female,1992-11-16,2024-05-01,,Active,2,2,DEP06,Operations,JOB11,Operations Coordinator,2025-10-01,23,14266.67,14266.67,1304,0,0,0,3
EMP0155-2025-11,EMP0155,Sawsan Lindqvist,Female,1992-11-16,2024-05-01,,Active,2,2,DEP06,Operations,JOB11,Operations Coordinator,2025-11-01,20,14266.67,14266.67,1284.61,23,0,8,3
EMP0155-2025-12,EMP0155,Sawsan Lindqvist,Female,1992-11-16,2024-05-01,,Active,2,2,DEP06,Operations,JOB11,Operations Coordinator,2025-12-01,23,14266.67,14266.67,0,0,0,0,4
EMP0156-2024-01,EMP0156,Sara Oyono,Female,1969-08-20,2021-09-11,,Active,19,4,DEP06,Operations,JOB11,Operations Coordinator,2024-01-01,23,43659.54,43659.54,2207.81,38,0,16,4
EMP0156-2024-02,EMP0156,Sara Oyono,Female,1969-08-20,2021-09-11,,Active,19,4,DEP06,Operations,JOB11,Operations Coordinator,2024-02-01,21,43659.54,43659.54,0,22,3,0,3
EMP0156-2024-03,EMP0156,Sara Oyono,Female,1969-08-20,2021-09-11,,Active,19,4,DEP06,Operations,JOB11,Operations Coordinator,2024-03-01,21,43659.54,43659.54,0,36,1,1,3
EMP0156-2024-04,EMP0156,Sara Oyono,Female,1969-08-20,2021-09-11,,Active,19,4,DEP06,Operations,JOB11,Operations Coordinator,2024-04-01,22,43659.54,43659.54,921.78,8,3,0,4
EMP0156-2024-05,EMP0156,Sara Oyono,Female,1969-08-20,2021-09-11,,Active,19,4,DEP06,Operations,JOB11,Operations Coordinator,2024-05-01,23,43659.54,43659.54,0,12,0,7,3
EMP0156-2024-06,EMP0156,Sara Oyono,Female,1969-08-20,2021-09-11,,Active,19,4,DEP06,Operations,JOB11,Operations Coordinator,2024-06-01,20,43659.54,43659.54,0,0,0,6,3
EMP0156-2024-07,EMP0156,Sara Oyono,Female,1969-08-20,2021-09-11,,Active,19,4,DEP06,Operations,JOB11,Operations Coordinator,2024-07-01,23,43659.54,43659.54,0,10,0,0,3
EMP0156-2024-08,EMP0156,Sara Oyono,Female,1969-08-20,2021-09-11,,Active,19,4,DEP06,Operations,JOB11,Operations Coordinator,2024-08-01,22,43659.54,43659.54,0,4,2,5,3
EMP0156-2024-09,EMP0156,Sara Oyono,Female,1969-08-20,2021-09-11,,Active,19,4,DEP06,Operations,JOB11,Operations Coordinator,2024-09-01,21,43659.54,43659.54,0,0,0,3,3
EMP0156-2024-10,EMP0156,Sara Oyono,Female,1969-08-20,2021-09-11,,Active,19,4,DEP06,Operations,JOB11,Operations Coordinator,2024-10-01,23,43659.54,43659.54,0,8,3,4,4
EMP0156-2024-11,EMP0156,Sara Oyono,Female,1969-08-20,2021-09-11,,Active,19,4,DEP06,Operations,JOB11,Operations Coordinator,2024-11-01,21,43659.54,43659.54,0,11,3,6,3
EMP0156-2024-12,EMP0156,Sara Oyono,Female,1969-08-20,2021-09-11,,Active,19,4,DEP06,Operations,JOB11,Operations Coordinator,2024-12-01,22,43659.54,43659.54,0,0,0,0,3
EMP0156-2025-01,EMP0156,Sara Oyono,Female,1969-08-20,2021-09-11,,Active,19,4,DEP06,Operations,JOB11,Operations Coordinator,2025-01-01,23,47099.32,47099.32,0,0,0,0,4
EMP0156-2025-02,EMP0156,Sara Oyono,Female,1969-08-20,2021-09-11,,Active,19,4,DEP06,Operations,JOB11,Operations Coordinator,2025-02-01,20,47099.32,47099.32,0,8,0,12,3
EMP0156-2025-03,EMP0156,Sara Oyono,Female,1969-08-20,2021-09-11,,Active,19,4,DEP06,Operations,JOB11,Operations Coordinator,2025-03-01,21,47099.32,47099.32,6498.62,40,0,0,3
EMP0156-2025-04,EMP0156,Sara Oyono,Female,1969-08-20,2021-09-11,,Active,19,4,DEP06,Operations,JOB11,Operations Coordinator,2025-04-01,22,47099.32,47099.32,0,0,0,0,3
EMP0156-2025-05,EMP0156,Sara Oyono,Female,1969-08-20,2021-09-11,,Active,19,4,DEP06,Operations,JOB11,Operations Coordinator,2025-05-01,22,47099.32,47099.32,0,16,0,0,4
EMP0156-2025-06,EMP0156,Sara Oyono,Female,1969-08-20,2021-09-11,,Active,19,4,DEP06,Operations,JOB11,Operations Coordinator,2025-06-01,21,47099.32,47099.32,5924.84,0,0,4,3
EMP0156-2025-07,EMP0156,Sara Oyono,Female,1969-08-20,2021-09-11,,Active,19,4,DEP06,Operations,JOB11,Operations Coordinator,2025-07-01,23,47099.32,47099.32,5643.19,0,2,13,4
EMP0156-2025-08,EMP0156,Sara Oyono,Female,1969-08-20,2021-09-11,,Active,19,4,DEP06,Operations,JOB11,Operations Coordinator,2025-08-01,21,47099.32,47099.32,0,4,0,0,4
EMP0156-2025-09,EMP0156,Sara Oyono,Female,1969-08-20,2021-09-11,,Active,19,4,DEP06,Operations,JOB11,Operations Coordinator,2025-09-01,22,47099.32,47099.32,0,0,1,11,3
EMP0156-2025-10,EMP0156,Sara Oyono,Female,1969-08-20,2021-09-11,,Active,19,4,DEP06,Operations,JOB11,Operations Coordinator,2025-10-01,23,47099.32,47099.32,0,21,0,0,3
EMP0156-2025-11,EMP0156,Sara Oyono,Female,1969-08-20,2021-09-11,,Active,19,4,DEP06,Operations,JOB11,Operations Coordinator,2025-11-01,20,47099.32,47099.32,0,3,3,0,3
EMP0156-2025-12,EMP0156,Sara Oyono,Female,1969-08-20,2021-09-11,,Active,19,4,DEP06,Operations,JOB11,Operations Coordinator,2025-12-01,23,47099.32,47099.32,5467.86,21,1,0,3
EMP0157-2024-01,EMP0157,Rudy Montoya,Male,1978-11-18,2020-01-04,,Active,5,2,DEP06,Operations,JOB11,Operations Coordinator,2024-01-01,23,15102.61,15102.61,2146.02,19,1,0,4
EMP0157-2024-02,EMP0157,Rudy Montoya,Male,1978-11-18,2020-01-04,,Active,5,2,DEP06,Operations,JOB11,Operations Coordinator,2024-02-01,21,15102.61,15102.61,0,0,0,0,3
EMP0157-2024-03,EMP0157,Rudy Montoya,Male,1978-11-18,2020-01-04,,Active,5,2,DEP06,Operations,JOB11,Operations Coordinator,2024-03-01,21,15102.61,15102.61,0,0,0,0,4
EMP0157-2024-04,EMP0157,Rudy Montoya,Male,1978-11-18,2020-01-04,,Active,5,2,DEP06,Operations,JOB11,Operations Coordinator,2024-04-01,22,15102.61,15102.61,0,0,0,6,3
EMP0157-2024-05,EMP0157,Rudy Montoya,Male,1978-11-18,2020-01-04,,Active,5,2,DEP06,Operations,JOB11,Operations Coordinator,2024-05-01,23,15102.61,15102.61,0,0,0,14,4
EMP0157-2024-06,EMP0157,Rudy Montoya,Male,1978-11-18,2020-01-04,,Active,5,2,DEP06,Operations,JOB11,Operations Coordinator,2024-06-01,20,15102.61,15102.61,0,0,0,0,4
EMP0157-2024-07,EMP0157,Rudy Montoya,Male,1978-11-18,2020-01-04,,Active,5,2,DEP06,Operations,JOB11,Operations Coordinator,2024-07-01,23,15102.61,15102.61,0,23,0,0,4
EMP0157-2024-08,EMP0157,Rudy Montoya,Male,1978-11-18,2020-01-04,,Active,5,2,DEP06,Operations,JOB11,Operations Coordinator,2024-08-01,22,15102.61,15102.61,1649.08,0,2,4,4
EMP0157-2024-09,EMP0157,Rudy Montoya,Male,1978-11-18,2020-01-04,,Active,5,2,DEP06,Operations,JOB11,Operations Coordinator,2024-09-01,21,15102.61,15102.61,0,0,2,0,4
EMP0157-2024-10,EMP0157,Rudy Montoya,Male,1978-11-18,2020-01-04,,Active,5,2,DEP06,Operations,JOB11,Operations Coordinator,2024-10-01,23,15102.61,15102.61,0,0,2,1,3
EMP0157-2024-11,EMP0157,Rudy Montoya,Male,1978-11-18,2020-01-04,,Active,5,2,DEP06,Operations,JOB11,Operations Coordinator,2024-11-01,21,15102.61,15102.61,0,24,0,0,3
EMP0157-2024-12,EMP0157,Rudy Montoya,Male,1978-11-18,2020-01-04,,Active,5,2,DEP06,Operations,JOB11,Operations Coordinator,2024-12-01,22,15102.61,15102.61,0,5,0,10,4
EMP0157-2025-01,EMP0157,Rudy Montoya,Male,1978-11-18,2020-01-04,,Active,5,2,DEP06,Operations,JOB11,Operations Coordinator,2025-01-01,23,16264.93,16264.93,1140.37,1,1,0,3
EMP0157-2025-02,EMP0157,Rudy Montoya,Male,1978-11-18,2020-01-04,,Active,5,2,DEP06,Operations,JOB11,Operations Coordinator,2025-02-01,20,16264.93,16264.93,593.26,8,0,10,4
EMP0157-2025-03,EMP0157,Rudy Montoya,Male,1978-11-18,2020-01-04,,Active,5,2,DEP06,Operations,JOB11,Operations Coordinator,2025-03-01,21,16264.93,16264.93,751.39,3,0,2,4
EMP0157-2025-04,EMP0157,Rudy Montoya,Male,1978-11-18,2020-01-04,,Active,5,2,DEP06,Operations,JOB11,Operations Coordinator,2025-04-01,22,16264.93,16264.93,0,5,0,0,4
EMP0157-2025-05,EMP0157,Rudy Montoya,Male,1978-11-18,2020-01-04,,Active,5,2,DEP06,Operations,JOB11,Operations Coordinator,2025-05-01,22,16264.93,16264.93,0,0,1,11,4
EMP0157-2025-06,EMP0157,Rudy Montoya,Male,1978-11-18,2020-01-04,,Active,5,2,DEP06,Operations,JOB11,Operations Coordinator,2025-06-01,21,16264.93,16264.93,2209.67,6,2,8,4
EMP0157-2025-07,EMP0157,Rudy Montoya,Male,1978-11-18,2020-01-04,,Active,5,2,DEP06,Operations,JOB11,Operations Coordinator,2025-07-01,23,16264.93,16264.93,0,12,0,4,4
EMP0157-2025-08,EMP0157,Rudy Montoya,Male,1978-11-18,2020-01-04,,Active,5,2,DEP06,Operations,JOB11,Operations Coordinator,2025-08-01,21,16264.93,16264.93,422.87,19,0,0,3
EMP0157-2025-09,EMP0157,Rudy Montoya,Male,1978-11-18,2020-01-04,,Active,5,2,DEP06,Operations,JOB11,Operations Coordinator,2025-09-01,22,16264.93,16264.93,0,22,3,0,4
EMP0157-2025-10,EMP0157,Rudy Montoya,Male,1978-11-18,2020-01-04,,Active,5,2,DEP06,Operations,JOB11,Operations Coordinator,2025-10-01,23,16264.93,16264.93,0,8,0,5,3
EMP0157-2025-11,EMP0157,Rudy Montoya,Male,1978-11-18,2020-01-04,,Active,5,2,DEP06,Operations,JOB11,Operations Coordinator,2025-11-01,20,16264.93,16264.93,0,16,1,1,4
EMP0157-2025-12,EMP0157,Rudy Montoya,Male,1978-11-18,2020-01-04,,Active,5,2,DEP06,Operations,JOB11,Operations Coordinator,2025-12-01,23,16264.93,16264.93,0,16,0,5,4
EMP0158-2024-05,EMP0158,Thomas Gauci,Male,1998-08-15,2024-05-16,,Active,1,1,DEP02,Finance,JOB03,Accountant,2024-05-01,12,9473.27,4942.58,0,8,2,0,4
EMP0158-2024-06,EMP0158,Thomas Gauci,Male,1998-08-15,2024-05-16,,Active,1,1,DEP02,Finance,JOB03,Accountant,2024-06-01,20,9473.27,9473.27,0,0,0,3,4
EMP0158-2024-07,EMP0158,Thomas Gauci,Male,1998-08-15,2024-05-16,,Active,1,1,DEP02,Finance,JOB03,Accountant,2024-07-01,23,9473.27,9473.27,912.34,0,2,5,4
EMP0158-2024-08,EMP0158,Thomas Gauci,Male,1998-08-15,2024-05-16,,Active,1,1,DEP02,Finance,JOB03,Accountant,2024-08-01,22,9473.27,9473.27,0,8,0,0,4
EMP0158-2024-09,EMP0158,Thomas Gauci,Male,1998-08-15,2024-05-16,,Active,1,1,DEP02,Finance,JOB03,Accountant,2024-09-01,21,9473.27,9473.27,0,13,4,12,4
EMP0158-2024-10,EMP0158,Thomas Gauci,Male,1998-08-15,2024-05-16,,Active,1,1,DEP02,Finance,JOB03,Accountant,2024-10-01,23,9473.27,9473.27,621.57,9,0,12,4
EMP0158-2024-11,EMP0158,Thomas Gauci,Male,1998-08-15,2024-05-16,,Active,1,1,DEP02,Finance,JOB03,Accountant,2024-11-01,21,9473.27,9473.27,1322.31,1,1,0,3
EMP0158-2024-12,EMP0158,Thomas Gauci,Male,1998-08-15,2024-05-16,,Active,1,1,DEP02,Finance,JOB03,Accountant,2024-12-01,22,9473.27,9473.27,0,11,0,7,3
EMP0158-2025-01,EMP0158,Thomas Gauci,Male,1998-08-15,2024-05-16,,Active,1,1,DEP02,Finance,JOB03,Accountant,2025-01-01,23,10417.87,10417.87,0,5,0,6,4
EMP0158-2025-02,EMP0158,Thomas Gauci,Male,1998-08-15,2024-05-16,,Active,1,1,DEP02,Finance,JOB03,Accountant,2025-02-01,20,10417.87,10417.87,0,0,1,2,4
EMP0158-2025-03,EMP0158,Thomas Gauci,Male,1998-08-15,2024-05-16,,Active,1,1,DEP02,Finance,JOB03,Accountant,2025-03-01,21,10417.87,10417.87,0,1,3,1,4
EMP0158-2025-04,EMP0158,Thomas Gauci,Male,1998-08-15,2024-05-16,,Active,1,1,DEP02,Finance,JOB03,Accountant,2025-04-01,22,10417.87,10417.87,1465.1,37,0,0,4
EMP0158-2025-05,EMP0158,Thomas Gauci,Male,1998-08-15,2024-05-16,,Active,1,1,DEP02,Finance,JOB03,Accountant,2025-05-01,22,10417.87,10417.87,0,39,0,0,4
EMP0158-2025-06,EMP0158,Thomas Gauci,Male,1998-08-15,2024-05-16,,Active,1,1,DEP02,Finance,JOB03,Accountant,2025-06-01,21,10417.87,10417.87,1357.03,8,1,1,3
EMP0158-2025-07,EMP0158,Thomas Gauci,Male,1998-08-15,2024-05-16,,Active,1,1,DEP02,Finance,JOB03,Accountant,2025-07-01,23,10417.87,10417.87,0,6,1,3,3
EMP0158-2025-08,EMP0158,Thomas Gauci,Male,1998-08-15,2024-05-16,,Active,1,1,DEP02,Finance,JOB03,Accountant,2025-08-01,21,10417.87,10417.87,0,1,1,0,3
EMP0158-2025-09,EMP0158,Thomas Gauci,Male,1998-08-15,2024-05-16,,Active,1,1,DEP02,Finance,JOB03,Accountant,2025-09-01,22,10417.87,10417.87,0,34,1,5,4
EMP0158-2025-10,EMP0158,Thomas Gauci,Male,1998-08-15,2024-05-16,,Active,1,1,DEP02,Finance,JOB03,Accountant,2025-10-01,23,10417.87,10417.87,0,0,0,0,4
EMP0158-2025-11,EMP0158,Thomas Gauci,Male,1998-08-15,2024-05-16,,Active,1,1,DEP02,Finance,JOB03,Accountant,2025-11-01,20,10417.87,10417.87,1106.02,10,1,4,4
EMP0158-2025-12,EMP0158,Thomas Gauci,Male,1998-08-15,2024-05-16,,Active,1,1,DEP02,Finance,JOB03,Accountant,2025-12-01,23,10417.87,10417.87,370.38,0,0,0,4
EMP0159-2024-01,EMP0159,Samuel Janežič,Male,1982-11-24,2018-05-14,,Active,0,1,DEP03,Information Technology,JOB06,IT Support Specialist,2024-01-01,23,8237.39,8237.39,0,0,0,0,3
EMP0159-2024-02,EMP0159,Samuel Janežič,Male,1982-11-24,2018-05-14,,Active,0,1,DEP03,Information Technology,JOB06,IT Support Specialist,2024-02-01,21,8237.39,8237.39,0,9,0,6,4
EMP0159-2024-03,EMP0159,Samuel Janežič,Male,1982-11-24,2018-05-14,,Active,0,1,DEP03,Information Technology,JOB06,IT Support Specialist,2024-03-01,21,8237.39,8237.39,0,0,0,14,3
EMP0159-2024-04,EMP0159,Samuel Janežič,Male,1982-11-24,2018-05-14,,Active,0,1,DEP03,Information Technology,JOB06,IT Support Specialist,2024-04-01,22,8237.39,8237.39,0,0,3,8,3
EMP0159-2024-05,EMP0159,Samuel Janežič,Male,1982-11-24,2018-05-14,,Active,0,1,DEP03,Information Technology,JOB06,IT Support Specialist,2024-05-01,23,8237.39,8237.39,0,7,0,2,3
EMP0159-2024-06,EMP0159,Samuel Janežič,Male,1982-11-24,2018-05-14,,Active,0,1,DEP03,Information Technology,JOB06,IT Support Specialist,2024-06-01,20,8237.39,8237.39,0,15,1,7,3
EMP0159-2024-07,EMP0159,Samuel Janežič,Male,1982-11-24,2018-05-14,,Active,0,1,DEP03,Information Technology,JOB06,IT Support Specialist,2024-07-01,23,8237.39,8237.39,0,0,1,0,3
EMP0159-2024-08,EMP0159,Samuel Janežič,Male,1982-11-24,2018-05-14,,Active,0,1,DEP03,Information Technology,JOB06,IT Support Specialist,2024-08-01,22,8237.39,8237.39,0,7,0,9,3
EMP0159-2024-09,EMP0159,Samuel Janežič,Male,1982-11-24,2018-05-14,,Active,0,1,DEP03,Information Technology,JOB06,IT Support Specialist,2024-09-01,21,8237.39,8237.39,0,0,0,3,2
EMP0159-2024-10,EMP0159,Samuel Janežič,Male,1982-11-24,2018-05-14,,Active,0,1,DEP03,Information Technology,JOB06,IT Support Specialist,2024-10-01,23,8237.39,8237.39,438.82,0,1,0,3
EMP0159-2024-11,EMP0159,Samuel Janežič,Male,1982-11-24,2018-05-14,,Active,0,1,DEP03,Information Technology,JOB06,IT Support Specialist,2024-11-01,21,8237.39,8237.39,0,23,0,6,3
EMP0159-2024-12,EMP0159,Samuel Janežič,Male,1982-11-24,2018-05-14,,Active,0,1,DEP03,Information Technology,JOB06,IT Support Specialist,2024-12-01,22,8237.39,8237.39,0,1,0,2,3
EMP0159-2025-01,EMP0159,Samuel Janežič,Male,1982-11-24,2018-05-14,,Active,0,1,DEP03,Information Technology,JOB06,IT Support Specialist,2025-01-01,23,8937.14,8937.14,0,0,2,0,4
EMP0159-2025-02,EMP0159,Samuel Janežič,Male,1982-11-24,2018-05-14,,Active,0,1,DEP03,Information Technology,JOB06,IT Support Specialist,2025-02-01,20,8937.14,8937.14,0,24,2,8,3
EMP0159-2025-03,EMP0159,Samuel Janežič,Male,1982-11-24,2018-05-14,,Active,0,1,DEP03,Information Technology,JOB06,IT Support Specialist,2025-03-01,21,8937.14,8937.14,0,0,1,3,2
EMP0159-2025-04,EMP0159,Samuel Janežič,Male,1982-11-24,2018-05-14,,Active,0,1,DEP03,Information Technology,JOB06,IT Support Specialist,2025-04-01,22,8937.14,8937.14,0,0,1,0,3
EMP0159-2025-05,EMP0159,Samuel Janežič,Male,1982-11-24,2018-05-14,,Active,0,1,DEP03,Information Technology,JOB06,IT Support Specialist,2025-05-01,22,8937.14,8937.14,1199.81,7,1,2,3
EMP0159-2025-06,EMP0159,Samuel Janežič,Male,1982-11-24,2018-05-14,,Active,0,1,DEP03,Information Technology,JOB06,IT Support Specialist,2025-06-01,21,8937.14,8937.14,0,37,1,9,3
EMP0159-2025-07,EMP0159,Samuel Janežič,Male,1982-11-24,2018-05-14,,Active,0,1,DEP03,Information Technology,JOB06,IT Support Specialist,2025-07-01,23,8937.14,8937.14,0,0,0,0,4
EMP0159-2025-08,EMP0159,Samuel Janežič,Male,1982-11-24,2018-05-14,,Active,0,1,DEP03,Information Technology,JOB06,IT Support Specialist,2025-08-01,21,8937.14,8937.14,0,19,0,2,3
EMP0159-2025-09,EMP0159,Samuel Janežič,Male,1982-11-24,2018-05-14,,Active,0,1,DEP03,Information Technology,JOB06,IT Support Specialist,2025-09-01,22,8937.14,8937.14,0,0,4,0,3
EMP0159-2025-10,EMP0159,Samuel Janežič,Male,1982-11-24,2018-05-14,,Active,0,1,DEP03,Information Technology,JOB06,IT Support Specialist,2025-10-01,23,8937.14,8937.14,0,13,1,0,3
EMP0159-2025-11,EMP0159,Samuel Janežič,Male,1982-11-24,2018-05-14,,Active,0,1,DEP03,Information Technology,JOB06,IT Support Specialist,2025-11-01,20,8937.14,8937.14,812.99,0,0,0,3
EMP0159-2025-12,EMP0159,Samuel Janežič,Male,1982-11-24,2018-05-14,,Active,0,1,DEP03,Information Technology,JOB06,IT Support Specialist,2025-12-01,23,8937.14,8937.14,0,0,0,1,3
EMP0160-2024-01,EMP0160,Upendo Kjellberg,Female,1992-02-27,2023-02-05,,Active,5,3,DEP03,Information Technology,JOB06,IT Support Specialist,2024-01-01,23,19940.32,19940.32,0,1,2,0,3
EMP0160-2024-02,EMP0160,Upendo Kjellberg,Female,1992-02-27,2023-02-05,,Active,5,3,DEP03,Information Technology,JOB06,IT Support Specialist,2024-02-01,21,19940.32,19940.32,0,10,1,0,3
EMP0160-2024-03,EMP0160,Upendo Kjellberg,Female,1992-02-27,2023-02-05,,Active,5,3,DEP03,Information Technology,JOB06,IT Support Specialist,2024-03-01,21,19940.32,19940.32,0,5,1,0,3
EMP0160-2024-04,EMP0160,Upendo Kjellberg,Female,1992-02-27,2023-02-05,,Active,5,3,DEP03,Information Technology,JOB06,IT Support Specialist,2024-04-01,22,19940.32,19940.32,0,0,1,2,3
EMP0160-2024-05,EMP0160,Upendo Kjellberg,Female,1992-02-27,2023-02-05,,Active,5,3,DEP03,Information Technology,JOB06,IT Support Specialist,2024-05-01,23,19940.32,19940.32,446.27,19,3,7,3
EMP0160-2024-06,EMP0160,Upendo Kjellberg,Female,1992-02-27,2023-02-05,,Active,5,3,DEP03,Information Technology,JOB06,IT Support Specialist,2024-06-01,20,19940.32,19940.32,0,8,0,0,3
EMP0160-2024-07,EMP0160,Upendo Kjellberg,Female,1992-02-27,2023-02-05,,Active,5,3,DEP03,Information Technology,JOB06,IT Support Specialist,2024-07-01,23,19940.32,19940.32,1111.3,2,1,11,3
EMP0160-2024-08,EMP0160,Upendo Kjellberg,Female,1992-02-27,2023-02-05,,Active,5,3,DEP03,Information Technology,JOB06,IT Support Specialist,2024-08-01,22,19940.32,19940.32,0,2,0,1,3
EMP0160-2024-09,EMP0160,Upendo Kjellberg,Female,1992-02-27,2023-02-05,,Active,5,3,DEP03,Information Technology,JOB06,IT Support Specialist,2024-09-01,21,19940.32,19940.32,2415.76,18,2,2,4
EMP0160-2024-10,EMP0160,Upendo Kjellberg,Female,1992-02-27,2023-02-05,,Active,5,3,DEP03,Information Technology,JOB06,IT Support Specialist,2024-10-01,23,19940.32,19940.32,2914.08,0,1,0,4
EMP0160-2024-11,EMP0160,Upendo Kjellberg,Female,1992-02-27,2023-02-05,,Active,5,3,DEP03,Information Technology,JOB06,IT Support Specialist,2024-11-01,21,19940.32,19940.32,2657.37,0,0,0,4
EMP0160-2024-12,EMP0160,Upendo Kjellberg,Female,1992-02-27,2023-02-05,,Active,5,3,DEP03,Information Technology,JOB06,IT Support Specialist,2024-12-01,22,19940.32,19940.32,0,17,0,0,2
EMP0160-2025-01,EMP0160,Upendo Kjellberg,Female,1992-02-27,2023-02-05,,Active,5,3,DEP03,Information Technology,JOB06,IT Support Specialist,2025-01-01,23,21531.15,21531.15,3067.68,0,0,13,4
EMP0160-2025-02,EMP0160,Upendo Kjellberg,Female,1992-02-27,2023-02-05,,Active,5,3,DEP03,Information Technology,JOB06,IT Support Specialist,2025-02-01,20,21531.15,21531.15,0,0,1,0,3
EMP0160-2025-03,EMP0160,Upendo Kjellberg,Female,1992-02-27,2023-02-05,,Active,5,3,DEP03,Information Technology,JOB06,IT Support Specialist,2025-03-01,21,21531.15,21531.15,2985.68,0,3,3,3
EMP0160-2025-04,EMP0160,Upendo Kjellberg,Female,1992-02-27,2023-02-05,,Active,5,3,DEP03,Information Technology,JOB06,IT Support Specialist,2025-04-01,22,21531.15,21531.15,0,16,1,0,3
EMP0160-2025-05,EMP0160,Upendo Kjellberg,Female,1992-02-27,2023-02-05,,Active,5,3,DEP03,Information Technology,JOB06,IT Support Specialist,2025-05-01,22,21531.15,21531.15,0,0,0,0,2
EMP0160-2025-06,EMP0160,Upendo Kjellberg,Female,1992-02-27,2023-02-05,,Active,5,3,DEP03,Information Technology,JOB06,IT Support Specialist,2025-06-01,21,21531.15,21531.15,0,3,0,0,3
EMP0160-2025-07,EMP0160,Upendo Kjellberg,Female,1992-02-27,2023-02-05,,Active,5,3,DEP03,Information Technology,JOB06,IT Support Specialist,2025-07-01,23,21531.15,21531.15,0,0,0,0,3
EMP0160-2025-08,EMP0160,Upendo Kjellberg,Female,1992-02-27,2023-02-05,,Active,5,3,DEP03,Information Technology,JOB06,IT Support Specialist,2025-08-01,21,21531.15,21531.15,0,15,2,1,3
EMP0160-2025-09,EMP0160,Upendo Kjellberg,Female,1992-02-27,2023-02-05,,Active,5,3,DEP03,Information Technology,JOB06,IT Support Specialist,2025-09-01,22,21531.15,21531.15,0,9,3,1,3
EMP0160-2025-10,EMP0160,Upendo Kjellberg,Female,1992-02-27,2023-02-05,,Active,5,3,DEP03,Information Technology,JOB06,IT Support Specialist,2025-10-01,23,21531.15,21531.15,0,4,0,0,2
EMP0160-2025-11,EMP0160,Upendo Kjellberg,Female,1992-02-27,2023-02-05,,Active,5,3,DEP03,Information Technology,JOB06,IT Support Specialist,2025-11-01,20,21531.15,21531.15,0,0,4,12,3
EMP0160-2025-12,EMP0160,Upendo Kjellberg,Female,1992-02-27,2023-02-05,,Active,5,3,DEP03,Information Technology,JOB06,IT Support Specialist,2025-12-01,23,21531.15,21531.15,0,0,1,0,3
EMP0161-2024-01,EMP0161,Susana Fagerlund,Female,1999-02-17,2021-10-27,,Active,1,1,DEP01,Human Resources,JOB01,HR Specialist,2024-01-01,23,10307.33,10307.33,1414.65,3,2,4,3
EMP0161-2024-02,EMP0161,Susana Fagerlund,Female,1999-02-17,2021-10-27,,Active,1,1,DEP01,Human Resources,JOB01,HR Specialist,2024-02-01,21,10307.33,10307.33,0,0,0,7,4
EMP0161-2024-03,EMP0161,Susana Fagerlund,Female,1999-02-17,2021-10-27,,Active,1,1,DEP01,Human Resources,JOB01,HR Specialist,2024-03-01,21,10307.33,10307.33,0,0,0,6,4
EMP0161-2024-04,EMP0161,Susana Fagerlund,Female,1999-02-17,2021-10-27,,Active,1,1,DEP01,Human Resources,JOB01,HR Specialist,2024-04-01,22,10307.33,10307.33,0,28,0,7,3
EMP0161-2024-05,EMP0161,Susana Fagerlund,Female,1999-02-17,2021-10-27,,Active,1,1,DEP01,Human Resources,JOB01,HR Specialist,2024-05-01,23,10307.33,10307.33,0,0,3,4,3
EMP0161-2024-06,EMP0161,Susana Fagerlund,Female,1999-02-17,2021-10-27,,Active,1,1,DEP01,Human Resources,JOB01,HR Specialist,2024-06-01,20,10307.33,10307.33,0,6,0,1,3
EMP0161-2024-07,EMP0161,Susana Fagerlund,Female,1999-02-17,2021-10-27,,Active,1,1,DEP01,Human Resources,JOB01,HR Specialist,2024-07-01,23,10307.33,10307.33,1461.8,7,0,0,3
EMP0161-2024-08,EMP0161,Susana Fagerlund,Female,1999-02-17,2021-10-27,,Active,1,1,DEP01,Human Resources,JOB01,HR Specialist,2024-08-01,22,10307.33,10307.33,0,20,0,16,4
EMP0161-2024-09,EMP0161,Susana Fagerlund,Female,1999-02-17,2021-10-27,,Active,1,1,DEP01,Human Resources,JOB01,HR Specialist,2024-09-01,21,10307.33,10307.33,0,0,1,0,3
EMP0161-2024-10,EMP0161,Susana Fagerlund,Female,1999-02-17,2021-10-27,,Active,1,1,DEP01,Human Resources,JOB01,HR Specialist,2024-10-01,23,10307.33,10307.33,939.12,3,1,4,3
EMP0161-2024-11,EMP0161,Susana Fagerlund,Female,1999-02-17,2021-10-27,,Active,1,1,DEP01,Human Resources,JOB01,HR Specialist,2024-11-01,21,10307.33,10307.33,927.8,9,2,0,3
EMP0161-2024-12,EMP0161,Susana Fagerlund,Female,1999-02-17,2021-10-27,,Active,1,1,DEP01,Human Resources,JOB01,HR Specialist,2024-12-01,22,10307.33,10307.33,0,8,0,2,3
EMP0161-2025-01,EMP0161,Susana Fagerlund,Female,1999-02-17,2021-10-27,,Active,1,1,DEP01,Human Resources,JOB01,HR Specialist,2025-01-01,23,11139.09,11139.09,610.08,14,1,0,3
EMP0161-2025-02,EMP0161,Susana Fagerlund,Female,1999-02-17,2021-10-27,,Active,1,1,DEP01,Human Resources,JOB01,HR Specialist,2025-02-01,20,11139.09,11139.09,1159.85,15,0,7,3
EMP0161-2025-03,EMP0161,Susana Fagerlund,Female,1999-02-17,2021-10-27,,Active,1,1,DEP01,Human Resources,JOB01,HR Specialist,2025-03-01,21,11139.09,11139.09,0,14,0,0,3
EMP0161-2025-04,EMP0161,Susana Fagerlund,Female,1999-02-17,2021-10-27,,Active,1,1,DEP01,Human Resources,JOB01,HR Specialist,2025-04-01,22,11139.09,11139.09,0,17,0,0,3
EMP0161-2025-05,EMP0161,Susana Fagerlund,Female,1999-02-17,2021-10-27,,Active,1,1,DEP01,Human Resources,JOB01,HR Specialist,2025-05-01,22,11139.09,11139.09,958.75,0,3,0,3
EMP0161-2025-06,EMP0161,Susana Fagerlund,Female,1999-02-17,2021-10-27,,Active,1,1,DEP01,Human Resources,JOB01,HR Specialist,2025-06-01,21,11139.09,11139.09,0,7,0,2,4
EMP0161-2025-07,EMP0161,Susana Fagerlund,Female,1999-02-17,2021-10-27,,Active,1,1,DEP01,Human Resources,JOB01,HR Specialist,2025-07-01,23,11139.09,11139.09,0,4,2,4,3
EMP0161-2025-08,EMP0161,Susana Fagerlund,Female,1999-02-17,2021-10-27,,Active,1,1,DEP01,Human Resources,JOB01,HR Specialist,2025-08-01,21,11139.09,11139.09,0,0,2,0,4
EMP0161-2025-09,EMP0161,Susana Fagerlund,Female,1999-02-17,2021-10-27,,Active,1,1,DEP01,Human Resources,JOB01,HR Specialist,2025-09-01,22,11139.09,11139.09,0,7,0,0,3
EMP0161-2025-10,EMP0161,Susana Fagerlund,Female,1999-02-17,2021-10-27,,Active,1,1,DEP01,Human Resources,JOB01,HR Specialist,2025-10-01,23,11139.09,11139.09,0,0,1,4,4
EMP0161-2025-11,EMP0161,Susana Fagerlund,Female,1999-02-17,2021-10-27,,Active,1,1,DEP01,Human Resources,JOB01,HR Specialist,2025-11-01,20,11139.09,11139.09,665.43,4,2,5,4
EMP0161-2025-12,EMP0161,Susana Fagerlund,Female,1999-02-17,2021-10-27,,Active,1,1,DEP01,Human Resources,JOB01,HR Specialist,2025-12-01,23,11139.09,11139.09,0,21,0,0,3
EMP0162-2024-01,EMP0162,Karabo Nwachukwu,Male,1990-05-05,2017-05-04,,Active,2,1,DEP05,Marketing,JOB10,Marketing Analyst,2024-01-01,23,10473.41,10473.41,0,0,0,0,3
EMP0162-2024-02,EMP0162,Karabo Nwachukwu,Male,1990-05-05,2017-05-04,,Active,2,1,DEP05,Marketing,JOB10,Marketing Analyst,2024-02-01,21,10473.41,10473.41,0,0,0,0,3
EMP0162-2024-03,EMP0162,Karabo Nwachukwu,Male,1990-05-05,2017-05-04,,Active,2,1,DEP05,Marketing,JOB10,Marketing Analyst,2024-03-01,21,10473.41,10473.41,384.43,0,0,0,4
EMP0162-2024-04,EMP0162,Karabo Nwachukwu,Male,1990-05-05,2017-05-04,,Active,2,1,DEP05,Marketing,JOB10,Marketing Analyst,2024-04-01,22,10473.41,10473.41,1399.08,35,1,0,3
EMP0162-2024-05,EMP0162,Karabo Nwachukwu,Male,1990-05-05,2017-05-04,,Active,2,1,DEP05,Marketing,JOB10,Marketing Analyst,2024-05-01,23,10473.41,10473.41,522.19,0,0,4,3
EMP0162-2024-06,EMP0162,Karabo Nwachukwu,Male,1990-05-05,2017-05-04,,Active,2,1,DEP05,Marketing,JOB10,Marketing Analyst,2024-06-01,20,10473.41,10473.41,0,0,3,2,3
EMP0162-2024-07,EMP0162,Karabo Nwachukwu,Male,1990-05-05,2017-05-04,,Active,2,1,DEP05,Marketing,JOB10,Marketing Analyst,2024-07-01,23,10473.41,10473.41,293.6,7,1,0,3
EMP0162-2024-08,EMP0162,Karabo Nwachukwu,Male,1990-05-05,2017-05-04,,Active,2,1,DEP05,Marketing,JOB10,Marketing Analyst,2024-08-01,22,10473.41,10473.41,0,0,0,5,4
EMP0162-2024-09,EMP0162,Karabo Nwachukwu,Male,1990-05-05,2017-05-04,,Active,2,1,DEP05,Marketing,JOB10,Marketing Analyst,2024-09-01,21,10473.41,10473.41,773.46,0,1,7,3
EMP0162-2024-10,EMP0162,Karabo Nwachukwu,Male,1990-05-05,2017-05-04,,Active,2,1,DEP05,Marketing,JOB10,Marketing Analyst,2024-10-01,23,10473.41,10473.41,0,8,3,7,4
EMP0162-2024-11,EMP0162,Karabo Nwachukwu,Male,1990-05-05,2017-05-04,,Active,2,1,DEP05,Marketing,JOB10,Marketing Analyst,2024-11-01,21,10473.41,10473.41,1541.43,17,0,0,4
EMP0162-2024-12,EMP0162,Karabo Nwachukwu,Male,1990-05-05,2017-05-04,,Active,2,1,DEP05,Marketing,JOB10,Marketing Analyst,2024-12-01,22,10473.41,10473.41,913.58,40,1,1,3
EMP0162-2025-01,EMP0162,Karabo Nwachukwu,Male,1990-05-05,2017-05-04,,Active,2,1,DEP05,Marketing,JOB10,Marketing Analyst,2025-01-01,23,11162.14,11162.14,0,0,2,11,3
EMP0162-2025-02,EMP0162,Karabo Nwachukwu,Male,1990-05-05,2017-05-04,,Active,2,1,DEP05,Marketing,JOB10,Marketing Analyst,2025-02-01,20,11162.14,11162.14,0,38,1,0,3
EMP0162-2025-03,EMP0162,Karabo Nwachukwu,Male,1990-05-05,2017-05-04,,Active,2,1,DEP05,Marketing,JOB10,Marketing Analyst,2025-03-01,21,11162.14,11162.14,470.43,3,0,5,4
EMP0162-2025-04,EMP0162,Karabo Nwachukwu,Male,1990-05-05,2017-05-04,,Active,2,1,DEP05,Marketing,JOB10,Marketing Analyst,2025-04-01,22,11162.14,11162.14,0,12,3,0,3
EMP0162-2025-05,EMP0162,Karabo Nwachukwu,Male,1990-05-05,2017-05-04,,Active,2,1,DEP05,Marketing,JOB10,Marketing Analyst,2025-05-01,22,11162.14,11162.14,0,10,1,3,3
EMP0162-2025-06,EMP0162,Karabo Nwachukwu,Male,1990-05-05,2017-05-04,,Active,2,1,DEP05,Marketing,JOB10,Marketing Analyst,2025-06-01,21,11162.14,11162.14,1458.82,2,0,4,3
EMP0162-2025-07,EMP0162,Karabo Nwachukwu,Male,1990-05-05,2017-05-04,,Active,2,1,DEP05,Marketing,JOB10,Marketing Analyst,2025-07-01,23,11162.14,11162.14,0,0,0,16,3
EMP0162-2025-08,EMP0162,Karabo Nwachukwu,Male,1990-05-05,2017-05-04,,Active,2,1,DEP05,Marketing,JOB10,Marketing Analyst,2025-08-01,21,11162.14,11162.14,938.51,0,3,6,4
EMP0162-2025-09,EMP0162,Karabo Nwachukwu,Male,1990-05-05,2017-05-04,,Active,2,1,DEP05,Marketing,JOB10,Marketing Analyst,2025-09-01,22,11162.14,11162.14,1360.96,0,0,8,3
EMP0162-2025-10,EMP0162,Karabo Nwachukwu,Male,1990-05-05,2017-05-04,,Active,2,1,DEP05,Marketing,JOB10,Marketing Analyst,2025-10-01,23,11162.14,11162.14,0,2,2,2,4
EMP0162-2025-11,EMP0162,Karabo Nwachukwu,Male,1990-05-05,2017-05-04,,Active,2,1,DEP05,Marketing,JOB10,Marketing Analyst,2025-11-01,20,11162.14,11162.14,0,38,0,8,3
EMP0162-2025-12,EMP0162,Karabo Nwachukwu,Male,1990-05-05,2017-05-04,,Active,2,1,DEP05,Marketing,JOB10,Marketing Analyst,2025-12-01,23,11162.14,11162.14,687.28,0,0,0,4
EMP0163-2024-01,EMP0163,Musa Djoumoi,Male,1995-12-24,2020-03-20,,Active,3,2,DEP03,Information Technology,JOB06,IT Support Specialist,2024-01-01,23,12422.69,12422.69,0,0,0,0,3
EMP0163-2024-02,EMP0163,Musa Djoumoi,Male,1995-12-24,2020-03-20,,Active,3,2,DEP03,Information Technology,JOB06,IT Support Specialist,2024-02-01,21,12422.69,12422.69,0,22,1,0,4
EMP0163-2024-03,EMP0163,Musa Djoumoi,Male,1995-12-24,2020-03-20,,Active,3,2,DEP03,Information Technology,JOB06,IT Support Specialist,2024-03-01,21,12422.69,12422.69,1847.03,16,0,0,4
EMP0163-2024-04,EMP0163,Musa Djoumoi,Male,1995-12-24,2020-03-20,,Active,3,2,DEP03,Information Technology,JOB06,IT Support Specialist,2024-04-01,22,12422.69,12422.69,0,10,0,0,3
EMP0163-2024-05,EMP0163,Musa Djoumoi,Male,1995-12-24,2020-03-20,,Active,3,2,DEP03,Information Technology,JOB06,IT Support Specialist,2024-05-01,23,12422.69,12422.69,0,26,2,0,1
EMP0163-2024-06,EMP0163,Musa Djoumoi,Male,1995-12-24,2020-03-20,,Active,3,2,DEP03,Information Technology,JOB06,IT Support Specialist,2024-06-01,20,12422.69,12422.69,727.99,0,1,3,3
EMP0163-2024-07,EMP0163,Musa Djoumoi,Male,1995-12-24,2020-03-20,,Active,3,2,DEP03,Information Technology,JOB06,IT Support Specialist,2024-07-01,23,12422.69,12422.69,0,3,3,6,3
EMP0163-2024-08,EMP0163,Musa Djoumoi,Male,1995-12-24,2020-03-20,,Active,3,2,DEP03,Information Technology,JOB06,IT Support Specialist,2024-08-01,22,12422.69,12422.69,497.27,2,2,14,4
EMP0163-2024-09,EMP0163,Musa Djoumoi,Male,1995-12-24,2020-03-20,,Active,3,2,DEP03,Information Technology,JOB06,IT Support Specialist,2024-09-01,21,12422.69,12422.69,0,0,0,0,3
EMP0163-2024-10,EMP0163,Musa Djoumoi,Male,1995-12-24,2020-03-20,,Active,3,2,DEP03,Information Technology,JOB06,IT Support Specialist,2024-10-01,23,12422.69,12422.69,0,20,2,11,3
EMP0163-2024-11,EMP0163,Musa Djoumoi,Male,1995-12-24,2020-03-20,,Active,3,2,DEP03,Information Technology,JOB06,IT Support Specialist,2024-11-01,21,12422.69,12422.69,0,19,1,1,4
EMP0163-2024-12,EMP0163,Musa Djoumoi,Male,1995-12-24,2020-03-20,,Active,3,2,DEP03,Information Technology,JOB06,IT Support Specialist,2024-12-01,22,12422.69,12422.69,0,1,0,3,3
EMP0163-2025-01,EMP0163,Musa Djoumoi,Male,1995-12-24,2020-03-20,,Active,3,2,DEP03,Information Technology,JOB06,IT Support Specialist,2025-01-01,23,12963.6,12963.6,607.25,17,1,2,4
EMP0163-2025-02,EMP0163,Musa Djoumoi,Male,1995-12-24,2020-03-20,,Active,3,2,DEP03,Information Technology,JOB06,IT Support Specialist,2025-02-01,20,12963.6,12963.6,1824.2,4,1,0,3
EMP0163-2025-03,EMP0163,Musa Djoumoi,Male,1995-12-24,2020-03-20,,Active,3,2,DEP03,Information Technology,JOB06,IT Support Specialist,2025-03-01,21,12963.6,12963.6,0,0,1,14,3
EMP0163-2025-04,EMP0163,Musa Djoumoi,Male,1995-12-24,2020-03-20,,Active,3,2,DEP03,Information Technology,JOB06,IT Support Specialist,2025-04-01,22,12963.6,12963.6,570.78,6,3,2,5
EMP0163-2025-05,EMP0163,Musa Djoumoi,Male,1995-12-24,2020-03-20,,Active,3,2,DEP03,Information Technology,JOB06,IT Support Specialist,2025-05-01,22,12963.6,12963.6,0,2,0,0,3
EMP0163-2025-06,EMP0163,Musa Djoumoi,Male,1995-12-24,2020-03-20,,Active,3,2,DEP03,Information Technology,JOB06,IT Support Specialist,2025-06-01,21,12963.6,12963.6,0,1,0,7,3
EMP0163-2025-07,EMP0163,Musa Djoumoi,Male,1995-12-24,2020-03-20,,Active,3,2,DEP03,Information Technology,JOB06,IT Support Specialist,2025-07-01,23,12963.6,12963.6,0,9,2,0,4
EMP0163-2025-08,EMP0163,Musa Djoumoi,Male,1995-12-24,2020-03-20,,Active,3,2,DEP03,Information Technology,JOB06,IT Support Specialist,2025-08-01,21,12963.6,12963.6,1550.67,0,0,1,3
EMP0163-2025-09,EMP0163,Musa Djoumoi,Male,1995-12-24,2020-03-20,,Active,3,2,DEP03,Information Technology,JOB06,IT Support Specialist,2025-09-01,22,12963.6,12963.6,0,0,0,1,3
EMP0163-2025-10,EMP0163,Musa Djoumoi,Male,1995-12-24,2020-03-20,,Active,3,2,DEP03,Information Technology,JOB06,IT Support Specialist,2025-10-01,23,12963.6,12963.6,0,37,1,5,3
EMP0163-2025-11,EMP0163,Musa Djoumoi,Male,1995-12-24,2020-03-20,,Active,3,2,DEP03,Information Technology,JOB06,IT Support Specialist,2025-11-01,20,12963.6,12963.6,0,10,0,8,3
EMP0163-2025-12,EMP0163,Musa Djoumoi,Male,1995-12-24,2020-03-20,,Active,3,2,DEP03,Information Technology,JOB06,IT Support Specialist,2025-12-01,23,12963.6,12963.6,1817.31,2,0,0,3
EMP0164-2024-01,EMP0164,Chandima Fernandez,Female,1986-01-26,2017-03-29,2024-02-02,Left,6,3,DEP01,Human Resources,JOB01,HR Specialist,2024-01-01,23,26704.61,26704.61,0,27,0,0,3
EMP0164-2024-02,EMP0164,Chandima Fernandez,Female,1986-01-26,2017-03-29,2024-02-02,Left,6,3,DEP01,Human Resources,JOB01,HR Specialist,2024-02-01,2,26704.61,2543.3,0,0,2,0,3
EMP0165-2024-01,EMP0165,Teodora Al-Nsour,Female,1983-08-15,2020-07-10,,Active,11,4,DEP04,Sales,JOB07,Sales Executive,2024-01-01,23,39954.84,39954.84,3168.45,0,0,6,4
EMP0165-2024-02,EMP0165,Teodora Al-Nsour,Female,1983-08-15,2020-07-10,,Active,11,4,DEP04,Sales,JOB07,Sales Executive,2024-02-01,21,39954.84,39954.84,0,0,0,1,4
EMP0165-2024-03,EMP0165,Teodora Al-Nsour,Female,1983-08-15,2020-07-10,,Active,11,4,DEP04,Sales,JOB07,Sales Executive,2024-03-01,21,39954.84,39954.84,4063.28,0,2,2,4
EMP0165-2024-04,EMP0165,Teodora Al-Nsour,Female,1983-08-15,2020-07-10,,Active,11,4,DEP04,Sales,JOB07,Sales Executive,2024-04-01,22,39954.84,39954.84,0,0,0,5,4
EMP0165-2024-05,EMP0165,Teodora Al-Nsour,Female,1983-08-15,2020-07-10,,Active,11,4,DEP04,Sales,JOB07,Sales Executive,2024-05-01,23,39954.84,39954.84,0,29,0,0,3
EMP0165-2024-06,EMP0165,Teodora Al-Nsour,Female,1983-08-15,2020-07-10,,Active,11,4,DEP04,Sales,JOB07,Sales Executive,2024-06-01,20,39954.84,39954.84,0,0,1,9,3
EMP0165-2024-07,EMP0165,Teodora Al-Nsour,Female,1983-08-15,2020-07-10,,Active,11,4,DEP04,Sales,JOB07,Sales Executive,2024-07-01,23,39954.84,39954.84,2271.96,7,3,4,3
EMP0165-2024-08,EMP0165,Teodora Al-Nsour,Female,1983-08-15,2020-07-10,,Active,11,4,DEP04,Sales,JOB07,Sales Executive,2024-08-01,22,39954.84,39954.84,0,0,0,4,4
EMP0165-2024-09,EMP0165,Teodora Al-Nsour,Female,1983-08-15,2020-07-10,,Active,11,4,DEP04,Sales,JOB07,Sales Executive,2024-09-01,21,39954.84,39954.84,813.59,1,0,3,4
EMP0165-2024-10,EMP0165,Teodora Al-Nsour,Female,1983-08-15,2020-07-10,,Active,11,4,DEP04,Sales,JOB07,Sales Executive,2024-10-01,23,39954.84,39954.84,5894.13,0,1,5,3
EMP0165-2024-11,EMP0165,Teodora Al-Nsour,Female,1983-08-15,2020-07-10,,Active,11,4,DEP04,Sales,JOB07,Sales Executive,2024-11-01,21,39954.84,39954.84,0,0,2,6,3
EMP0165-2024-12,EMP0165,Teodora Al-Nsour,Female,1983-08-15,2020-07-10,,Active,11,4,DEP04,Sales,JOB07,Sales Executive,2024-12-01,22,39954.84,39954.84,3174.83,4,0,4,3
EMP0165-2025-01,EMP0165,Teodora Al-Nsour,Female,1983-08-15,2020-07-10,,Active,11,4,DEP04,Sales,JOB07,Sales Executive,2025-01-01,23,43709.54,43709.54,0,7,4,12,3
EMP0165-2025-02,EMP0165,Teodora Al-Nsour,Female,1983-08-15,2020-07-10,,Active,11,4,DEP04,Sales,JOB07,Sales Executive,2025-02-01,20,43709.54,43709.54,5791.55,12,1,0,4
EMP0165-2025-03,EMP0165,Teodora Al-Nsour,Female,1983-08-15,2020-07-10,,Active,11,4,DEP04,Sales,JOB07,Sales Executive,2025-03-01,21,43709.54,43709.54,5140.75,34,2,16,3
EMP0165-2025-04,EMP0165,Teodora Al-Nsour,Female,1983-08-15,2020-07-10,,Active,11,4,DEP04,Sales,JOB07,Sales Executive,2025-04-01,22,43709.54,43709.54,2810.85,20,0,0,3
EMP0165-2025-05,EMP0165,Teodora Al-Nsour,Female,1983-08-15,2020-07-10,,Active,11,4,DEP04,Sales,JOB07,Sales Executive,2025-05-01,22,43709.54,43709.54,1932.24,38,2,8,3
EMP0165-2025-06,EMP0165,Teodora Al-Nsour,Female,1983-08-15,2020-07-10,,Active,11,4,DEP04,Sales,JOB07,Sales Executive,2025-06-01,21,43709.54,43709.54,0,8,2,1,3
EMP0165-2025-07,EMP0165,Teodora Al-Nsour,Female,1983-08-15,2020-07-10,,Active,11,4,DEP04,Sales,JOB07,Sales Executive,2025-07-01,23,43709.54,43709.54,0,0,0,13,3
EMP0165-2025-08,EMP0165,Teodora Al-Nsour,Female,1983-08-15,2020-07-10,,Active,11,4,DEP04,Sales,JOB07,Sales Executive,2025-08-01,21,43709.54,43709.54,5148.57,0,0,8,4
EMP0165-2025-09,EMP0165,Teodora Al-Nsour,Female,1983-08-15,2020-07-10,,Active,11,4,DEP04,Sales,JOB07,Sales Executive,2025-09-01,22,43709.54,43709.54,4623.23,0,2,3,4
EMP0165-2025-10,EMP0165,Teodora Al-Nsour,Female,1983-08-15,2020-07-10,,Active,11,4,DEP04,Sales,JOB07,Sales Executive,2025-10-01,23,43709.54,43709.54,0,5,0,4,3
EMP0165-2025-11,EMP0165,Teodora Al-Nsour,Female,1983-08-15,2020-07-10,,Active,11,4,DEP04,Sales,JOB07,Sales Executive,2025-11-01,20,43709.54,43709.54,3439.27,8,0,13,4
EMP0165-2025-12,EMP0165,Teodora Al-Nsour,Female,1983-08-15,2020-07-10,,Active,11,4,DEP04,Sales,JOB07,Sales Executive,2025-12-01,23,43709.54,43709.54,0,25,3,0,4
EMP0166-2024-01,EMP0166,Shamsun Marpaung,Female,1979-03-27,2017-08-28,2025-03-12,Left,8,3,DEP02,Finance,JOB04,Financial Analyst,2024-01-01,23,22210.66,22210.66,0,0,0,12,3
EMP0166-2024-02,EMP0166,Shamsun Marpaung,Female,1979-03-27,2017-08-28,2025-03-12,Left,8,3,DEP02,Finance,JOB04,Financial Analyst,2024-02-01,21,22210.66,22210.66,0,12,0,4,3
EMP0166-2024-03,EMP0166,Shamsun Marpaung,Female,1979-03-27,2017-08-28,2025-03-12,Left,8,3,DEP02,Finance,JOB04,Financial Analyst,2024-03-01,21,22210.66,22210.66,0,1,1,0,3
EMP0166-2024-04,EMP0166,Shamsun Marpaung,Female,1979-03-27,2017-08-28,2025-03-12,Left,8,3,DEP02,Finance,JOB04,Financial Analyst,2024-04-01,22,22210.66,22210.66,0,4,0,14,3
EMP0166-2024-05,EMP0166,Shamsun Marpaung,Female,1979-03-27,2017-08-28,2025-03-12,Left,8,3,DEP02,Finance,JOB04,Financial Analyst,2024-05-01,23,22210.66,22210.66,0,27,1,0,3
EMP0166-2024-06,EMP0166,Shamsun Marpaung,Female,1979-03-27,2017-08-28,2025-03-12,Left,8,3,DEP02,Finance,JOB04,Financial Analyst,2024-06-01,20,22210.66,22210.66,0,8,0,6,3
EMP0166-2024-07,EMP0166,Shamsun Marpaung,Female,1979-03-27,2017-08-28,2025-03-12,Left,8,3,DEP02,Finance,JOB04,Financial Analyst,2024-07-01,23,22210.66,22210.66,1216.05,24,1,8,3
EMP0166-2024-08,EMP0166,Shamsun Marpaung,Female,1979-03-27,2017-08-28,2025-03-12,Left,8,3,DEP02,Finance,JOB04,Financial Analyst,2024-08-01,22,22210.66,22210.66,1872,0,3,0,3
EMP0166-2024-09,EMP0166,Shamsun Marpaung,Female,1979-03-27,2017-08-28,2025-03-12,Left,8,3,DEP02,Finance,JOB04,Financial Analyst,2024-09-01,21,22210.66,22210.66,0,0,4,1,3
EMP0166-2024-10,EMP0166,Shamsun Marpaung,Female,1979-03-27,2017-08-28,2025-03-12,Left,8,3,DEP02,Finance,JOB04,Financial Analyst,2024-10-01,23,22210.66,22210.66,1921.92,36,3,3,3
EMP0166-2024-11,EMP0166,Shamsun Marpaung,Female,1979-03-27,2017-08-28,2025-03-12,Left,8,3,DEP02,Finance,JOB04,Financial Analyst,2024-11-01,21,22210.66,22210.66,1149.48,3,1,2,3
EMP0166-2024-12,EMP0166,Shamsun Marpaung,Female,1979-03-27,2017-08-28,2025-03-12,Left,8,3,DEP02,Finance,JOB04,Financial Analyst,2024-12-01,22,22210.66,22210.66,0,5,2,7,3
EMP0166-2025-01,EMP0166,Shamsun Marpaung,Female,1979-03-27,2017-08-28,2025-03-12,Left,8,3,DEP02,Finance,JOB04,Financial Analyst,2025-01-01,23,23578.4,23578.4,0,0,2,14,3
EMP0166-2025-02,EMP0166,Shamsun Marpaung,Female,1979-03-27,2017-08-28,2025-03-12,Left,8,3,DEP02,Finance,JOB04,Financial Analyst,2025-02-01,20,23578.4,23578.4,1780.59,9,4,0,4
EMP0166-2025-03,EMP0166,Shamsun Marpaung,Female,1979-03-27,2017-08-28,2025-03-12,Left,8,3,DEP02,Finance,JOB04,Financial Analyst,2025-03-01,8,23578.4,8982.25,0,1,0,2,3
EMP0167-2024-01,EMP0167,Martine Horn,Female,1982-05-06,2023-10-15,,Active,3,1,DEP05,Marketing,JOB10,Marketing Analyst,2024-01-01,23,10937.31,10937.31,0,20,0,0,3
EMP0167-2024-02,EMP0167,Martine Horn,Female,1982-05-06,2023-10-15,,Active,3,1,DEP05,Marketing,JOB10,Marketing Analyst,2024-02-01,21,10937.31,10937.31,0,7,1,6,4
EMP0167-2024-03,EMP0167,Martine Horn,Female,1982-05-06,2023-10-15,,Active,3,1,DEP05,Marketing,JOB10,Marketing Analyst,2024-03-01,21,10937.31,10937.31,0,3,0,7,3
EMP0167-2024-04,EMP0167,Martine Horn,Female,1982-05-06,2023-10-15,,Active,3,1,DEP05,Marketing,JOB10,Marketing Analyst,2024-04-01,22,10937.31,10937.31,0,23,1,7,4
EMP0167-2024-05,EMP0167,Martine Horn,Female,1982-05-06,2023-10-15,,Active,3,1,DEP05,Marketing,JOB10,Marketing Analyst,2024-05-01,23,10937.31,10937.31,0,3,1,0,3
EMP0167-2024-06,EMP0167,Martine Horn,Female,1982-05-06,2023-10-15,,Active,3,1,DEP05,Marketing,JOB10,Marketing Analyst,2024-06-01,20,10937.31,10937.31,0,0,1,0,3
EMP0167-2024-07,EMP0167,Martine Horn,Female,1982-05-06,2023-10-15,,Active,3,1,DEP05,Marketing,JOB10,Marketing Analyst,2024-07-01,23,10937.31,10937.31,0,0,1,0,3
EMP0167-2024-08,EMP0167,Martine Horn,Female,1982-05-06,2023-10-15,,Active,3,1,DEP05,Marketing,JOB10,Marketing Analyst,2024-08-01,22,10937.31,10937.31,0,10,2,4,3
EMP0167-2024-09,EMP0167,Martine Horn,Female,1982-05-06,2023-10-15,,Active,3,1,DEP05,Marketing,JOB10,Marketing Analyst,2024-09-01,21,10937.31,10937.31,0,25,0,3,2
EMP0167-2024-10,EMP0167,Martine Horn,Female,1982-05-06,2023-10-15,,Active,3,1,DEP05,Marketing,JOB10,Marketing Analyst,2024-10-01,23,10937.31,10937.31,0,0,0,4,3
EMP0167-2024-11,EMP0167,Martine Horn,Female,1982-05-06,2023-10-15,,Active,3,1,DEP05,Marketing,JOB10,Marketing Analyst,2024-11-01,21,10937.31,10937.31,0,21,0,3,2
EMP0167-2024-12,EMP0167,Martine Horn,Female,1982-05-06,2023-10-15,,Active,3,1,DEP05,Marketing,JOB10,Marketing Analyst,2024-12-01,22,10937.31,10937.31,0,1,0,7,1
EMP0167-2025-01,EMP0167,Martine Horn,Female,1982-05-06,2023-10-15,,Active,3,1,DEP05,Marketing,JOB10,Marketing Analyst,2025-01-01,23,11398.45,11398.45,672,16,1,10,3
EMP0167-2025-02,EMP0167,Martine Horn,Female,1982-05-06,2023-10-15,,Active,3,1,DEP05,Marketing,JOB10,Marketing Analyst,2025-02-01,20,11398.45,11398.45,409.3,15,1,0,4
EMP0167-2025-03,EMP0167,Martine Horn,Female,1982-05-06,2023-10-15,,Active,3,1,DEP05,Marketing,JOB10,Marketing Analyst,2025-03-01,21,11398.45,11398.45,245.27,3,0,0,3
EMP0167-2025-04,EMP0167,Martine Horn,Female,1982-05-06,2023-10-15,,Active,3,1,DEP05,Marketing,JOB10,Marketing Analyst,2025-04-01,22,11398.45,11398.45,0,3,0,13,3
EMP0167-2025-05,EMP0167,Martine Horn,Female,1982-05-06,2023-10-15,,Active,3,1,DEP05,Marketing,JOB10,Marketing Analyst,2025-05-01,22,11398.45,11398.45,0,34,2,0,2
EMP0167-2025-06,EMP0167,Martine Horn,Female,1982-05-06,2023-10-15,,Active,3,1,DEP05,Marketing,JOB10,Marketing Analyst,2025-06-01,21,11398.45,11398.45,890.44,33,1,1,3
EMP0167-2025-07,EMP0167,Martine Horn,Female,1982-05-06,2023-10-15,,Active,3,1,DEP05,Marketing,JOB10,Marketing Analyst,2025-07-01,23,11398.45,11398.45,0,0,0,1,3
EMP0167-2025-08,EMP0167,Martine Horn,Female,1982-05-06,2023-10-15,,Active,3,1,DEP05,Marketing,JOB10,Marketing Analyst,2025-08-01,21,11398.45,11398.45,1577.23,6,2,3,4
EMP0167-2025-09,EMP0167,Martine Horn,Female,1982-05-06,2023-10-15,,Active,3,1,DEP05,Marketing,JOB10,Marketing Analyst,2025-09-01,22,11398.45,11398.45,0,19,4,0,3
EMP0167-2025-10,EMP0167,Martine Horn,Female,1982-05-06,2023-10-15,,Active,3,1,DEP05,Marketing,JOB10,Marketing Analyst,2025-10-01,23,11398.45,11398.45,0,0,0,0,3
EMP0167-2025-11,EMP0167,Martine Horn,Female,1982-05-06,2023-10-15,,Active,3,1,DEP05,Marketing,JOB10,Marketing Analyst,2025-11-01,20,11398.45,11398.45,0,0,2,0,1
EMP0167-2025-12,EMP0167,Martine Horn,Female,1982-05-06,2023-10-15,,Active,3,1,DEP05,Marketing,JOB10,Marketing Analyst,2025-12-01,23,11398.45,11398.45,0,5,3,1,3
EMP0168-2025-03,EMP0168,Laurent Sikora,Male,1987-03-25,2025-03-28,,Active,9,3,DEP06,Operations,JOB11,Operations Coordinator,2025-03-01,2,23893.87,2275.61,0,4,1,3,4
EMP0168-2025-04,EMP0168,Laurent Sikora,Male,1987-03-25,2025-03-28,,Active,9,3,DEP06,Operations,JOB11,Operations Coordinator,2025-04-01,22,23893.87,23893.87,1001.19,3,1,9,3
EMP0168-2025-05,EMP0168,Laurent Sikora,Male,1987-03-25,2025-03-28,,Active,9,3,DEP06,Operations,JOB11,Operations Coordinator,2025-05-01,22,23893.87,23893.87,965.52,27,2,5,5
EMP0168-2025-06,EMP0168,Laurent Sikora,Male,1987-03-25,2025-03-28,,Active,9,3,DEP06,Operations,JOB11,Operations Coordinator,2025-06-01,21,23893.87,23893.87,3287.67,7,1,0,4
EMP0168-2025-07,EMP0168,Laurent Sikora,Male,1987-03-25,2025-03-28,,Active,9,3,DEP06,Operations,JOB11,Operations Coordinator,2025-07-01,23,23893.87,23893.87,3061.42,0,1,0,4
EMP0168-2025-08,EMP0168,Laurent Sikora,Male,1987-03-25,2025-03-28,,Active,9,3,DEP06,Operations,JOB11,Operations Coordinator,2025-08-01,21,23893.87,23893.87,0,0,3,0,4
EMP0168-2025-09,EMP0168,Laurent Sikora,Male,1987-03-25,2025-03-28,,Active,9,3,DEP06,Operations,JOB11,Operations Coordinator,2025-09-01,22,23893.87,23893.87,0,18,1,12,4
EMP0168-2025-10,EMP0168,Laurent Sikora,Male,1987-03-25,2025-03-28,,Active,9,3,DEP06,Operations,JOB11,Operations Coordinator,2025-10-01,23,23893.87,23893.87,0,22,0,0,3
EMP0168-2025-11,EMP0168,Laurent Sikora,Male,1987-03-25,2025-03-28,,Active,9,3,DEP06,Operations,JOB11,Operations Coordinator,2025-11-01,20,23893.87,23893.87,0,17,1,0,4
EMP0168-2025-12,EMP0168,Laurent Sikora,Male,1987-03-25,2025-03-28,,Active,9,3,DEP06,Operations,JOB11,Operations Coordinator,2025-12-01,23,23893.87,23893.87,3185.89,0,3,0,4
EMP0169-2024-01,EMP0169,Mateus Dimitrov,Male,1980-12-01,2021-01-01,,Active,3,1,DEP01,Human Resources,JOB02,Recruiter,2024-01-01,23,10100.31,10100.31,402.61,0,2,0,4
EMP0169-2024-02,EMP0169,Mateus Dimitrov,Male,1980-12-01,2021-01-01,,Active,3,1,DEP01,Human Resources,JOB02,Recruiter,2024-02-01,21,10100.31,10100.31,496.23,21,0,0,3
EMP0169-2024-03,EMP0169,Mateus Dimitrov,Male,1980-12-01,2021-01-01,,Active,3,1,DEP01,Human Resources,JOB02,Recruiter,2024-03-01,21,10100.31,10100.31,0,0,0,13,3
EMP0169-2024-04,EMP0169,Mateus Dimitrov,Male,1980-12-01,2021-01-01,,Active,3,1,DEP01,Human Resources,JOB02,Recruiter,2024-04-01,22,10100.31,10100.31,0,8,1,0,4
EMP0169-2024-05,EMP0169,Mateus Dimitrov,Male,1980-12-01,2021-01-01,,Active,3,1,DEP01,Human Resources,JOB02,Recruiter,2024-05-01,23,10100.31,10100.31,302.26,22,0,3,3
EMP0169-2024-06,EMP0169,Mateus Dimitrov,Male,1980-12-01,2021-01-01,,Active,3,1,DEP01,Human Resources,JOB02,Recruiter,2024-06-01,20,10100.31,10100.31,0,3,1,3,4
EMP0169-2024-07,EMP0169,Mateus Dimitrov,Male,1980-12-01,2021-01-01,,Active,3,1,DEP01,Human Resources,JOB02,Recruiter,2024-07-01,23,10100.31,10100.31,0,5,3,0,3
EMP0169-2024-08,EMP0169,Mateus Dimitrov,Male,1980-12-01,2021-01-01,,Active,3,1,DEP01,Human Resources,JOB02,Recruiter,2024-08-01,22,10100.31,10100.31,0,0,0,15,4
EMP0169-2024-09,EMP0169,Mateus Dimitrov,Male,1980-12-01,2021-01-01,,Active,3,1,DEP01,Human Resources,JOB02,Recruiter,2024-09-01,21,10100.31,10100.31,1028.04,0,0,3,3
EMP0169-2024-10,EMP0169,Mateus Dimitrov,Male,1980-12-01,2021-01-01,,Active,3,1,DEP01,Human Resources,JOB02,Recruiter,2024-10-01,23,10100.31,10100.31,0,0,0,0,4
EMP0169-2024-11,EMP0169,Mateus Dimitrov,Male,1980-12-01,2021-01-01,,Active,3,1,DEP01,Human Resources,JOB02,Recruiter,2024-11-01,21,10100.31,10100.31,0,2,0,7,3
EMP0169-2024-12,EMP0169,Mateus Dimitrov,Male,1980-12-01,2021-01-01,,Active,3,1,DEP01,Human Resources,JOB02,Recruiter,2024-12-01,22,10100.31,10100.31,1035.53,8,0,0,3
EMP0169-2025-01,EMP0169,Mateus Dimitrov,Male,1980-12-01,2021-01-01,,Active,3,1,DEP01,Human Resources,JOB02,Recruiter,2025-01-01,23,10703.68,10703.68,0,7,0,0,3
EMP0169-2025-02,EMP0169,Mateus Dimitrov,Male,1980-12-01,2021-01-01,,Active,3,1,DEP01,Human Resources,JOB02,Recruiter,2025-02-01,20,10703.68,10703.68,838.01,29,1,0,4
EMP0169-2025-03,EMP0169,Mateus Dimitrov,Male,1980-12-01,2021-01-01,,Active,3,1,DEP01,Human Resources,JOB02,Recruiter,2025-03-01,21,10703.68,10703.68,1122.84,7,0,3,3
EMP0169-2025-04,EMP0169,Mateus Dimitrov,Male,1980-12-01,2021-01-01,,Active,3,1,DEP01,Human Resources,JOB02,Recruiter,2025-04-01,22,10703.68,10703.68,0,14,1,14,3
EMP0169-2025-05,EMP0169,Mateus Dimitrov,Male,1980-12-01,2021-01-01,,Active,3,1,DEP01,Human Resources,JOB02,Recruiter,2025-05-01,22,10703.68,10703.68,746.44,11,0,16,3
EMP0169-2025-06,EMP0169,Mateus Dimitrov,Male,1980-12-01,2021-01-01,,Active,3,1,DEP01,Human Resources,JOB02,Recruiter,2025-06-01,21,10703.68,10703.68,827.28,4,3,0,3
EMP0169-2025-07,EMP0169,Mateus Dimitrov,Male,1980-12-01,2021-01-01,,Active,3,1,DEP01,Human Resources,JOB02,Recruiter,2025-07-01,23,10703.68,10703.68,0,10,1,1,3
EMP0169-2025-08,EMP0169,Mateus Dimitrov,Male,1980-12-01,2021-01-01,,Active,3,1,DEP01,Human Resources,JOB02,Recruiter,2025-08-01,21,10703.68,10703.68,1206.28,0,0,0,3
EMP0169-2025-09,EMP0169,Mateus Dimitrov,Male,1980-12-01,2021-01-01,,Active,3,1,DEP01,Human Resources,JOB02,Recruiter,2025-09-01,22,10703.68,10703.68,0,0,0,4,3
EMP0169-2025-10,EMP0169,Mateus Dimitrov,Male,1980-12-01,2021-01-01,,Active,3,1,DEP01,Human Resources,JOB02,Recruiter,2025-10-01,23,10703.68,10703.68,0,15,0,16,4
EMP0169-2025-11,EMP0169,Mateus Dimitrov,Male,1980-12-01,2021-01-01,,Active,3,1,DEP01,Human Resources,JOB02,Recruiter,2025-11-01,20,10703.68,10703.68,0,0,1,13,3
EMP0169-2025-12,EMP0169,Mateus Dimitrov,Male,1980-12-01,2021-01-01,,Active,3,1,DEP01,Human Resources,JOB02,Recruiter,2025-12-01,23,10703.68,10703.68,0,21,0,0,4
EMP0170-2024-07,EMP0170,Dhanush Kulimoetoke,Male,1974-03-25,2024-07-10,,Active,18,4,DEP06,Operations,JOB11,Operations Coordinator,2024-07-01,16,34384.2,23919.44,0,4,3,5,4
EMP0170-2024-08,EMP0170,Dhanush Kulimoetoke,Male,1974-03-25,2024-07-10,,Active,18,4,DEP06,Operations,JOB11,Operations Coordinator,2024-08-01,22,34384.2,34384.2,0,8,0,0,4
EMP0170-2024-09,EMP0170,Dhanush Kulimoetoke,Male,1974-03-25,2024-07-10,,Active,18,4,DEP06,Operations,JOB11,Operations Coordinator,2024-09-01,21,34384.2,34384.2,0,19,0,8,4
EMP0170-2024-10,EMP0170,Dhanush Kulimoetoke,Male,1974-03-25,2024-07-10,,Active,18,4,DEP06,Operations,JOB11,Operations Coordinator,2024-10-01,23,34384.2,34384.2,0,16,0,16,3
EMP0170-2024-11,EMP0170,Dhanush Kulimoetoke,Male,1974-03-25,2024-07-10,,Active,18,4,DEP06,Operations,JOB11,Operations Coordinator,2024-11-01,21,34384.2,34384.2,0,0,2,3,5
EMP0170-2024-12,EMP0170,Dhanush Kulimoetoke,Male,1974-03-25,2024-07-10,,Active,18,4,DEP06,Operations,JOB11,Operations Coordinator,2024-12-01,22,34384.2,34384.2,1388.8,6,0,0,5
EMP0170-2025-01,EMP0170,Dhanush Kulimoetoke,Male,1974-03-25,2024-07-10,,Active,18,4,DEP06,Operations,JOB11,Operations Coordinator,2025-01-01,23,37471.4,37471.4,5200.18,0,1,12,5
EMP0170-2025-02,EMP0170,Dhanush Kulimoetoke,Male,1974-03-25,2024-07-10,,Active,18,4,DEP06,Operations,JOB11,Operations Coordinator,2025-02-01,20,37471.4,37471.4,1157.09,0,3,0,4
EMP0170-2025-03,EMP0170,Dhanush Kulimoetoke,Male,1974-03-25,2024-07-10,,Active,18,4,DEP06,Operations,JOB11,Operations Coordinator,2025-03-01,21,37471.4,37471.4,0,13,1,0,4
EMP0170-2025-04,EMP0170,Dhanush Kulimoetoke,Male,1974-03-25,2024-07-10,,Active,18,4,DEP06,Operations,JOB11,Operations Coordinator,2025-04-01,22,37471.4,37471.4,3805.29,0,3,3,5
EMP0170-2025-05,EMP0170,Dhanush Kulimoetoke,Male,1974-03-25,2024-07-10,,Active,18,4,DEP06,Operations,JOB11,Operations Coordinator,2025-05-01,22,37471.4,37471.4,0,9,1,0,4
EMP0170-2025-06,EMP0170,Dhanush Kulimoetoke,Male,1974-03-25,2024-07-10,,Active,18,4,DEP06,Operations,JOB11,Operations Coordinator,2025-06-01,21,37471.4,37471.4,0,0,1,1,4
EMP0170-2025-07,EMP0170,Dhanush Kulimoetoke,Male,1974-03-25,2024-07-10,,Active,18,4,DEP06,Operations,JOB11,Operations Coordinator,2025-07-01,23,37471.4,37471.4,0,3,0,0,4
EMP0170-2025-08,EMP0170,Dhanush Kulimoetoke,Male,1974-03-25,2024-07-10,,Active,18,4,DEP06,Operations,JOB11,Operations Coordinator,2025-08-01,21,37471.4,37471.4,0,0,0,7,4
EMP0170-2025-09,EMP0170,Dhanush Kulimoetoke,Male,1974-03-25,2024-07-10,,Active,18,4,DEP06,Operations,JOB11,Operations Coordinator,2025-09-01,22,37471.4,37471.4,3845.12,8,0,0,4
EMP0170-2025-10,EMP0170,Dhanush Kulimoetoke,Male,1974-03-25,2024-07-10,,Active,18,4,DEP06,Operations,JOB11,Operations Coordinator,2025-10-01,23,37471.4,37471.4,4614.86,0,3,0,4
EMP0170-2025-11,EMP0170,Dhanush Kulimoetoke,Male,1974-03-25,2024-07-10,,Active,18,4,DEP06,Operations,JOB11,Operations Coordinator,2025-11-01,20,37471.4,37471.4,0,6,1,6,4
EMP0170-2025-12,EMP0170,Dhanush Kulimoetoke,Male,1974-03-25,2024-07-10,,Active,18,4,DEP06,Operations,JOB11,Operations Coordinator,2025-12-01,23,37471.4,37471.4,1762.8,38,0,0,4
EMP0171-2024-01,EMP0171,Petr Robertson,Male,1986-02-10,2018-03-29,,Active,2,2,DEP06,Operations,JOB11,Operations Coordinator,2024-01-01,23,11025.02,11025.02,587.92,1,2,15,4
EMP0171-2024-02,EMP0171,Petr Robertson,Male,1986-02-10,2018-03-29,,Active,2,2,DEP06,Operations,JOB11,Operations Coordinator,2024-02-01,21,11025.02,11025.02,1229.46,0,2,12,3
EMP0171-2024-03,EMP0171,Petr Robertson,Male,1986-02-10,2018-03-29,,Active,2,2,DEP06,Operations,JOB11,Operations Coordinator,2024-03-01,21,11025.02,11025.02,1229.78,13,0,0,2
EMP0171-2024-04,EMP0171,Petr Robertson,Male,1986-02-10,2018-03-29,,Active,2,2,DEP06,Operations,JOB11,Operations Coordinator,2024-04-01,22,11025.02,11025.02,0,7,0,0,3
EMP0171-2024-05,EMP0171,Petr Robertson,Male,1986-02-10,2018-03-29,,Active,2,2,DEP06,Operations,JOB11,Operations Coordinator,2024-05-01,23,11025.02,11025.02,434.98,6,0,0,3
EMP0171-2024-06,EMP0171,Petr Robertson,Male,1986-02-10,2018-03-29,,Active,2,2,DEP06,Operations,JOB11,Operations Coordinator,2024-06-01,20,11025.02,11025.02,998.39,22,0,4,3
EMP0171-2024-07,EMP0171,Petr Robertson,Male,1986-02-10,2018-03-29,,Active,2,2,DEP06,Operations,JOB11,Operations Coordinator,2024-07-01,23,11025.02,11025.02,1132.9,3,0,0,3
EMP0171-2024-08,EMP0171,Petr Robertson,Male,1986-02-10,2018-03-29,,Active,2,2,DEP06,Operations,JOB11,Operations Coordinator,2024-08-01,22,11025.02,11025.02,821.08,9,2,0,3
EMP0171-2024-09,EMP0171,Petr Robertson,Male,1986-02-10,2018-03-29,,Active,2,2,DEP06,Operations,JOB11,Operations Coordinator,2024-09-01,21,11025.02,11025.02,0,22,1,3,3
EMP0171-2024-10,EMP0171,Petr Robertson,Male,1986-02-10,2018-03-29,,Active,2,2,DEP06,Operations,JOB11,Operations Coordinator,2024-10-01,23,11025.02,11025.02,0,0,1,0,2
EMP0171-2024-11,EMP0171,Petr Robertson,Male,1986-02-10,2018-03-29,,Active,2,2,DEP06,Operations,JOB11,Operations Coordinator,2024-11-01,21,11025.02,11025.02,0,5,0,8,4
EMP0171-2024-12,EMP0171,Petr Robertson,Male,1986-02-10,2018-03-29,,Active,2,2,DEP06,Operations,JOB11,Operations Coordinator,2024-12-01,22,11025.02,11025.02,620.45,4,2,7,3
EMP0171-2025-01,EMP0171,Petr Robertson,Male,1986-02-10,2018-03-29,,Active,2,2,DEP06,Operations,JOB11,Operations Coordinator,2025-01-01,23,11655.98,11655.98,0,5,3,2,3
EMP0171-2025-02,EMP0171,Petr Robertson,Male,1986-02-10,2018-03-29,,Active,2,2,DEP06,Operations,JOB11,Operations Coordinator,2025-02-01,20,11655.98,11655.98,0,0,0,12,3
EMP0171-2025-03,EMP0171,Petr Robertson,Male,1986-02-10,2018-03-29,,Active,2,2,DEP06,Operations,JOB11,Operations Coordinator,2025-03-01,21,11655.98,11655.98,0,27,0,6,4
EMP0171-2025-04,EMP0171,Petr Robertson,Male,1986-02-10,2018-03-29,,Active,2,2,DEP06,Operations,JOB11,Operations Coordinator,2025-04-01,22,11655.98,11655.98,0,0,2,6,3
EMP0171-2025-05,EMP0171,Petr Robertson,Male,1986-02-10,2018-03-29,,Active,2,2,DEP06,Operations,JOB11,Operations Coordinator,2025-05-01,22,11655.98,11655.98,0,0,0,0,3
EMP0171-2025-06,EMP0171,Petr Robertson,Male,1986-02-10,2018-03-29,,Active,2,2,DEP06,Operations,JOB11,Operations Coordinator,2025-06-01,21,11655.98,11655.98,0,24,0,14,2
EMP0171-2025-07,EMP0171,Petr Robertson,Male,1986-02-10,2018-03-29,,Active,2,2,DEP06,Operations,JOB11,Operations Coordinator,2025-07-01,23,11655.98,11655.98,0,0,1,0,3
EMP0171-2025-08,EMP0171,Petr Robertson,Male,1986-02-10,2018-03-29,,Active,2,2,DEP06,Operations,JOB11,Operations Coordinator,2025-08-01,21,11655.98,11655.98,937.88,18,0,6,4
EMP0171-2025-09,EMP0171,Petr Robertson,Male,1986-02-10,2018-03-29,,Active,2,2,DEP06,Operations,JOB11,Operations Coordinator,2025-09-01,22,11655.98,11655.98,0,38,2,16,3
EMP0171-2025-10,EMP0171,Petr Robertson,Male,1986-02-10,2018-03-29,,Active,2,2,DEP06,Operations,JOB11,Operations Coordinator,2025-10-01,23,11655.98,11655.98,978.37,39,2,0,4
EMP0171-2025-11,EMP0171,Petr Robertson,Male,1986-02-10,2018-03-29,,Active,2,2,DEP06,Operations,JOB11,Operations Coordinator,2025-11-01,20,11655.98,11655.98,1631.56,0,2,3,4
EMP0171-2025-12,EMP0171,Petr Robertson,Male,1986-02-10,2018-03-29,,Active,2,2,DEP06,Operations,JOB11,Operations Coordinator,2025-12-01,23,11655.98,11655.98,0,0,4,0,4
EMP0172-2024-01,EMP0172,Kevin Crawford,Male,1990-07-04,2021-12-25,2024-05-30,Left,1,1,DEP06,Operations,JOB12,Supply Chain Analyst,2024-01-01,23,11636.16,11636.16,0,0,2,8,3
EMP0172-2024-02,EMP0172,Kevin Crawford,Male,1990-07-04,2021-12-25,2024-05-30,Left,1,1,DEP06,Operations,JOB12,Supply Chain Analyst,2024-02-01,21,11636.16,11636.16,0,31,3,3,4
EMP0172-2024-03,EMP0172,Kevin Crawford,Male,1990-07-04,2021-12-25,2024-05-30,Left,1,1,DEP06,Operations,JOB12,Supply Chain Analyst,2024-03-01,21,11636.16,11636.16,0,39,0,7,3
EMP0172-2024-04,EMP0172,Kevin Crawford,Male,1990-07-04,2021-12-25,2024-05-30,Left,1,1,DEP06,Operations,JOB12,Supply Chain Analyst,2024-04-01,22,11636.16,11636.16,0,8,0,11,4
EMP0172-2024-05,EMP0172,Kevin Crawford,Male,1990-07-04,2021-12-25,2024-05-30,Left,1,1,DEP06,Operations,JOB12,Supply Chain Analyst,2024-05-01,22,11636.16,11130.24,740.47,0,0,0,4
EMP0173-2024-01,EMP0173,Anni Pereira,Female,1990-11-22,2021-10-20,,Active,4,2,DEP04,Sales,JOB07,Sales Executive,2024-01-01,23,17919.34,17919.34,843,0,2,0,4
EMP0173-2024-02,EMP0173,Anni Pereira,Female,1990-11-22,2021-10-20,,Active,4,2,DEP04,Sales,JOB07,Sales Executive,2024-02-01,21,17919.34,17919.34,0,3,3,8,3
EMP0173-2024-03,EMP0173,Anni Pereira,Female,1990-11-22,2021-10-20,,Active,4,2,DEP04,Sales,JOB07,Sales Executive,2024-03-01,21,17919.34,17919.34,870.43,17,0,0,4
EMP0173-2024-04,EMP0173,Anni Pereira,Female,1990-11-22,2021-10-20,,Active,4,2,DEP04,Sales,JOB07,Sales Executive,2024-04-01,22,17919.34,17919.34,2330.72,12,2,1,4
EMP0173-2024-05,EMP0173,Anni Pereira,Female,1990-11-22,2021-10-20,,Active,4,2,DEP04,Sales,JOB07,Sales Executive,2024-05-01,23,17919.34,17919.34,0,16,0,8,4
EMP0173-2024-06,EMP0173,Anni Pereira,Female,1990-11-22,2021-10-20,,Active,4,2,DEP04,Sales,JOB07,Sales Executive,2024-06-01,20,17919.34,17919.34,1742.83,0,0,0,3
EMP0173-2024-07,EMP0173,Anni Pereira,Female,1990-11-22,2021-10-20,,Active,4,2,DEP04,Sales,JOB07,Sales Executive,2024-07-01,23,17919.34,17919.34,1809.46,18,0,0,3
EMP0173-2024-08,EMP0173,Anni Pereira,Female,1990-11-22,2021-10-20,,Active,4,2,DEP04,Sales,JOB07,Sales Executive,2024-08-01,22,17919.34,17919.34,0,27,0,0,3
EMP0173-2024-09,EMP0173,Anni Pereira,Female,1990-11-22,2021-10-20,,Active,4,2,DEP04,Sales,JOB07,Sales Executive,2024-09-01,21,17919.34,17919.34,702.53,29,0,0,4
EMP0173-2024-10,EMP0173,Anni Pereira,Female,1990-11-22,2021-10-20,,Active,4,2,DEP04,Sales,JOB07,Sales Executive,2024-10-01,23,17919.34,17919.34,2159.47,0,1,9,3
EMP0173-2024-11,EMP0173,Anni Pereira,Female,1990-11-22,2021-10-20,,Active,4,2,DEP04,Sales,JOB07,Sales Executive,2024-11-01,21,17919.34,17919.34,0,0,0,7,3
EMP0173-2024-12,EMP0173,Anni Pereira,Female,1990-11-22,2021-10-20,,Active,4,2,DEP04,Sales,JOB07,Sales Executive,2024-12-01,22,17919.34,17919.34,1411,36,0,1,4
EMP0173-2025-01,EMP0173,Anni Pereira,Female,1990-11-22,2021-10-20,,Active,4,2,DEP04,Sales,JOB07,Sales Executive,2025-01-01,23,18778.41,18778.41,1542.48,2,0,16,4
EMP0173-2025-02,EMP0173,Anni Pereira,Female,1990-11-22,2021-10-20,,Active,4,2,DEP04,Sales,JOB07,Sales Executive,2025-02-01,20,18778.41,18778.41,0,40,0,0,3
EMP0173-2025-03,EMP0173,Anni Pereira,Female,1990-11-22,2021-10-20,,Active,4,2,DEP04,Sales,JOB07,Sales Executive,2025-03-01,21,18778.41,18778.41,0,6,0,16,3
EMP0173-2025-04,EMP0173,Anni Pereira,Female,1990-11-22,2021-10-20,,Active,4,2,DEP04,Sales,JOB07,Sales Executive,2025-04-01,22,18778.41,18778.41,0,4,0,4,3
EMP0173-2025-05,EMP0173,Anni Pereira,Female,1990-11-22,2021-10-20,,Active,4,2,DEP04,Sales,JOB07,Sales Executive,2025-05-01,22,18778.41,18778.41,2551.49,15,2,0,3
EMP0173-2025-06,EMP0173,Anni Pereira,Female,1990-11-22,2021-10-20,,Active,4,2,DEP04,Sales,JOB07,Sales Executive,2025-06-01,21,18778.41,18778.41,0,21,0,1,3
EMP0173-2025-07,EMP0173,Anni Pereira,Female,1990-11-22,2021-10-20,,Active,4,2,DEP04,Sales,JOB07,Sales Executive,2025-07-01,23,18778.41,18778.41,0,6,0,4,3
EMP0173-2025-08,EMP0173,Anni Pereira,Female,1990-11-22,2021-10-20,,Active,4,2,DEP04,Sales,JOB07,Sales Executive,2025-08-01,21,18778.41,18778.41,0,21,0,3,3
EMP0173-2025-09,EMP0173,Anni Pereira,Female,1990-11-22,2021-10-20,,Active,4,2,DEP04,Sales,JOB07,Sales Executive,2025-09-01,22,18778.41,18778.41,1189.85,0,0,0,4
EMP0173-2025-10,EMP0173,Anni Pereira,Female,1990-11-22,2021-10-20,,Active,4,2,DEP04,Sales,JOB07,Sales Executive,2025-10-01,23,18778.41,18778.41,0,11,0,3,3
EMP0173-2025-11,EMP0173,Anni Pereira,Female,1990-11-22,2021-10-20,,Active,4,2,DEP04,Sales,JOB07,Sales Executive,2025-11-01,20,18778.41,18778.41,0,26,0,2,3
EMP0173-2025-12,EMP0173,Anni Pereira,Female,1990-11-22,2021-10-20,,Active,4,2,DEP04,Sales,JOB07,Sales Executive,2025-12-01,23,18778.41,18778.41,0,0,1,10,3
EMP0174-2024-01,EMP0174,Nicole Wale,Female,1984-09-25,2018-11-02,,Active,5,2,DEP05,Marketing,JOB09,Marketing Specialist,2024-01-01,23,17252.52,17252.52,0,0,1,0,3
EMP0174-2024-02,EMP0174,Nicole Wale,Female,1984-09-25,2018-11-02,,Active,5,2,DEP05,Marketing,JOB09,Marketing Specialist,2024-02-01,21,17252.52,17252.52,0,0,0,0,4
EMP0174-2024-03,EMP0174,Nicole Wale,Female,1984-09-25,2018-11-02,,Active,5,2,DEP05,Marketing,JOB09,Marketing Specialist,2024-03-01,21,17252.52,17252.52,2410.22,35,0,4,3
EMP0174-2024-04,EMP0174,Nicole Wale,Female,1984-09-25,2018-11-02,,Active,5,2,DEP05,Marketing,JOB09,Marketing Specialist,2024-04-01,22,17252.52,17252.52,0,22,3,1,3
EMP0174-2024-05,EMP0174,Nicole Wale,Female,1984-09-25,2018-11-02,,Active,5,2,DEP05,Marketing,JOB09,Marketing Specialist,2024-05-01,23,17252.52,17252.52,1269.21,0,2,5,3
EMP0174-2024-06,EMP0174,Nicole Wale,Female,1984-09-25,2018-11-02,,Active,5,2,DEP05,Marketing,JOB09,Marketing Specialist,2024-06-01,20,17252.52,17252.52,0,0,0,0,3
EMP0174-2024-07,EMP0174,Nicole Wale,Female,1984-09-25,2018-11-02,,Active,5,2,DEP05,Marketing,JOB09,Marketing Specialist,2024-07-01,23,17252.52,17252.52,1857.13,0,0,2,3
EMP0174-2024-08,EMP0174,Nicole Wale,Female,1984-09-25,2018-11-02,,Active,5,2,DEP05,Marketing,JOB09,Marketing Specialist,2024-08-01,22,17252.52,17252.52,864.06,14,0,0,3
EMP0174-2024-09,EMP0174,Nicole Wale,Female,1984-09-25,2018-11-02,,Active,5,2,DEP05,Marketing,JOB09,Marketing Specialist,2024-09-01,21,17252.52,17252.52,0,3,1,3,3
EMP0174-2024-10,EMP0174,Nicole Wale,Female,1984-09-25,2018-11-02,,Active,5,2,DEP05,Marketing,JOB09,Marketing Specialist,2024-10-01,23,17252.52,17252.52,0,0,0,5,3
EMP0174-2024-11,EMP0174,Nicole Wale,Female,1984-09-25,2018-11-02,,Active,5,2,DEP05,Marketing,JOB09,Marketing Specialist,2024-11-01,21,17252.52,17252.52,0,10,1,0,3
EMP0174-2024-12,EMP0174,Nicole Wale,Female,1984-09-25,2018-11-02,,Active,5,2,DEP05,Marketing,JOB09,Marketing Specialist,2024-12-01,22,17252.52,17252.52,0,8,2,13,3
EMP0174-2025-01,EMP0174,Nicole Wale,Female,1984-09-25,2018-11-02,,Active,5,2,DEP05,Marketing,JOB09,Marketing Specialist,2025-01-01,23,17981.09,17981.09,0,0,1,3,2
EMP0174-2025-02,EMP0174,Nicole Wale,Female,1984-09-25,2018-11-02,,Active,5,2,DEP05,Marketing,JOB09,Marketing Specialist,2025-02-01,20,17981.09,17981.09,0,7,2,4,3
EMP0174-2025-03,EMP0174,Nicole Wale,Female,1984-09-25,2018-11-02,,Active,5,2,DEP05,Marketing,JOB09,Marketing Specialist,2025-03-01,21,17981.09,17981.09,871.36,17,0,4,3
EMP0174-2025-04,EMP0174,Nicole Wale,Female,1984-09-25,2018-11-02,,Active,5,2,DEP05,Marketing,JOB09,Marketing Specialist,2025-04-01,22,17981.09,17981.09,2599.37,0,0,14,4
EMP0174-2025-05,EMP0174,Nicole Wale,Female,1984-09-25,2018-11-02,,Active,5,2,DEP05,Marketing,JOB09,Marketing Specialist,2025-05-01,22,17981.09,17981.09,0,2,0,0,4
EMP0174-2025-06,EMP0174,Nicole Wale,Female,1984-09-25,2018-11-02,,Active,5,2,DEP05,Marketing,JOB09,Marketing Specialist,2025-06-01,21,17981.09,17981.09,0,1,3,13,3
EMP0174-2025-07,EMP0174,Nicole Wale,Female,1984-09-25,2018-11-02,,Active,5,2,DEP05,Marketing,JOB09,Marketing Specialist,2025-07-01,23,17981.09,17981.09,0,0,3,0,3
EMP0174-2025-08,EMP0174,Nicole Wale,Female,1984-09-25,2018-11-02,,Active,5,2,DEP05,Marketing,JOB09,Marketing Specialist,2025-08-01,21,17981.09,17981.09,1983.44,17,2,14,3
EMP0174-2025-09,EMP0174,Nicole Wale,Female,1984-09-25,2018-11-02,,Active,5,2,DEP05,Marketing,JOB09,Marketing Specialist,2025-09-01,22,17981.09,17981.09,1681.14,2,0,3,4
EMP0174-2025-10,EMP0174,Nicole Wale,Female,1984-09-25,2018-11-02,,Active,5,2,DEP05,Marketing,JOB09,Marketing Specialist,2025-10-01,23,17981.09,17981.09,1142.93,0,4,6,3
EMP0174-2025-11,EMP0174,Nicole Wale,Female,1984-09-25,2018-11-02,,Active,5,2,DEP05,Marketing,JOB09,Marketing Specialist,2025-11-01,20,17981.09,17981.09,2314.33,5,1,0,4
EMP0174-2025-12,EMP0174,Nicole Wale,Female,1984-09-25,2018-11-02,,Active,5,2,DEP05,Marketing,JOB09,Marketing Specialist,2025-12-01,23,17981.09,17981.09,580.28,27,2,0,3
EMP0175-2024-01,EMP0175,Nasr Menad,Male,1986-05-20,2021-08-18,,Active,10,3,DEP06,Operations,JOB12,Supply Chain Analyst,2024-01-01,23,30794.72,30794.72,0,0,1,12,2
EMP0175-2024-02,EMP0175,Nasr Menad,Male,1986-05-20,2021-08-18,,Active,10,3,DEP06,Operations,JOB12,Supply Chain Analyst,2024-02-01,21,30794.72,30794.72,889.7,17,0,0,4
EMP0175-2024-03,EMP0175,Nasr Menad,Male,1986-05-20,2021-08-18,,Active,10,3,DEP06,Operations,JOB12,Supply Chain Analyst,2024-03-01,21,30794.72,30794.72,0,14,2,2,3
EMP0175-2024-04,EMP0175,Nasr Menad,Male,1986-05-20,2021-08-18,,Active,10,3,DEP06,Operations,JOB12,Supply Chain Analyst,2024-04-01,22,30794.72,30794.72,0,23,1,4,4
EMP0175-2024-05,EMP0175,Nasr Menad,Male,1986-05-20,2021-08-18,,Active,10,3,DEP06,Operations,JOB12,Supply Chain Analyst,2024-05-01,23,30794.72,30794.72,1548.3,8,2,7,4
EMP0175-2024-06,EMP0175,Nasr Menad,Male,1986-05-20,2021-08-18,,Active,10,3,DEP06,Operations,JOB12,Supply Chain Analyst,2024-06-01,20,30794.72,30794.72,0,0,2,7,3
EMP0175-2024-07,EMP0175,Nasr Menad,Male,1986-05-20,2021-08-18,,Active,10,3,DEP06,Operations,JOB12,Supply Chain Analyst,2024-07-01,23,30794.72,30794.72,1699.13,0,0,1,3
EMP0175-2024-08,EMP0175,Nasr Menad,Male,1986-05-20,2021-08-18,,Active,10,3,DEP06,Operations,JOB12,Supply Chain Analyst,2024-08-01,22,30794.72,30794.72,2981.54,0,0,3,4
EMP0175-2024-09,EMP0175,Nasr Menad,Male,1986-05-20,2021-08-18,,Active,10,3,DEP06,Operations,JOB12,Supply Chain Analyst,2024-09-01,21,30794.72,30794.72,1866.81,13,3,0,3
EMP0175-2024-10,EMP0175,Nasr Menad,Male,1986-05-20,2021-08-18,,Active,10,3,DEP06,Operations,JOB12,Supply Chain Analyst,2024-10-01,23,30794.72,30794.72,0,4,0,3,4
EMP0175-2024-11,EMP0175,Nasr Menad,Male,1986-05-20,2021-08-18,,Active,10,3,DEP06,Operations,JOB12,Supply Chain Analyst,2024-11-01,21,30794.72,30794.72,3600.94,6,4,0,4
EMP0175-2024-12,EMP0175,Nasr Menad,Male,1986-05-20,2021-08-18,,Active,10,3,DEP06,Operations,JOB12,Supply Chain Analyst,2024-12-01,22,30794.72,30794.72,1207.32,11,0,0,3
EMP0175-2025-01,EMP0175,Nasr Menad,Male,1986-05-20,2021-08-18,,Active,10,3,DEP06,Operations,JOB12,Supply Chain Analyst,2025-01-01,23,32839.79,32839.79,0,0,1,3,3
EMP0175-2025-02,EMP0175,Nasr Menad,Male,1986-05-20,2021-08-18,,Active,10,3,DEP06,Operations,JOB12,Supply Chain Analyst,2025-02-01,20,32839.79,32839.79,4693.83,24,0,0,4
EMP0175-2025-03,EMP0175,Nasr Menad,Male,1986-05-20,2021-08-18,,Active,10,3,DEP06,Operations,JOB12,Supply Chain Analyst,2025-03-01,21,32839.79,32839.79,4912.56,24,2,2,4
EMP0175-2025-04,EMP0175,Nasr Menad,Male,1986-05-20,2021-08-18,,Active,10,3,DEP06,Operations,JOB12,Supply Chain Analyst,2025-04-01,22,32839.79,32839.79,750.05,13,1,5,4
EMP0175-2025-05,EMP0175,Nasr Menad,Male,1986-05-20,2021-08-18,,Active,10,3,DEP06,Operations,JOB12,Supply Chain Analyst,2025-05-01,22,32839.79,32839.79,0,14,0,4,3
EMP0175-2025-06,EMP0175,Nasr Menad,Male,1986-05-20,2021-08-18,,Active,10,3,DEP06,Operations,JOB12,Supply Chain Analyst,2025-06-01,21,32839.79,32839.79,2510.17,21,0,0,4
EMP0175-2025-07,EMP0175,Nasr Menad,Male,1986-05-20,2021-08-18,,Active,10,3,DEP06,Operations,JOB12,Supply Chain Analyst,2025-07-01,23,32839.79,32839.79,0,7,0,4,3
EMP0175-2025-08,EMP0175,Nasr Menad,Male,1986-05-20,2021-08-18,,Active,10,3,DEP06,Operations,JOB12,Supply Chain Analyst,2025-08-01,21,32839.79,32839.79,0,0,1,13,3
EMP0175-2025-09,EMP0175,Nasr Menad,Male,1986-05-20,2021-08-18,,Active,10,3,DEP06,Operations,JOB12,Supply Chain Analyst,2025-09-01,22,32839.79,32839.79,0,0,1,0,3
EMP0175-2025-10,EMP0175,Nasr Menad,Male,1986-05-20,2021-08-18,,Active,10,3,DEP06,Operations,JOB12,Supply Chain Analyst,2025-10-01,23,32839.79,32839.79,0,4,0,1,3
EMP0175-2025-11,EMP0175,Nasr Menad,Male,1986-05-20,2021-08-18,,Active,10,3,DEP06,Operations,JOB12,Supply Chain Analyst,2025-11-01,20,32839.79,32839.79,0,0,1,5,4
EMP0175-2025-12,EMP0175,Nasr Menad,Male,1986-05-20,2021-08-18,,Active,10,3,DEP06,Operations,JOB12,Supply Chain Analyst,2025-12-01,23,32839.79,32839.79,0,10,1,0,3
EMP0176-2024-10,EMP0176,Elsie Salehi,Female,1995-08-01,2024-10-16,2025-10-13,Left,4,2,DEP06,Operations,JOB12,Supply Chain Analyst,2024-10-01,12,16348.28,8529.54,0,0,1,2,2
EMP0176-2024-11,EMP0176,Elsie Salehi,Female,1995-08-01,2024-10-16,2025-10-13,Left,4,2,DEP06,Operations,JOB12,Supply Chain Analyst,2024-11-01,21,16348.28,16348.28,0,9,2,6,4
EMP0176-2024-12,EMP0176,Elsie Salehi,Female,1995-08-01,2024-10-16,2025-10-13,Left,4,2,DEP06,Operations,JOB12,Supply Chain Analyst,2024-12-01,22,16348.28,16348.28,444.19,18,0,5,4
EMP0176-2025-01,EMP0176,Elsie Salehi,Female,1995-08-01,2024-10-16,2025-10-13,Left,4,2,DEP06,Operations,JOB12,Supply Chain Analyst,2025-01-01,23,17864.48,17864.48,0,1,2,14,4
EMP0176-2025-02,EMP0176,Elsie Salehi,Female,1995-08-01,2024-10-16,2025-10-13,Left,4,2,DEP06,Operations,JOB12,Supply Chain Analyst,2025-02-01,20,17864.48,17864.48,0,0,1,1,4
EMP0176-2025-03,EMP0176,Elsie Salehi,Female,1995-08-01,2024-10-16,2025-10-13,Left,4,2,DEP06,Operations,JOB12,Supply Chain Analyst,2025-03-01,21,17864.48,17864.48,2579.13,0,1,6,4
EMP0176-2025-04,EMP0176,Elsie Salehi,Female,1995-08-01,2024-10-16,2025-10-13,Left,4,2,DEP06,Operations,JOB12,Supply Chain Analyst,2025-04-01,22,17864.48,17864.48,0,24,0,0,3
EMP0176-2025-05,EMP0176,Elsie Salehi,Female,1995-08-01,2024-10-16,2025-10-13,Left,4,2,DEP06,Operations,JOB12,Supply Chain Analyst,2025-05-01,22,17864.48,17864.48,0,0,0,0,2
EMP0176-2025-06,EMP0176,Elsie Salehi,Female,1995-08-01,2024-10-16,2025-10-13,Left,4,2,DEP06,Operations,JOB12,Supply Chain Analyst,2025-06-01,21,17864.48,17864.48,1391.81,0,0,2,4
EMP0176-2025-07,EMP0176,Elsie Salehi,Female,1995-08-01,2024-10-16,2025-10-13,Left,4,2,DEP06,Operations,JOB12,Supply Chain Analyst,2025-07-01,23,17864.48,17864.48,0,0,3,0,3
EMP0176-2025-08,EMP0176,Elsie Salehi,Female,1995-08-01,2024-10-16,2025-10-13,Left,4,2,DEP06,Operations,JOB12,Supply Chain Analyst,2025-08-01,21,17864.48,17864.48,0,0,0,0,4
EMP0176-2025-09,EMP0176,Elsie Salehi,Female,1995-08-01,2024-10-16,2025-10-13,Left,4,2,DEP06,Operations,JOB12,Supply Chain Analyst,2025-09-01,22,17864.48,17864.48,0,23,2,0,3
EMP0176-2025-10,EMP0176,Elsie Salehi,Female,1995-08-01,2024-10-16,2025-10-13,Left,4,2,DEP06,Operations,JOB12,Supply Chain Analyst,2025-10-01,9,17864.48,6990.45,0,8,2,1,4
EMP0177-2024-01,EMP0177,Samuel Parks,Male,1989-11-04,2018-01-09,,Active,1,1,DEP06,Operations,JOB12,Supply Chain Analyst,2024-01-01,23,14993.89,14993.89,0,10,0,6,3
EMP0177-2024-02,EMP0177,Samuel Parks,Male,1989-11-04,2018-01-09,,Active,1,1,DEP06,Operations,JOB12,Supply Chain Analyst,2024-02-01,21,14993.89,14993.89,0,0,0,0,3
EMP0177-2024-03,EMP0177,Samuel Parks,Male,1989-11-04,2018-01-09,,Active,1,1,DEP06,Operations,JOB12,Supply Chain Analyst,2024-03-01,21,14993.89,14993.89,549.42,1,0,5,3
EMP0177-2024-04,EMP0177,Samuel Parks,Male,1989-11-04,2018-01-09,,Active,1,1,DEP06,Operations,JOB12,Supply Chain Analyst,2024-04-01,22,14993.89,14993.89,0,9,2,0,4
EMP0177-2024-05,EMP0177,Samuel Parks,Male,1989-11-04,2018-01-09,,Active,1,1,DEP06,Operations,JOB12,Supply Chain Analyst,2024-05-01,23,14993.89,14993.89,0,25,0,16,3
EMP0177-2024-06,EMP0177,Samuel Parks,Male,1989-11-04,2018-01-09,,Active,1,1,DEP06,Operations,JOB12,Supply Chain Analyst,2024-06-01,20,14993.89,14993.89,0,0,0,4,3
EMP0177-2024-07,EMP0177,Samuel Parks,Male,1989-11-04,2018-01-09,,Active,1,1,DEP06,Operations,JOB12,Supply Chain Analyst,2024-07-01,23,14993.89,14993.89,0,0,1,2,3
EMP0177-2024-08,EMP0177,Samuel Parks,Male,1989-11-04,2018-01-09,,Active,1,1,DEP06,Operations,JOB12,Supply Chain Analyst,2024-08-01,22,14993.89,14993.89,2067.97,0,2,5,4
EMP0177-2024-09,EMP0177,Samuel Parks,Male,1989-11-04,2018-01-09,,Active,1,1,DEP06,Operations,JOB12,Supply Chain Analyst,2024-09-01,21,14993.89,14993.89,0,0,2,2,2
EMP0177-2024-10,EMP0177,Samuel Parks,Male,1989-11-04,2018-01-09,,Active,1,1,DEP06,Operations,JOB12,Supply Chain Analyst,2024-10-01,23,14993.89,14993.89,949.4,7,1,9,4
EMP0177-2024-11,EMP0177,Samuel Parks,Male,1989-11-04,2018-01-09,,Active,1,1,DEP06,Operations,JOB12,Supply Chain Analyst,2024-11-01,21,14993.89,14993.89,0,0,0,0,3
EMP0177-2024-12,EMP0177,Samuel Parks,Male,1989-11-04,2018-01-09,,Active,1,1,DEP06,Operations,JOB12,Supply Chain Analyst,2024-12-01,22,14993.89,14993.89,910.04,0,1,0,3
EMP0177-2025-01,EMP0177,Samuel Parks,Male,1989-11-04,2018-01-09,,Active,1,1,DEP06,Operations,JOB12,Supply Chain Analyst,2025-01-01,23,16173.87,16173.87,2174.52,0,2,0,3
EMP0177-2025-02,EMP0177,Samuel Parks,Male,1989-11-04,2018-01-09,,Active,1,1,DEP06,Operations,JOB12,Supply Chain Analyst,2025-02-01,20,16173.87,16173.87,0,24,1,0,3
EMP0177-2025-03,EMP0177,Samuel Parks,Male,1989-11-04,2018-01-09,,Active,1,1,DEP06,Operations,JOB12,Supply Chain Analyst,2025-03-01,21,16173.87,16173.87,0,0,1,0,2
EMP0177-2025-04,EMP0177,Samuel Parks,Male,1989-11-04,2018-01-09,,Active,1,1,DEP06,Operations,JOB12,Supply Chain Analyst,2025-04-01,22,16173.87,16173.87,0,0,3,0,3
EMP0177-2025-05,EMP0177,Samuel Parks,Male,1989-11-04,2018-01-09,,Active,1,1,DEP06,Operations,JOB12,Supply Chain Analyst,2025-05-01,22,16173.87,16173.87,1983.61,0,1,0,3
EMP0177-2025-06,EMP0177,Samuel Parks,Male,1989-11-04,2018-01-09,,Active,1,1,DEP06,Operations,JOB12,Supply Chain Analyst,2025-06-01,21,16173.87,16173.87,1887.48,17,0,0,2
EMP0177-2025-07,EMP0177,Samuel Parks,Male,1989-11-04,2018-01-09,,Active,1,1,DEP06,Operations,JOB12,Supply Chain Analyst,2025-07-01,23,16173.87,16173.87,0,15,0,0,3
EMP0177-2025-08,EMP0177,Samuel Parks,Male,1989-11-04,2018-01-09,,Active,1,1,DEP06,Operations,JOB12,Supply Chain Analyst,2025-08-01,21,16173.87,16173.87,0,0,1,14,3
EMP0177-2025-09,EMP0177,Samuel Parks,Male,1989-11-04,2018-01-09,,Active,1,1,DEP06,Operations,JOB12,Supply Chain Analyst,2025-09-01,22,16173.87,16173.87,0,20,2,0,3
EMP0177-2025-10,EMP0177,Samuel Parks,Male,1989-11-04,2018-01-09,,Active,1,1,DEP06,Operations,JOB12,Supply Chain Analyst,2025-10-01,23,16173.87,16173.87,0,3,0,4,3
EMP0177-2025-11,EMP0177,Samuel Parks,Male,1989-11-04,2018-01-09,,Active,1,1,DEP06,Operations,JOB12,Supply Chain Analyst,2025-11-01,20,16173.87,16173.87,0,5,2,8,4
EMP0177-2025-12,EMP0177,Samuel Parks,Male,1989-11-04,2018-01-09,,Active,1,1,DEP06,Operations,JOB12,Supply Chain Analyst,2025-12-01,23,16173.87,16173.87,0,21,2,3,3
EMP0178-2024-01,EMP0178,Mohammed Shiferaw,Male,1988-03-26,2023-12-06,,Active,10,3,DEP03,Information Technology,JOB05,Software Engineer,2024-01-01,23,31121.52,31121.52,0,0,0,2,3
EMP0178-2024-02,EMP0178,Mohammed Shiferaw,Male,1988-03-26,2023-12-06,,Active,10,3,DEP03,Information Technology,JOB05,Software Engineer,2024-02-01,21,31121.52,31121.52,2308.32,0,0,4,4
EMP0178-2024-03,EMP0178,Mohammed Shiferaw,Male,1988-03-26,2023-12-06,,Active,10,3,DEP03,Information Technology,JOB05,Software Engineer,2024-03-01,21,31121.52,31121.52,2550.4,15,0,0,3
EMP0178-2024-04,EMP0178,Mohammed Shiferaw,Male,1988-03-26,2023-12-06,,Active,10,3,DEP03,Information Technology,JOB05,Software Engineer,2024-04-01,22,31121.52,31121.52,2848.52,21,3,1,3
EMP0178-2024-05,EMP0178,Mohammed Shiferaw,Male,1988-03-26,2023-12-06,,Active,10,3,DEP03,Information Technology,JOB05,Software Engineer,2024-05-01,23,31121.52,31121.52,4648.1,0,0,2,4
EMP0178-2024-06,EMP0178,Mohammed Shiferaw,Male,1988-03-26,2023-12-06,,Active,10,3,DEP03,Information Technology,JOB05,Software Engineer,2024-06-01,20,31121.52,31121.52,0,11,1,0,3
EMP0178-2024-07,EMP0178,Mohammed Shiferaw,Male,1988-03-26,2023-12-06,,Active,10,3,DEP03,Information Technology,JOB05,Software Engineer,2024-07-01,23,31121.52,31121.52,0,19,3,1,3
EMP0178-2024-08,EMP0178,Mohammed Shiferaw,Male,1988-03-26,2023-12-06,,Active,10,3,DEP03,Information Technology,JOB05,Software Engineer,2024-08-01,22,31121.52,31121.52,2598.5,11,1,0,3
EMP0178-2024-09,EMP0178,Mohammed Shiferaw,Male,1988-03-26,2023-12-06,,Active,10,3,DEP03,Information Technology,JOB05,Software Engineer,2024-09-01,21,31121.52,31121.52,0,38,0,2,3
EMP0178-2024-10,EMP0178,Mohammed Shiferaw,Male,1988-03-26,2023-12-06,,Active,10,3,DEP03,Information Technology,JOB05,Software Engineer,2024-10-01,23,31121.52,31121.52,0,0,0,13,3
EMP0178-2024-11,EMP0178,Mohammed Shiferaw,Male,1988-03-26,2023-12-06,,Active,10,3,DEP03,Information Technology,JOB05,Software Engineer,2024-11-01,21,31121.52,31121.52,0,9,0,8,3
EMP0178-2024-12,EMP0178,Mohammed Shiferaw,Male,1988-03-26,2023-12-06,,Active,10,3,DEP03,Information Technology,JOB05,Software Engineer,2024-12-01,22,31121.52,31121.52,2171.21,9,1,4,3
EMP0178-2025-01,EMP0178,Mohammed Shiferaw,Male,1988-03-26,2023-12-06,,Active,10,3,DEP03,Information Technology,JOB05,Software Engineer,2025-01-01,23,33556.48,33556.48,0,25,1,0,4
EMP0178-2025-02,EMP0178,Mohammed Shiferaw,Male,1988-03-26,2023-12-06,,Active,10,3,DEP03,Information Technology,JOB05,Software Engineer,2025-02-01,20,33556.48,33556.48,0,2,0,8,3
EMP0178-2025-03,EMP0178,Mohammed Shiferaw,Male,1988-03-26,2023-12-06,,Active,10,3,DEP03,Information Technology,JOB05,Software Engineer,2025-03-01,21,33556.48,33556.48,0,12,2,0,3
EMP0178-2025-04,EMP0178,Mohammed Shiferaw,Male,1988-03-26,2023-12-06,,Active,10,3,DEP03,Information Technology,JOB05,Software Engineer,2025-04-01,22,33556.48,33556.48,4013.31,11,3,14,3
EMP0178-2025-05,EMP0178,Mohammed Shiferaw,Male,1988-03-26,2023-12-06,,Active,10,3,DEP03,Information Technology,JOB05,Software Engineer,2025-05-01,22,33556.48,33556.48,1704.19,31,0,4,4
EMP0178-2025-06,EMP0178,Mohammed Shiferaw,Male,1988-03-26,2023-12-06,,Active,10,3,DEP03,Information Technology,JOB05,Software Engineer,2025-06-01,21,33556.48,33556.48,1622.87,1,0,6,3
EMP0178-2025-07,EMP0178,Mohammed Shiferaw,Male,1988-03-26,2023-12-06,,Active,10,3,DEP03,Information Technology,JOB05,Software Engineer,2025-07-01,23,33556.48,33556.48,0,0,3,15,3
EMP0178-2025-08,EMP0178,Mohammed Shiferaw,Male,1988-03-26,2023-12-06,,Active,10,3,DEP03,Information Technology,JOB05,Software Engineer,2025-08-01,21,33556.48,33556.48,0,0,2,1,3
EMP0178-2025-09,EMP0178,Mohammed Shiferaw,Male,1988-03-26,2023-12-06,,Active,10,3,DEP03,Information Technology,JOB05,Software Engineer,2025-09-01,22,33556.48,33556.48,0,23,4,8,2
EMP0178-2025-10,EMP0178,Mohammed Shiferaw,Male,1988-03-26,2023-12-06,,Active,10,3,DEP03,Information Technology,JOB05,Software Engineer,2025-10-01,23,33556.48,33556.48,4450.62,0,0,0,4
EMP0178-2025-11,EMP0178,Mohammed Shiferaw,Male,1988-03-26,2023-12-06,,Active,10,3,DEP03,Information Technology,JOB05,Software Engineer,2025-11-01,20,33556.48,33556.48,0,0,2,2,3
EMP0178-2025-12,EMP0178,Mohammed Shiferaw,Male,1988-03-26,2023-12-06,,Active,10,3,DEP03,Information Technology,JOB05,Software Engineer,2025-12-01,23,33556.48,33556.48,0,27,1,9,2
EMP0179-2024-01,EMP0179,Enkhtsetseg Bholah,Female,1983-02-19,2022-01-23,,Active,9,3,DEP06,Operations,JOB12,Supply Chain Analyst,2024-01-01,23,27078.69,27078.69,3788.48,4,1,0,4
EMP0179-2024-02,EMP0179,Enkhtsetseg Bholah,Female,1983-02-19,2022-01-23,,Active,9,3,DEP06,Operations,JOB12,Supply Chain Analyst,2024-02-01,21,27078.69,27078.69,0,14,0,16,4
EMP0179-2024-03,EMP0179,Enkhtsetseg Bholah,Female,1983-02-19,2022-01-23,,Active,9,3,DEP06,Operations,JOB12,Supply Chain Analyst,2024-03-01,21,27078.69,27078.69,0,36,1,0,3
EMP0179-2024-04,EMP0179,Enkhtsetseg Bholah,Female,1983-02-19,2022-01-23,,Active,9,3,DEP06,Operations,JOB12,Supply Chain Analyst,2024-04-01,22,27078.69,27078.69,3414.82,2,1,0,3
EMP0179-2024-05,EMP0179,Enkhtsetseg Bholah,Female,1983-02-19,2022-01-23,,Active,9,3,DEP06,Operations,JOB12,Supply Chain Analyst,2024-05-01,23,27078.69,27078.69,2977.14,19,1,4,3
EMP0179-2024-06,EMP0179,Enkhtsetseg Bholah,Female,1983-02-19,2022-01-23,,Active,9,3,DEP06,Operations,JOB12,Supply Chain Analyst,2024-06-01,20,27078.69,27078.69,1685.42,1,0,8,3
EMP0179-2024-07,EMP0179,Enkhtsetseg Bholah,Female,1983-02-19,2022-01-23,,Active,9,3,DEP06,Operations,JOB12,Supply Chain Analyst,2024-07-01,23,27078.69,27078.69,0,8,1,5,3
EMP0179-2024-08,EMP0179,Enkhtsetseg Bholah,Female,1983-02-19,2022-01-23,,Active,9,3,DEP06,Operations,JOB12,Supply Chain Analyst,2024-08-01,22,27078.69,27078.69,0,12,3,0,4
EMP0179-2024-09,EMP0179,Enkhtsetseg Bholah,Female,1983-02-19,2022-01-23,,Active,9,3,DEP06,Operations,JOB12,Supply Chain Analyst,2024-09-01,21,27078.69,27078.69,0,0,0,0,3
EMP0179-2024-10,EMP0179,Enkhtsetseg Bholah,Female,1983-02-19,2022-01-23,,Active,9,3,DEP06,Operations,JOB12,Supply Chain Analyst,2024-10-01,23,27078.69,27078.69,0,2,1,0,3
EMP0179-2024-11,EMP0179,Enkhtsetseg Bholah,Female,1983-02-19,2022-01-23,,Active,9,3,DEP06,Operations,JOB12,Supply Chain Analyst,2024-11-01,21,27078.69,27078.69,698.31,27,0,2,3
EMP0179-2024-12,EMP0179,Enkhtsetseg Bholah,Female,1983-02-19,2022-01-23,,Active,9,3,DEP06,Operations,JOB12,Supply Chain Analyst,2024-12-01,22,27078.69,27078.69,0,0,2,12,4
EMP0179-2025-01,EMP0179,Enkhtsetseg Bholah,Female,1983-02-19,2022-01-23,,Active,9,3,DEP06,Operations,JOB12,Supply Chain Analyst,2025-01-01,23,28701.54,28701.54,0,2,1,0,3
EMP0179-2025-02,EMP0179,Enkhtsetseg Bholah,Female,1983-02-19,2022-01-23,,Active,9,3,DEP06,Operations,JOB12,Supply Chain Analyst,2025-02-01,20,28701.54,28701.54,0,3,1,0,3
EMP0179-2025-03,EMP0179,Enkhtsetseg Bholah,Female,1983-02-19,2022-01-23,,Active,9,3,DEP06,Operations,JOB12,Supply Chain Analyst,2025-03-01,21,28701.54,28701.54,0,10,0,0,4
EMP0179-2025-04,EMP0179,Enkhtsetseg Bholah,Female,1983-02-19,2022-01-23,,Active,9,3,DEP06,Operations,JOB12,Supply Chain Analyst,2025-04-01,22,28701.54,28701.54,0,7,1,0,3
EMP0179-2025-05,EMP0179,Enkhtsetseg Bholah,Female,1983-02-19,2022-01-23,,Active,9,3,DEP06,Operations,JOB12,Supply Chain Analyst,2025-05-01,22,28701.54,28701.54,0,15,0,0,3
EMP0179-2025-06,EMP0179,Enkhtsetseg Bholah,Female,1983-02-19,2022-01-23,,Active,9,3,DEP06,Operations,JOB12,Supply Chain Analyst,2025-06-01,21,28701.54,28701.54,2100.86,18,1,0,4
EMP0179-2025-07,EMP0179,Enkhtsetseg Bholah,Female,1983-02-19,2022-01-23,,Active,9,3,DEP06,Operations,JOB12,Supply Chain Analyst,2025-07-01,23,28701.54,28701.54,0,0,0,12,1
EMP0179-2025-08,EMP0179,Enkhtsetseg Bholah,Female,1983-02-19,2022-01-23,,Active,9,3,DEP06,Operations,JOB12,Supply Chain Analyst,2025-08-01,21,28701.54,28701.54,0,5,0,7,3
EMP0179-2025-09,EMP0179,Enkhtsetseg Bholah,Female,1983-02-19,2022-01-23,,Active,9,3,DEP06,Operations,JOB12,Supply Chain Analyst,2025-09-01,22,28701.54,28701.54,0,2,0,0,3
EMP0179-2025-10,EMP0179,Enkhtsetseg Bholah,Female,1983-02-19,2022-01-23,,Active,9,3,DEP06,Operations,JOB12,Supply Chain Analyst,2025-10-01,23,28701.54,28701.54,0,0,0,0,4
EMP0179-2025-11,EMP0179,Enkhtsetseg Bholah,Female,1983-02-19,2022-01-23,,Active,9,3,DEP06,Operations,JOB12,Supply Chain Analyst,2025-11-01,20,28701.54,28701.54,0,7,0,7,3
EMP0179-2025-12,EMP0179,Enkhtsetseg Bholah,Female,1983-02-19,2022-01-23,,Active,9,3,DEP06,Operations,JOB12,Supply Chain Analyst,2025-12-01,23,28701.54,28701.54,0,25,4,0,4
EMP0180-2025-04,EMP0180,Queena Sokołowski,Female,1990-12-21,2025-04-01,,Active,4,2,DEP04,Sales,JOB08,Account Manager,2025-04-01,22,21176.46,21176.46,2940.98,0,0,1,4
EMP0180-2025-05,EMP0180,Queena Sokołowski,Female,1990-12-21,2025-04-01,,Active,4,2,DEP04,Sales,JOB08,Account Manager,2025-05-01,22,21176.46,21176.46,0,0,0,0,4
EMP0180-2025-06,EMP0180,Queena Sokołowski,Female,1990-12-21,2025-04-01,,Active,4,2,DEP04,Sales,JOB08,Account Manager,2025-06-01,21,21176.46,21176.46,0,13,1,10,5
EMP0180-2025-07,EMP0180,Queena Sokołowski,Female,1990-12-21,2025-04-01,,Active,4,2,DEP04,Sales,JOB08,Account Manager,2025-07-01,23,21176.46,21176.46,0,7,0,2,3
EMP0180-2025-08,EMP0180,Queena Sokołowski,Female,1990-12-21,2025-04-01,,Active,4,2,DEP04,Sales,JOB08,Account Manager,2025-08-01,21,21176.46,21176.46,0,5,1,10,4
EMP0180-2025-09,EMP0180,Queena Sokołowski,Female,1990-12-21,2025-04-01,,Active,4,2,DEP04,Sales,JOB08,Account Manager,2025-09-01,22,21176.46,21176.46,1790.28,7,0,0,4
EMP0180-2025-10,EMP0180,Queena Sokołowski,Female,1990-12-21,2025-04-01,,Active,4,2,DEP04,Sales,JOB08,Account Manager,2025-10-01,23,21176.46,21176.46,0,22,1,3,4
EMP0180-2025-11,EMP0180,Queena Sokołowski,Female,1990-12-21,2025-04-01,,Active,4,2,DEP04,Sales,JOB08,Account Manager,2025-11-01,20,21176.46,21176.46,1231.94,19,0,2,5
EMP0180-2025-12,EMP0180,Queena Sokołowski,Female,1990-12-21,2025-04-01,,Active,4,2,DEP04,Sales,JOB08,Account Manager,2025-12-01,23,21176.46,21176.46,1400.65,20,1,11,4
EMP0181-2024-05,EMP0181,Marios Sang,Male,1994-01-17,2024-05-17,,Active,2,1,DEP06,Operations,JOB11,Operations Coordinator,2024-05-01,11,9168.17,4384.78,430.88,0,0,16,4
EMP0181-2024-06,EMP0181,Marios Sang,Male,1994-01-17,2024-05-17,,Active,2,1,DEP06,Operations,JOB11,Operations Coordinator,2024-06-01,20,9168.17,9168.17,0,2,4,0,4
EMP0181-2024-07,EMP0181,Marios Sang,Male,1994-01-17,2024-05-17,,Active,2,1,DEP06,Operations,JOB11,Operations Coordinator,2024-07-01,23,9168.17,9168.17,0,35,2,13,4
EMP0181-2024-08,EMP0181,Marios Sang,Male,1994-01-17,2024-05-17,,Active,2,1,DEP06,Operations,JOB11,Operations Coordinator,2024-08-01,22,9168.17,9168.17,0,10,4,1,4
EMP0181-2024-09,EMP0181,Marios Sang,Male,1994-01-17,2024-05-17,,Active,2,1,DEP06,Operations,JOB11,Operations Coordinator,2024-09-01,21,9168.17,9168.17,0,5,2,5,3
EMP0181-2024-10,EMP0181,Marios Sang,Male,1994-01-17,2024-05-17,,Active,2,1,DEP06,Operations,JOB11,Operations Coordinator,2024-10-01,23,9168.17,9168.17,940.3,0,3,0,3
EMP0181-2024-11,EMP0181,Marios Sang,Male,1994-01-17,2024-05-17,,Active,2,1,DEP06,Operations,JOB11,Operations Coordinator,2024-11-01,21,9168.17,9168.17,0,6,1,0,4
EMP0181-2024-12,EMP0181,Marios Sang,Male,1994-01-17,2024-05-17,,Active,2,1,DEP06,Operations,JOB11,Operations Coordinator,2024-12-01,22,9168.17,9168.17,1117.22,0,1,0,3
EMP0181-2025-01,EMP0181,Marios Sang,Male,1994-01-17,2024-05-17,,Active,2,1,DEP06,Operations,JOB11,Operations Coordinator,2025-01-01,23,9641.3,9641.3,203.58,7,0,7,3
EMP0181-2025-02,EMP0181,Marios Sang,Male,1994-01-17,2024-05-17,,Active,2,1,DEP06,Operations,JOB11,Operations Coordinator,2025-02-01,20,9641.3,9641.3,0,0,0,0,3
EMP0181-2025-03,EMP0181,Marios Sang,Male,1994-01-17,2024-05-17,,Active,2,1,DEP06,Operations,JOB11,Operations Coordinator,2025-03-01,21,9641.3,9641.3,0,0,2,0,3
EMP0181-2025-04,EMP0181,Marios Sang,Male,1994-01-17,2024-05-17,,Active,2,1,DEP06,Operations,JOB11,Operations Coordinator,2025-04-01,22,9641.3,9641.3,0,0,0,2,3
EMP0181-2025-05,EMP0181,Marios Sang,Male,1994-01-17,2024-05-17,,Active,2,1,DEP06,Operations,JOB11,Operations Coordinator,2025-05-01,22,9641.3,9641.3,0,0,1,6,3
EMP0181-2025-06,EMP0181,Marios Sang,Male,1994-01-17,2024-05-17,,Active,2,1,DEP06,Operations,JOB11,Operations Coordinator,2025-06-01,21,9641.3,9641.3,251.95,5,1,1,4
EMP0181-2025-07,EMP0181,Marios Sang,Male,1994-01-17,2024-05-17,,Active,2,1,DEP06,Operations,JOB11,Operations Coordinator,2025-07-01,23,9641.3,9641.3,1407.37,39,1,4,3
EMP0181-2025-08,EMP0181,Marios Sang,Male,1994-01-17,2024-05-17,,Active,2,1,DEP06,Operations,JOB11,Operations Coordinator,2025-08-01,21,9641.3,9641.3,653.26,22,0,0,3
EMP0181-2025-09,EMP0181,Marios Sang,Male,1994-01-17,2024-05-17,,Active,2,1,DEP06,Operations,JOB11,Operations Coordinator,2025-09-01,22,9641.3,9641.3,0,11,0,0,4
EMP0181-2025-10,EMP0181,Marios Sang,Male,1994-01-17,2024-05-17,,Active,2,1,DEP06,Operations,JOB11,Operations Coordinator,2025-10-01,23,9641.3,9641.3,870.64,5,1,4,3
EMP0181-2025-11,EMP0181,Marios Sang,Male,1994-01-17,2024-05-17,,Active,2,1,DEP06,Operations,JOB11,Operations Coordinator,2025-11-01,20,9641.3,9641.3,0,5,0,2,2
EMP0181-2025-12,EMP0181,Marios Sang,Male,1994-01-17,2024-05-17,,Active,2,1,DEP06,Operations,JOB11,Operations Coordinator,2025-12-01,23,9641.3,9641.3,0,0,0,0,4
EMP0182-2024-01,EMP0182,Usha Suzuki,Female,1995-08-12,2022-03-13,,Active,1,1,DEP03,Information Technology,JOB05,Software Engineer,2024-01-01,23,11348.71,11348.71,1576.07,6,2,5,4
EMP0182-2024-02,EMP0182,Usha Suzuki,Female,1995-08-12,2022-03-13,,Active,1,1,DEP03,Information Technology,JOB05,Software Engineer,2024-02-01,21,11348.71,11348.71,1001.95,0,0,3,3
EMP0182-2024-03,EMP0182,Usha Suzuki,Female,1995-08-12,2022-03-13,,Active,1,1,DEP03,Information Technology,JOB05,Software Engineer,2024-03-01,21,11348.71,11348.71,0,3,0,2,3
EMP0182-2024-04,EMP0182,Usha Suzuki,Female,1995-08-12,2022-03-13,,Active,1,1,DEP03,Information Technology,JOB05,Software Engineer,2024-04-01,22,11348.71,11348.71,917.39,7,1,0,4
EMP0182-2024-05,EMP0182,Usha Suzuki,Female,1995-08-12,2022-03-13,,Active,1,1,DEP03,Information Technology,JOB05,Software Engineer,2024-05-01,23,11348.71,11348.71,0,0,1,7,4
EMP0182-2024-06,EMP0182,Usha Suzuki,Female,1995-08-12,2022-03-13,,Active,1,1,DEP03,Information Technology,JOB05,Software Engineer,2024-06-01,20,11348.71,11348.71,642.6,0,1,10,4
EMP0182-2024-07,EMP0182,Usha Suzuki,Female,1995-08-12,2022-03-13,,Active,1,1,DEP03,Information Technology,JOB05,Software Engineer,2024-07-01,23,11348.71,11348.71,0,23,0,0,3
EMP0182-2024-08,EMP0182,Usha Suzuki,Female,1995-08-12,2022-03-13,,Active,1,1,DEP03,Information Technology,JOB05,Software Engineer,2024-08-01,22,11348.71,11348.71,1386.34,7,1,15,4
EMP0182-2024-09,EMP0182,Usha Suzuki,Female,1995-08-12,2022-03-13,,Active,1,1,DEP03,Information Technology,JOB05,Software Engineer,2024-09-01,21,11348.71,11348.71,0,1,0,8,4
EMP0182-2024-10,EMP0182,Usha Suzuki,Female,1995-08-12,2022-03-13,,Active,1,1,DEP03,Information Technology,JOB05,Software Engineer,2024-10-01,23,11348.71,11348.71,700.45,35,2,4,4
EMP0182-2024-11,EMP0182,Usha Suzuki,Female,1995-08-12,2022-03-13,,Active,1,1,DEP03,Information Technology,JOB05,Software Engineer,2024-11-01,21,11348.71,11348.71,0,0,0,16,3
EMP0182-2024-12,EMP0182,Usha Suzuki,Female,1995-08-12,2022-03-13,,Active,1,1,DEP03,Information Technology,JOB05,Software Engineer,2024-12-01,22,11348.71,11348.71,0,3,1,0,4
EMP0182-2025-01,EMP0182,Usha Suzuki,Female,1995-08-12,2022-03-13,,Active,1,1,DEP03,Information Technology,JOB05,Software Engineer,2025-01-01,23,11927.08,11927.08,0,4,0,0,3
EMP0182-2025-02,EMP0182,Usha Suzuki,Female,1995-08-12,2022-03-13,,Active,1,1,DEP03,Information Technology,JOB05,Software Engineer,2025-02-01,20,11927.08,11927.08,0,0,0,0,3
EMP0182-2025-03,EMP0182,Usha Suzuki,Female,1995-08-12,2022-03-13,,Active,1,1,DEP03,Information Technology,JOB05,Software Engineer,2025-03-01,21,11927.08,11927.08,0,2,3,6,4
EMP0182-2025-04,EMP0182,Usha Suzuki,Female,1995-08-12,2022-03-13,,Active,1,1,DEP03,Information Technology,JOB05,Software Engineer,2025-04-01,22,11927.08,11927.08,0,15,0,0,4
EMP0182-2025-05,EMP0182,Usha Suzuki,Female,1995-08-12,2022-03-13,,Active,1,1,DEP03,Information Technology,JOB05,Software Engineer,2025-05-01,22,11927.08,11927.08,967.64,5,0,3,4
EMP0182-2025-06,EMP0182,Usha Suzuki,Female,1995-08-12,2022-03-13,,Active,1,1,DEP03,Information Technology,JOB05,Software Engineer,2025-06-01,21,11927.08,11927.08,0,0,0,0,3
EMP0182-2025-07,EMP0182,Usha Suzuki,Female,1995-08-12,2022-03-13,,Active,1,1,DEP03,Information Technology,JOB05,Software Engineer,2025-07-01,23,11927.08,11927.08,0,0,3,0,4
EMP0182-2025-08,EMP0182,Usha Suzuki,Female,1995-08-12,2022-03-13,,Active,1,1,DEP03,Information Technology,JOB05,Software Engineer,2025-08-01,21,11927.08,11927.08,0,32,4,1,3
EMP0182-2025-09,EMP0182,Usha Suzuki,Female,1995-08-12,2022-03-13,,Active,1,1,DEP03,Information Technology,JOB05,Software Engineer,2025-09-01,22,11927.08,11927.08,0,2,1,4,4
EMP0182-2025-10,EMP0182,Usha Suzuki,Female,1995-08-12,2022-03-13,,Active,1,1,DEP03,Information Technology,JOB05,Software Engineer,2025-10-01,23,11927.08,11927.08,0,12,3,11,3
EMP0182-2025-11,EMP0182,Usha Suzuki,Female,1995-08-12,2022-03-13,,Active,1,1,DEP03,Information Technology,JOB05,Software Engineer,2025-11-01,20,11927.08,11927.08,0,0,4,7,3
EMP0182-2025-12,EMP0182,Usha Suzuki,Female,1995-08-12,2022-03-13,,Active,1,1,DEP03,Information Technology,JOB05,Software Engineer,2025-12-01,23,11927.08,11927.08,952.97,18,0,11,4
EMP0183-2024-01,EMP0183,Mazen Abdo,Male,1997-04-01,2023-11-04,,Active,5,3,DEP04,Sales,JOB07,Sales Executive,2024-01-01,23,24098.48,24098.48,2568.13,5,0,0,3
EMP0183-2024-02,EMP0183,Mazen Abdo,Male,1997-04-01,2023-11-04,,Active,5,3,DEP04,Sales,JOB07,Sales Executive,2024-02-01,21,24098.48,24098.48,0,0,1,8,3
EMP0183-2024-03,EMP0183,Mazen Abdo,Male,1997-04-01,2023-11-04,,Active,5,3,DEP04,Sales,JOB07,Sales Executive,2024-03-01,21,24098.48,24098.48,0,0,3,15,4
EMP0183-2024-04,EMP0183,Mazen Abdo,Male,1997-04-01,2023-11-04,,Active,5,3,DEP04,Sales,JOB07,Sales Executive,2024-04-01,22,24098.48,24098.48,0,22,0,15,4
EMP0183-2024-05,EMP0183,Mazen Abdo,Male,1997-04-01,2023-11-04,,Active,5,3,DEP04,Sales,JOB07,Sales Executive,2024-05-01,23,24098.48,24098.48,0,20,0,1,3
EMP0183-2024-06,EMP0183,Mazen Abdo,Male,1997-04-01,2023-11-04,,Active,5,3,DEP04,Sales,JOB07,Sales Executive,2024-06-01,20,24098.48,24098.48,0,0,0,5,3
EMP0183-2024-07,EMP0183,Mazen Abdo,Male,1997-04-01,2023-11-04,,Active,5,3,DEP04,Sales,JOB07,Sales Executive,2024-07-01,23,24098.48,24098.48,0,0,0,12,3
EMP0183-2024-08,EMP0183,Mazen Abdo,Male,1997-04-01,2023-11-04,,Active,5,3,DEP04,Sales,JOB07,Sales Executive,2024-08-01,22,24098.48,24098.48,0,38,0,6,4
EMP0183-2024-09,EMP0183,Mazen Abdo,Male,1997-04-01,2023-11-04,,Active,5,3,DEP04,Sales,JOB07,Sales Executive,2024-09-01,21,24098.48,24098.48,963.76,22,2,6,4
EMP0183-2024-10,EMP0183,Mazen Abdo,Male,1997-04-01,2023-11-04,,Active,5,3,DEP04,Sales,JOB07,Sales Executive,2024-10-01,23,24098.48,24098.48,0,3,1,7,4
EMP0183-2024-11,EMP0183,Mazen Abdo,Male,1997-04-01,2023-11-04,,Active,5,3,DEP04,Sales,JOB07,Sales Executive,2024-11-01,21,24098.48,24098.48,0,26,0,0,3
EMP0183-2024-12,EMP0183,Mazen Abdo,Male,1997-04-01,2023-11-04,,Active,5,3,DEP04,Sales,JOB07,Sales Executive,2024-12-01,22,24098.48,24098.48,0,37,0,0,4
EMP0183-2025-01,EMP0183,Mazen Abdo,Male,1997-04-01,2023-11-04,,Active,5,3,DEP04,Sales,JOB07,Sales Executive,2025-01-01,23,26285.12,26285.12,1499.61,17,0,0,3
EMP0183-2025-02,EMP0183,Mazen Abdo,Male,1997-04-01,2023-11-04,,Active,5,3,DEP04,Sales,JOB07,Sales Executive,2025-02-01,20,26285.12,26285.12,3033.59,16,1,13,4
EMP0183-2025-03,EMP0183,Mazen Abdo,Male,1997-04-01,2023-11-04,,Active,5,3,DEP04,Sales,JOB07,Sales Executive,2025-03-01,21,26285.12,26285.12,1670.37,0,1,0,3
EMP0183-2025-04,EMP0183,Mazen Abdo,Male,1997-04-01,2023-11-04,,Active,5,3,DEP04,Sales,JOB07,Sales Executive,2025-04-01,22,26285.12,26285.12,0,8,4,0,3
EMP0183-2025-05,EMP0183,Mazen Abdo,Male,1997-04-01,2023-11-04,,Active,5,3,DEP04,Sales,JOB07,Sales Executive,2025-05-01,22,26285.12,26285.12,0,1,0,0,3
EMP0183-2025-06,EMP0183,Mazen Abdo,Male,1997-04-01,2023-11-04,,Active,5,3,DEP04,Sales,JOB07,Sales Executive,2025-06-01,21,26285.12,26285.12,2774.86,20,1,6,4
EMP0183-2025-07,EMP0183,Mazen Abdo,Male,1997-04-01,2023-11-04,,Active,5,3,DEP04,Sales,JOB07,Sales Executive,2025-07-01,23,26285.12,26285.12,2322.77,25,0,5,3
EMP0183-2025-08,EMP0183,Mazen Abdo,Male,1997-04-01,2023-11-04,,Active,5,3,DEP04,Sales,JOB07,Sales Executive,2025-08-01,21,26285.12,26285.12,3025.65,27,0,0,3
EMP0183-2025-09,EMP0183,Mazen Abdo,Male,1997-04-01,2023-11-04,,Active,5,3,DEP04,Sales,JOB07,Sales Executive,2025-09-01,22,26285.12,26285.12,0,0,0,2,3
EMP0183-2025-10,EMP0183,Mazen Abdo,Male,1997-04-01,2023-11-04,,Active,5,3,DEP04,Sales,JOB07,Sales Executive,2025-10-01,23,26285.12,26285.12,0,1,0,0,3
EMP0183-2025-11,EMP0183,Mazen Abdo,Male,1997-04-01,2023-11-04,,Active,5,3,DEP04,Sales,JOB07,Sales Executive,2025-11-01,20,26285.12,26285.12,2050.01,0,4,5,4
EMP0183-2025-12,EMP0183,Mazen Abdo,Male,1997-04-01,2023-11-04,,Active,5,3,DEP04,Sales,JOB07,Sales Executive,2025-12-01,23,26285.12,26285.12,682.12,0,0,0,4
EMP0184-2025-01,EMP0184,Angelika Vasconcelos,Female,1999-04-08,2025-01-26,,Active,5,3,DEP05,Marketing,JOB09,Marketing Specialist,2025-01-01,5,18083.36,3931.17,443.74,7,0,5,4
EMP0184-2025-02,EMP0184,Angelika Vasconcelos,Female,1999-04-08,2025-01-26,,Active,5,3,DEP05,Marketing,JOB09,Marketing Specialist,2025-02-01,20,18083.36,18083.36,507.29,14,0,0,4
EMP0184-2025-03,EMP0184,Angelika Vasconcelos,Female,1999-04-08,2025-01-26,,Active,5,3,DEP05,Marketing,JOB09,Marketing Specialist,2025-03-01,21,18083.36,18083.36,0,2,0,11,4
EMP0184-2025-04,EMP0184,Angelika Vasconcelos,Female,1999-04-08,2025-01-26,,Active,5,3,DEP05,Marketing,JOB09,Marketing Specialist,2025-04-01,22,18083.36,18083.36,0,0,0,0,3
EMP0184-2025-05,EMP0184,Angelika Vasconcelos,Female,1999-04-08,2025-01-26,,Active,5,3,DEP05,Marketing,JOB09,Marketing Specialist,2025-05-01,22,18083.36,18083.36,0,8,0,0,4
EMP0184-2025-06,EMP0184,Angelika Vasconcelos,Female,1999-04-08,2025-01-26,,Active,5,3,DEP05,Marketing,JOB09,Marketing Specialist,2025-06-01,21,18083.36,18083.36,2519.26,9,0,3,4
EMP0184-2025-07,EMP0184,Angelika Vasconcelos,Female,1999-04-08,2025-01-26,,Active,5,3,DEP05,Marketing,JOB09,Marketing Specialist,2025-07-01,23,18083.36,18083.36,2661.06,7,0,6,4
EMP0184-2025-08,EMP0184,Angelika Vasconcelos,Female,1999-04-08,2025-01-26,,Active,5,3,DEP05,Marketing,JOB09,Marketing Specialist,2025-08-01,21,18083.36,18083.36,0,9,3,1,3
EMP0184-2025-09,EMP0184,Angelika Vasconcelos,Female,1999-04-08,2025-01-26,,Active,5,3,DEP05,Marketing,JOB09,Marketing Specialist,2025-09-01,22,18083.36,18083.36,0,0,0,2,4
EMP0184-2025-10,EMP0184,Angelika Vasconcelos,Female,1999-04-08,2025-01-26,,Active,5,3,DEP05,Marketing,JOB09,Marketing Specialist,2025-10-01,23,18083.36,18083.36,0,0,3,0,3
EMP0184-2025-11,EMP0184,Angelika Vasconcelos,Female,1999-04-08,2025-01-26,,Active,5,3,DEP05,Marketing,JOB09,Marketing Specialist,2025-11-01,20,18083.36,18083.36,1814.81,21,1,4,4
EMP0184-2025-12,EMP0184,Angelika Vasconcelos,Female,1999-04-08,2025-01-26,,Active,5,3,DEP05,Marketing,JOB09,Marketing Specialist,2025-12-01,23,18083.36,18083.36,0,0,0,4,4
EMP0185-2024-01,EMP0185,Nene Lleshi,Female,1976-10-23,2018-11-30,2024-10-16,Left,6,3,DEP01,Human Resources,JOB02,Recruiter,2024-01-01,23,21038.69,21038.69,0,23,0,2,4
EMP0185-2024-02,EMP0185,Nene Lleshi,Female,1976-10-23,2018-11-30,2024-10-16,Left,6,3,DEP01,Human Resources,JOB02,Recruiter,2024-02-01,21,21038.69,21038.69,0,9,0,10,4
EMP0185-2024-03,EMP0185,Nene Lleshi,Female,1976-10-23,2018-11-30,2024-10-16,Left,6,3,DEP01,Human Resources,JOB02,Recruiter,2024-03-01,21,21038.69,21038.69,2632.97,15,1,6,4
EMP0185-2024-04,EMP0185,Nene Lleshi,Female,1976-10-23,2018-11-30,2024-10-16,Left,6,3,DEP01,Human Resources,JOB02,Recruiter,2024-04-01,22,21038.69,21038.69,2253.26,9,2,7,4
EMP0185-2024-05,EMP0185,Nene Lleshi,Female,1976-10-23,2018-11-30,2024-10-16,Left,6,3,DEP01,Human Resources,JOB02,Recruiter,2024-05-01,23,21038.69,21038.69,561.79,5,2,0,4
EMP0185-2024-06,EMP0185,Nene Lleshi,Female,1976-10-23,2018-11-30,2024-10-16,Left,6,3,DEP01,Human Resources,JOB02,Recruiter,2024-06-01,20,21038.69,21038.69,1440.98,0,3,9,4
EMP0185-2024-07,EMP0185,Nene Lleshi,Female,1976-10-23,2018-11-30,2024-10-16,Left,6,3,DEP01,Human Resources,JOB02,Recruiter,2024-07-01,23,21038.69,21038.69,1370.44,0,0,3,3
EMP0185-2024-08,EMP0185,Nene Lleshi,Female,1976-10-23,2018-11-30,2024-10-16,Left,6,3,DEP01,Human Resources,JOB02,Recruiter,2024-08-01,22,21038.69,21038.69,2846.95,40,0,0,4
EMP0185-2024-09,EMP0185,Nene Lleshi,Female,1976-10-23,2018-11-30,2024-10-16,Left,6,3,DEP01,Human Resources,JOB02,Recruiter,2024-09-01,21,21038.69,21038.69,2805.3,1,0,4,4
EMP0185-2024-10,EMP0185,Nene Lleshi,Female,1976-10-23,2018-11-30,2024-10-16,Left,6,3,DEP01,Human Resources,JOB02,Recruiter,2024-10-01,12,21038.69,10976.71,0,0,1,0,4
EMP0186-2024-01,EMP0186,Philippe Nyagumbo,Male,1984-11-07,2023-08-24,,Active,9,3,DEP04,Sales,JOB08,Account Manager,2024-01-01,23,33160.54,33160.54,3797.39,7,1,3,4
EMP0186-2024-02,EMP0186,Philippe Nyagumbo,Male,1984-11-07,2023-08-24,,Active,9,3,DEP04,Sales,JOB08,Account Manager,2024-02-01,21,33160.54,33160.54,3938.34,25,3,0,3
EMP0186-2024-03,EMP0186,Philippe Nyagumbo,Male,1984-11-07,2023-08-24,,Active,9,3,DEP04,Sales,JOB08,Account Manager,2024-03-01,21,33160.54,33160.54,0,0,0,6,3
EMP0186-2024-04,EMP0186,Philippe Nyagumbo,Male,1984-11-07,2023-08-24,,Active,9,3,DEP04,Sales,JOB08,Account Manager,2024-04-01,22,33160.54,33160.54,0,0,0,3,3
EMP0186-2024-05,EMP0186,Philippe Nyagumbo,Male,1984-11-07,2023-08-24,,Active,9,3,DEP04,Sales,JOB08,Account Manager,2024-05-01,23,33160.54,33160.54,0,0,0,1,3
EMP0186-2024-06,EMP0186,Philippe Nyagumbo,Male,1984-11-07,2023-08-24,,Active,9,3,DEP04,Sales,JOB08,Account Manager,2024-06-01,20,33160.54,33160.54,4227.92,20,1,0,3
EMP0186-2024-07,EMP0186,Philippe Nyagumbo,Male,1984-11-07,2023-08-24,,Active,9,3,DEP04,Sales,JOB08,Account Manager,2024-07-01,23,33160.54,33160.54,0,0,1,0,4
EMP0186-2024-08,EMP0186,Philippe Nyagumbo,Male,1984-11-07,2023-08-24,,Active,9,3,DEP04,Sales,JOB08,Account Manager,2024-08-01,22,33160.54,33160.54,0,1,0,4,3
EMP0186-2024-09,EMP0186,Philippe Nyagumbo,Male,1984-11-07,2023-08-24,,Active,9,3,DEP04,Sales,JOB08,Account Manager,2024-09-01,21,33160.54,33160.54,3332.53,9,2,0,4
EMP0186-2024-10,EMP0186,Philippe Nyagumbo,Male,1984-11-07,2023-08-24,,Active,9,3,DEP04,Sales,JOB08,Account Manager,2024-10-01,23,33160.54,33160.54,0,18,0,0,3
EMP0186-2024-11,EMP0186,Philippe Nyagumbo,Male,1984-11-07,2023-08-24,,Active,9,3,DEP04,Sales,JOB08,Account Manager,2024-11-01,21,33160.54,33160.54,0,0,0,3,4
EMP0186-2024-12,EMP0186,Philippe Nyagumbo,Male,1984-11-07,2023-08-24,,Active,9,3,DEP04,Sales,JOB08,Account Manager,2024-12-01,22,33160.54,33160.54,3765.6,8,2,16,4
EMP0186-2025-01,EMP0186,Philippe Nyagumbo,Male,1984-11-07,2023-08-24,,Active,9,3,DEP04,Sales,JOB08,Account Manager,2025-01-01,23,34941.43,34941.43,3270.41,27,1,3,4
EMP0186-2025-02,EMP0186,Philippe Nyagumbo,Male,1984-11-07,2023-08-24,,Active,9,3,DEP04,Sales,JOB08,Account Manager,2025-02-01,20,34941.43,34941.43,1039.73,19,1,0,4
EMP0186-2025-03,EMP0186,Philippe Nyagumbo,Male,1984-11-07,2023-08-24,,Active,9,3,DEP04,Sales,JOB08,Account Manager,2025-03-01,21,34941.43,34941.43,4320.13,6,0,3,4
EMP0186-2025-04,EMP0186,Philippe Nyagumbo,Male,1984-11-07,2023-08-24,,Active,9,3,DEP04,Sales,JOB08,Account Manager,2025-04-01,22,34941.43,34941.43,0,0,2,3,3
EMP0186-2025-05,EMP0186,Philippe Nyagumbo,Male,1984-11-07,2023-08-24,,Active,9,3,DEP04,Sales,JOB08,Account Manager,2025-05-01,22,34941.43,34941.43,5196.48,5,0,12,3
EMP0186-2025-06,EMP0186,Philippe Nyagumbo,Male,1984-11-07,2023-08-24,,Active,9,3,DEP04,Sales,JOB08,Account Manager,2025-06-01,21,34941.43,34941.43,0,8,0,0,3
EMP0186-2025-07,EMP0186,Philippe Nyagumbo,Male,1984-11-07,2023-08-24,,Active,9,3,DEP04,Sales,JOB08,Account Manager,2025-07-01,23,34941.43,34941.43,884.02,0,0,8,4
EMP0186-2025-08,EMP0186,Philippe Nyagumbo,Male,1984-11-07,2023-08-24,,Active,9,3,DEP04,Sales,JOB08,Account Manager,2025-08-01,21,34941.43,34941.43,2339.18,4,0,15,4
EMP0186-2025-09,EMP0186,Philippe Nyagumbo,Male,1984-11-07,2023-08-24,,Active,9,3,DEP04,Sales,JOB08,Account Manager,2025-09-01,22,34941.43,34941.43,4706.39,37,2,7,3
EMP0186-2025-10,EMP0186,Philippe Nyagumbo,Male,1984-11-07,2023-08-24,,Active,9,3,DEP04,Sales,JOB08,Account Manager,2025-10-01,23,34941.43,34941.43,4698.7,38,0,0,4
EMP0186-2025-11,EMP0186,Philippe Nyagumbo,Male,1984-11-07,2023-08-24,,Active,9,3,DEP04,Sales,JOB08,Account Manager,2025-11-01,20,34941.43,34941.43,0,0,2,1,4
EMP0186-2025-12,EMP0186,Philippe Nyagumbo,Male,1984-11-07,2023-08-24,,Active,9,3,DEP04,Sales,JOB08,Account Manager,2025-12-01,23,34941.43,34941.43,1943.23,24,3,0,3
EMP0187-2024-08,EMP0187,Larysa Tilahun,Female,1995-04-14,2024-08-01,2025-09-21,Left,2,2,DEP02,Finance,JOB04,Financial Analyst,2024-08-01,22,20732.03,20732.03,2467.87,8,0,5,4
EMP0187-2024-09,EMP0187,Larysa Tilahun,Female,1995-04-14,2024-08-01,2025-09-21,Left,2,2,DEP02,Finance,JOB04,Financial Analyst,2024-09-01,21,20732.03,20732.03,1461.03,7,1,2,4
EMP0187-2024-10,EMP0187,Larysa Tilahun,Female,1995-04-14,2024-08-01,2025-09-21,Left,2,2,DEP02,Finance,JOB04,Financial Analyst,2024-10-01,23,20732.03,20732.03,2917.14,40,1,0,4
EMP0187-2024-11,EMP0187,Larysa Tilahun,Female,1995-04-14,2024-08-01,2025-09-21,Left,2,2,DEP02,Finance,JOB04,Financial Analyst,2024-11-01,21,20732.03,20732.03,0,0,1,0,3
EMP0187-2024-12,EMP0187,Larysa Tilahun,Female,1995-04-14,2024-08-01,2025-09-21,Left,2,2,DEP02,Finance,JOB04,Financial Analyst,2024-12-01,22,20732.03,20732.03,0,9,2,1,4
EMP0187-2025-01,EMP0187,Larysa Tilahun,Female,1995-04-14,2024-08-01,2025-09-21,Left,2,2,DEP02,Finance,JOB04,Financial Analyst,2025-01-01,23,21823.73,21823.73,0,22,2,0,4
EMP0187-2025-02,EMP0187,Larysa Tilahun,Female,1995-04-14,2024-08-01,2025-09-21,Left,2,2,DEP02,Finance,JOB04,Financial Analyst,2025-02-01,20,21823.73,21823.73,697.05,0,1,3,3
EMP0187-2025-03,EMP0187,Larysa Tilahun,Female,1995-04-14,2024-08-01,2025-09-21,Left,2,2,DEP02,Finance,JOB04,Financial Analyst,2025-03-01,21,21823.73,21823.73,0,0,1,3,4
EMP0187-2025-04,EMP0187,Larysa Tilahun,Female,1995-04-14,2024-08-01,2025-09-21,Left,2,2,DEP02,Finance,JOB04,Financial Analyst,2025-04-01,22,21823.73,21823.73,0,18,1,1,3
EMP0187-2025-05,EMP0187,Larysa Tilahun,Female,1995-04-14,2024-08-01,2025-09-21,Left,2,2,DEP02,Finance,JOB04,Financial Analyst,2025-05-01,22,21823.73,21823.73,0,21,2,0,4
EMP0187-2025-06,EMP0187,Larysa Tilahun,Female,1995-04-14,2024-08-01,2025-09-21,Left,2,2,DEP02,Finance,JOB04,Financial Analyst,2025-06-01,21,21823.73,21823.73,955.63,0,1,16,4
EMP0187-2025-07,EMP0187,Larysa Tilahun,Female,1995-04-14,2024-08-01,2025-09-21,Left,2,2,DEP02,Finance,JOB04,Financial Analyst,2025-07-01,23,21823.73,21823.73,0,0,1,10,4
EMP0187-2025-08,EMP0187,Larysa Tilahun,Female,1995-04-14,2024-08-01,2025-09-21,Left,2,2,DEP02,Finance,JOB04,Financial Analyst,2025-08-01,21,21823.73,21823.73,2710.87,0,3,0,3
EMP0187-2025-09,EMP0187,Larysa Tilahun,Female,1995-04-14,2024-08-01,2025-09-21,Left,2,2,DEP02,Finance,JOB04,Financial Analyst,2025-09-01,15,21823.73,14879.82,0,14,0,9,3
EMP0188-2024-01,EMP0188,Katrín Casadei,Female,1993-02-21,2019-09-30,,Active,4,2,DEP02,Finance,JOB04,Financial Analyst,2024-01-01,23,17093.75,17093.75,0,33,0,10,3
EMP0188-2024-02,EMP0188,Katrín Casadei,Female,1993-02-21,2019-09-30,,Active,4,2,DEP02,Finance,JOB04,Financial Analyst,2024-02-01,21,17093.75,17093.75,0,0,2,0,4
EMP0188-2024-03,EMP0188,Katrín Casadei,Female,1993-02-21,2019-09-30,,Active,4,2,DEP02,Finance,JOB04,Financial Analyst,2024-03-01,21,17093.75,17093.75,0,0,1,0,2
EMP0188-2024-04,EMP0188,Katrín Casadei,Female,1993-02-21,2019-09-30,,Active,4,2,DEP02,Finance,JOB04,Financial Analyst,2024-04-01,22,17093.75,17093.75,0,0,2,11,4
EMP0188-2024-05,EMP0188,Katrín Casadei,Female,1993-02-21,2019-09-30,,Active,4,2,DEP02,Finance,JOB04,Financial Analyst,2024-05-01,23,17093.75,17093.75,0,21,0,0,4
EMP0188-2024-06,EMP0188,Katrín Casadei,Female,1993-02-21,2019-09-30,,Active,4,2,DEP02,Finance,JOB04,Financial Analyst,2024-06-01,20,17093.75,17093.75,0,12,0,16,4
EMP0188-2024-07,EMP0188,Katrín Casadei,Female,1993-02-21,2019-09-30,,Active,4,2,DEP02,Finance,JOB04,Financial Analyst,2024-07-01,23,17093.75,17093.75,0,31,0,0,4
EMP0188-2024-08,EMP0188,Katrín Casadei,Female,1993-02-21,2019-09-30,,Active,4,2,DEP02,Finance,JOB04,Financial Analyst,2024-08-01,22,17093.75,17093.75,503.87,0,1,3,4
EMP0188-2024-09,EMP0188,Katrín Casadei,Female,1993-02-21,2019-09-30,,Active,4,2,DEP02,Finance,JOB04,Financial Analyst,2024-09-01,21,17093.75,17093.75,1796.64,0,0,6,3
EMP0188-2024-10,EMP0188,Katrín Casadei,Female,1993-02-21,2019-09-30,,Active,4,2,DEP02,Finance,JOB04,Financial Analyst,2024-10-01,23,17093.75,17093.75,1198.29,15,0,4,4
EMP0188-2024-11,EMP0188,Katrín Casadei,Female,1993-02-21,2019-09-30,,Active,4,2,DEP02,Finance,JOB04,Financial Analyst,2024-11-01,21,17093.75,17093.75,0,0,0,1,3
EMP0188-2024-12,EMP0188,Katrín Casadei,Female,1993-02-21,2019-09-30,,Active,4,2,DEP02,Finance,JOB04,Financial Analyst,2024-12-01,22,17093.75,17093.75,973.53,0,0,0,3
EMP0188-2025-01,EMP0188,Katrín Casadei,Female,1993-02-21,2019-09-30,,Active,4,2,DEP02,Finance,JOB04,Financial Analyst,2025-01-01,23,18321.45,18321.45,0,0,2,0,4
EMP0188-2025-02,EMP0188,Katrín Casadei,Female,1993-02-21,2019-09-30,,Active,4,2,DEP02,Finance,JOB04,Financial Analyst,2025-02-01,20,18321.45,18321.45,1916.79,0,2,0,4
EMP0188-2025-03,EMP0188,Katrín Casadei,Female,1993-02-21,2019-09-30,,Active,4,2,DEP02,Finance,JOB04,Financial Analyst,2025-03-01,21,18321.45,18321.45,0,22,1,5,4
EMP0188-2025-04,EMP0188,Katrín Casadei,Female,1993-02-21,2019-09-30,,Active,4,2,DEP02,Finance,JOB04,Financial Analyst,2025-04-01,22,18321.45,18321.45,0,1,0,0,4
EMP0188-2025-05,EMP0188,Katrín Casadei,Female,1993-02-21,2019-09-30,,Active,4,2,DEP02,Finance,JOB04,Financial Analyst,2025-05-01,22,18321.45,18321.45,0,0,0,6,4
EMP0188-2025-06,EMP0188,Katrín Casadei,Female,1993-02-21,2019-09-30,,Active,4,2,DEP02,Finance,JOB04,Financial Analyst,2025-06-01,21,18321.45,18321.45,653.39,0,0,0,5
EMP0188-2025-07,EMP0188,Katrín Casadei,Female,1993-02-21,2019-09-30,,Active,4,2,DEP02,Finance,JOB04,Financial Analyst,2025-07-01,23,18321.45,18321.45,0,3,2,0,4
EMP0188-2025-08,EMP0188,Katrín Casadei,Female,1993-02-21,2019-09-30,,Active,4,2,DEP02,Finance,JOB04,Financial Analyst,2025-08-01,21,18321.45,18321.45,0,0,0,2,4
EMP0188-2025-09,EMP0188,Katrín Casadei,Female,1993-02-21,2019-09-30,,Active,4,2,DEP02,Finance,JOB04,Financial Analyst,2025-09-01,22,18321.45,18321.45,1823.41,0,0,0,3
EMP0188-2025-10,EMP0188,Katrín Casadei,Female,1993-02-21,2019-09-30,,Active,4,2,DEP02,Finance,JOB04,Financial Analyst,2025-10-01,23,18321.45,18321.45,1518.01,0,1,9,4
EMP0188-2025-11,EMP0188,Katrín Casadei,Female,1993-02-21,2019-09-30,,Active,4,2,DEP02,Finance,JOB04,Financial Analyst,2025-11-01,20,18321.45,18321.45,1558.22,18,0,0,3
EMP0188-2025-12,EMP0188,Katrín Casadei,Female,1993-02-21,2019-09-30,,Active,4,2,DEP02,Finance,JOB04,Financial Analyst,2025-12-01,23,18321.45,18321.45,0,3,2,8,3
EMP0189-2024-01,EMP0189,Lucy Ould,Female,1967-04-25,2017-07-29,,Active,20,4,DEP06,Operations,JOB12,Supply Chain Analyst,2024-01-01,23,37854.26,37854.26,0,2,0,12,3
EMP0189-2024-02,EMP0189,Lucy Ould,Female,1967-04-25,2017-07-29,,Active,20,4,DEP06,Operations,JOB12,Supply Chain Analyst,2024-02-01,21,37854.26,37854.26,0,7,0,2,4
EMP0189-2024-03,EMP0189,Lucy Ould,Female,1967-04-25,2017-07-29,,Active,20,4,DEP06,Operations,JOB12,Supply Chain Analyst,2024-03-01,21,37854.26,37854.26,0,9,1,3,4
EMP0189-2024-04,EMP0189,Lucy Ould,Female,1967-04-25,2017-07-29,,Active,20,4,DEP06,Operations,JOB12,Supply Chain Analyst,2024-04-01,22,37854.26,37854.26,2359.37,0,1,5,4
EMP0189-2024-05,EMP0189,Lucy Ould,Female,1967-04-25,2017-07-29,,Active,20,4,DEP06,Operations,JOB12,Supply Chain Analyst,2024-05-01,23,37854.26,37854.26,0,0,1,5,3
EMP0189-2024-06,EMP0189,Lucy Ould,Female,1967-04-25,2017-07-29,,Active,20,4,DEP06,Operations,JOB12,Supply Chain Analyst,2024-06-01,20,37854.26,37854.26,0,5,2,10,3
EMP0189-2024-07,EMP0189,Lucy Ould,Female,1967-04-25,2017-07-29,,Active,20,4,DEP06,Operations,JOB12,Supply Chain Analyst,2024-07-01,23,37854.26,37854.26,3630.22,21,3,3,4
EMP0189-2024-08,EMP0189,Lucy Ould,Female,1967-04-25,2017-07-29,,Active,20,4,DEP06,Operations,JOB12,Supply Chain Analyst,2024-08-01,22,37854.26,37854.26,0,6,1,0,3
EMP0189-2024-09,EMP0189,Lucy Ould,Female,1967-04-25,2017-07-29,,Active,20,4,DEP06,Operations,JOB12,Supply Chain Analyst,2024-09-01,21,37854.26,37854.26,0,10,3,6,4
EMP0189-2024-10,EMP0189,Lucy Ould,Female,1967-04-25,2017-07-29,,Active,20,4,DEP06,Operations,JOB12,Supply Chain Analyst,2024-10-01,23,37854.26,37854.26,4046.41,0,2,15,4
EMP0189-2024-11,EMP0189,Lucy Ould,Female,1967-04-25,2017-07-29,,Active,20,4,DEP06,Operations,JOB12,Supply Chain Analyst,2024-11-01,21,37854.26,37854.26,0,1,0,4,3
EMP0189-2024-12,EMP0189,Lucy Ould,Female,1967-04-25,2017-07-29,,Active,20,4,DEP06,Operations,JOB12,Supply Chain Analyst,2024-12-01,22,37854.26,37854.26,3002.86,26,1,6,3
EMP0189-2025-01,EMP0189,Lucy Ould,Female,1967-04-25,2017-07-29,,Active,20,4,DEP06,Operations,JOB12,Supply Chain Analyst,2025-01-01,23,41121.16,41121.16,1302.84,16,3,6,4
EMP0189-2025-02,EMP0189,Lucy Ould,Female,1967-04-25,2017-07-29,,Active,20,4,DEP06,Operations,JOB12,Supply Chain Analyst,2025-02-01,20,41121.16,41121.16,4510.22,0,0,0,3
EMP0189-2025-03,EMP0189,Lucy Ould,Female,1967-04-25,2017-07-29,,Active,20,4,DEP06,Operations,JOB12,Supply Chain Analyst,2025-03-01,21,41121.16,41121.16,0,33,2,2,4
EMP0189-2025-04,EMP0189,Lucy Ould,Female,1967-04-25,2017-07-29,,Active,20,4,DEP06,Operations,JOB12,Supply Chain Analyst,2025-04-01,22,41121.16,41121.16,4011.58,38,1,13,4
EMP0189-2025-05,EMP0189,Lucy Ould,Female,1967-04-25,2017-07-29,,Active,20,4,DEP06,Operations,JOB12,Supply Chain Analyst,2025-05-01,22,41121.16,41121.16,0,0,0,6,3
EMP0189-2025-06,EMP0189,Lucy Ould,Female,1967-04-25,2017-07-29,,Active,20,4,DEP06,Operations,JOB12,Supply Chain Analyst,2025-06-01,21,41121.16,41121.16,4572.77,0,4,0,3
EMP0189-2025-07,EMP0189,Lucy Ould,Female,1967-04-25,2017-07-29,,Active,20,4,DEP06,Operations,JOB12,Supply Chain Analyst,2025-07-01,23,41121.16,41121.16,2998.46,12,0,5,3
EMP0189-2025-08,EMP0189,Lucy Ould,Female,1967-04-25,2017-07-29,,Active,20,4,DEP06,Operations,JOB12,Supply Chain Analyst,2025-08-01,21,41121.16,41121.16,0,6,3,16,5
EMP0189-2025-09,EMP0189,Lucy Ould,Female,1967-04-25,2017-07-29,,Active,20,4,DEP06,Operations,JOB12,Supply Chain Analyst,2025-09-01,22,41121.16,41121.16,0,5,4,0,3
EMP0189-2025-10,EMP0189,Lucy Ould,Female,1967-04-25,2017-07-29,,Active,20,4,DEP06,Operations,JOB12,Supply Chain Analyst,2025-10-01,23,41121.16,41121.16,3067.91,8,0,3,3
EMP0189-2025-11,EMP0189,Lucy Ould,Female,1967-04-25,2017-07-29,,Active,20,4,DEP06,Operations,JOB12,Supply Chain Analyst,2025-11-01,20,41121.16,41121.16,2646.06,0,4,11,4
EMP0189-2025-12,EMP0189,Lucy Ould,Female,1967-04-25,2017-07-29,,Active,20,4,DEP06,Operations,JOB12,Supply Chain Analyst,2025-12-01,23,41121.16,41121.16,0,33,0,9,3
EMP0190-2024-04,EMP0190,Puramwen Rowlands,Female,1987-02-05,2024-04-29,,Active,0,1,DEP04,Sales,JOB08,Account Manager,2024-04-01,2,12198.85,1108.99,80.65,4,1,0,4
EMP0190-2024-05,EMP0190,Puramwen Rowlands,Female,1987-02-05,2024-04-29,,Active,0,1,DEP04,Sales,JOB08,Account Manager,2024-05-01,23,12198.85,12198.85,0,13,0,4,4
EMP0190-2024-06,EMP0190,Puramwen Rowlands,Female,1987-02-05,2024-04-29,,Active,0,1,DEP04,Sales,JOB08,Account Manager,2024-06-01,20,12198.85,12198.85,1548.59,0,0,0,4
EMP0190-2024-07,EMP0190,Puramwen Rowlands,Female,1987-02-05,2024-04-29,,Active,0,1,DEP04,Sales,JOB08,Account Manager,2024-07-01,23,12198.85,12198.85,1711.85,0,1,0,4
EMP0190-2024-08,EMP0190,Puramwen Rowlands,Female,1987-02-05,2024-04-29,,Active,0,1,DEP04,Sales,JOB08,Account Manager,2024-08-01,22,12198.85,12198.85,821.02,2,1,3,3
EMP0190-2024-09,EMP0190,Puramwen Rowlands,Female,1987-02-05,2024-04-29,,Active,0,1,DEP04,Sales,JOB08,Account Manager,2024-09-01,21,12198.85,12198.85,1590.83,4,1,0,3
EMP0190-2024-10,EMP0190,Puramwen Rowlands,Female,1987-02-05,2024-04-29,,Active,0,1,DEP04,Sales,JOB08,Account Manager,2024-10-01,23,12198.85,12198.85,0,17,0,3,3
EMP0190-2024-11,EMP0190,Puramwen Rowlands,Female,1987-02-05,2024-04-29,,Active,0,1,DEP04,Sales,JOB08,Account Manager,2024-11-01,21,12198.85,12198.85,0,0,0,2,2
EMP0190-2024-12,EMP0190,Puramwen Rowlands,Female,1987-02-05,2024-04-29,,Active,0,1,DEP04,Sales,JOB08,Account Manager,2024-12-01,22,12198.85,12198.85,0,31,1,0,3
EMP0190-2025-01,EMP0190,Puramwen Rowlands,Female,1987-02-05,2024-04-29,,Active,0,1,DEP04,Sales,JOB08,Account Manager,2025-01-01,23,13017.67,13017.67,0,0,1,8,3
EMP0190-2025-02,EMP0190,Puramwen Rowlands,Female,1987-02-05,2024-04-29,,Active,0,1,DEP04,Sales,JOB08,Account Manager,2025-02-01,20,13017.67,13017.67,0,2,3,0,3
EMP0190-2025-03,EMP0190,Puramwen Rowlands,Female,1987-02-05,2024-04-29,,Active,0,1,DEP04,Sales,JOB08,Account Manager,2025-03-01,21,13017.67,13017.67,0,0,1,6,4
EMP0190-2025-04,EMP0190,Puramwen Rowlands,Female,1987-02-05,2024-04-29,,Active,0,1,DEP04,Sales,JOB08,Account Manager,2025-04-01,22,13017.67,13017.67,1423.26,34,1,0,4
EMP0190-2025-05,EMP0190,Puramwen Rowlands,Female,1987-02-05,2024-04-29,,Active,0,1,DEP04,Sales,JOB08,Account Manager,2025-05-01,22,13017.67,13017.67,0,2,0,10,3
EMP0190-2025-06,EMP0190,Puramwen Rowlands,Female,1987-02-05,2024-04-29,,Active,0,1,DEP04,Sales,JOB08,Account Manager,2025-06-01,21,13017.67,13017.67,0,36,0,10,3
EMP0190-2025-07,EMP0190,Puramwen Rowlands,Female,1987-02-05,2024-04-29,,Active,0,1,DEP04,Sales,JOB08,Account Manager,2025-07-01,23,13017.67,13017.67,0,6,0,0,4
EMP0190-2025-08,EMP0190,Puramwen Rowlands,Female,1987-02-05,2024-04-29,,Active,0,1,DEP04,Sales,JOB08,Account Manager,2025-08-01,21,13017.67,13017.67,0,1,0,8,3
EMP0190-2025-09,EMP0190,Puramwen Rowlands,Female,1987-02-05,2024-04-29,,Active,0,1,DEP04,Sales,JOB08,Account Manager,2025-09-01,22,13017.67,13017.67,0,0,0,0,3
EMP0190-2025-10,EMP0190,Puramwen Rowlands,Female,1987-02-05,2024-04-29,,Active,0,1,DEP04,Sales,JOB08,Account Manager,2025-10-01,23,13017.67,13017.67,895.22,4,0,0,4
EMP0190-2025-11,EMP0190,Puramwen Rowlands,Female,1987-02-05,2024-04-29,,Active,0,1,DEP04,Sales,JOB08,Account Manager,2025-11-01,20,13017.67,13017.67,401.21,7,0,5,4
EMP0190-2025-12,EMP0190,Puramwen Rowlands,Female,1987-02-05,2024-04-29,,Active,0,1,DEP04,Sales,JOB08,Account Manager,2025-12-01,23,13017.67,13017.67,1273.58,0,0,3,3
EMP0191-2024-01,EMP0191,Rakotomalala Wheeler,Male,1980-04-03,2019-02-09,2025-09-14,Left,11,4,DEP04,Sales,JOB08,Account Manager,2024-01-01,23,39166.32,39166.32,0,8,0,0,4
EMP0191-2024-02,EMP0191,Rakotomalala Wheeler,Male,1980-04-03,2019-02-09,2025-09-14,Left,11,4,DEP04,Sales,JOB08,Account Manager,2024-02-01,21,39166.32,39166.32,0,24,0,2,4
EMP0191-2024-03,EMP0191,Rakotomalala Wheeler,Male,1980-04-03,2019-02-09,2025-09-14,Left,11,4,DEP04,Sales,JOB08,Account Manager,2024-03-01,21,39166.32,39166.32,3175.87,25,0,8,4
EMP0191-2024-04,EMP0191,Rakotomalala Wheeler,Male,1980-04-03,2019-02-09,2025-09-14,Left,11,4,DEP04,Sales,JOB08,Account Manager,2024-04-01,22,39166.32,39166.32,1444.09,0,1,5,3
EMP0191-2024-05,EMP0191,Rakotomalala Wheeler,Male,1980-04-03,2019-02-09,2025-09-14,Left,11,4,DEP04,Sales,JOB08,Account Manager,2024-05-01,23,39166.32,39166.32,1868.21,0,0,13,3
EMP0191-2024-06,EMP0191,Rakotomalala Wheeler,Male,1980-04-03,2019-02-09,2025-09-14,Left,11,4,DEP04,Sales,JOB08,Account Manager,2024-06-01,20,39166.32,39166.32,0,33,0,2,3
EMP0191-2024-07,EMP0191,Rakotomalala Wheeler,Male,1980-04-03,2019-02-09,2025-09-14,Left,11,4,DEP04,Sales,JOB08,Account Manager,2024-07-01,23,39166.32,39166.32,0,0,2,0,4
EMP0191-2024-08,EMP0191,Rakotomalala Wheeler,Male,1980-04-03,2019-02-09,2025-09-14,Left,11,4,DEP04,Sales,JOB08,Account Manager,2024-08-01,22,39166.32,39166.32,0,0,2,6,3
EMP0191-2024-09,EMP0191,Rakotomalala Wheeler,Male,1980-04-03,2019-02-09,2025-09-14,Left,11,4,DEP04,Sales,JOB08,Account Manager,2024-09-01,21,39166.32,39166.32,0,35,0,0,3
EMP0191-2024-10,EMP0191,Rakotomalala Wheeler,Male,1980-04-03,2019-02-09,2025-09-14,Left,11,4,DEP04,Sales,JOB08,Account Manager,2024-10-01,23,39166.32,39166.32,0,37,1,2,3
EMP0191-2024-11,EMP0191,Rakotomalala Wheeler,Male,1980-04-03,2019-02-09,2025-09-14,Left,11,4,DEP04,Sales,JOB08,Account Manager,2024-11-01,21,39166.32,39166.32,0,20,0,7,4
EMP0191-2024-12,EMP0191,Rakotomalala Wheeler,Male,1980-04-03,2019-02-09,2025-09-14,Left,11,4,DEP04,Sales,JOB08,Account Manager,2024-12-01,22,39166.32,39166.32,1773.5,39,0,9,4
EMP0191-2025-01,EMP0191,Rakotomalala Wheeler,Male,1980-04-03,2019-02-09,2025-09-14,Left,11,4,DEP04,Sales,JOB08,Account Manager,2025-01-01,23,42937.17,42937.17,2371.34,37,2,3,4
EMP0191-2025-02,EMP0191,Rakotomalala Wheeler,Male,1980-04-03,2019-02-09,2025-09-14,Left,11,4,DEP04,Sales,JOB08,Account Manager,2025-02-01,20,42937.17,42937.17,5059.54,32,0,0,3
EMP0191-2025-03,EMP0191,Rakotomalala Wheeler,Male,1980-04-03,2019-02-09,2025-09-14,Left,11,4,DEP04,Sales,JOB08,Account Manager,2025-03-01,21,42937.17,42937.17,0,9,1,7,3
EMP0191-2025-04,EMP0191,Rakotomalala Wheeler,Male,1980-04-03,2019-02-09,2025-09-14,Left,11,4,DEP04,Sales,JOB08,Account Manager,2025-04-01,22,42937.17,42937.17,2094.85,19,1,7,3
EMP0191-2025-05,EMP0191,Rakotomalala Wheeler,Male,1980-04-03,2019-02-09,2025-09-14,Left,11,4,DEP04,Sales,JOB08,Account Manager,2025-05-01,22,42937.17,42937.17,0,2,0,5,3
EMP0191-2025-06,EMP0191,Rakotomalala Wheeler,Male,1980-04-03,2019-02-09,2025-09-14,Left,11,4,DEP04,Sales,JOB08,Account Manager,2025-06-01,21,42937.17,42937.17,5294.19,0,1,0,3
EMP0191-2025-07,EMP0191,Rakotomalala Wheeler,Male,1980-04-03,2019-02-09,2025-09-14,Left,11,4,DEP04,Sales,JOB08,Account Manager,2025-07-01,23,42937.17,42937.17,6101.65,0,2,0,3
EMP0191-2025-08,EMP0191,Rakotomalala Wheeler,Male,1980-04-03,2019-02-09,2025-09-14,Left,11,4,DEP04,Sales,JOB08,Account Manager,2025-08-01,21,42937.17,42937.17,0,9,2,3,3
EMP0191-2025-09,EMP0191,Rakotomalala Wheeler,Male,1980-04-03,2019-02-09,2025-09-14,Left,11,4,DEP04,Sales,JOB08,Account Manager,2025-09-01,10,42937.17,19516.9,0,6,0,0,4
EMP0192-2025-06,EMP0192,Masood Al-Aqad,Male,1995-05-05,2025-06-07,2025-12-17,Left,3,1,DEP04,Sales,JOB08,Account Manager,2025-06-01,16,11398.99,8684.94,0,0,1,1,3
EMP0192-2025-07,EMP0192,Masood Al-Aqad,Male,1995-05-05,2025-06-07,2025-12-17,Left,3,1,DEP04,Sales,JOB08,Account Manager,2025-07-01,23,11398.99,11398.99,0,0,2,0,4
EMP0192-2025-08,EMP0192,Masood Al-Aqad,Male,1995-05-05,2025-06-07,2025-12-17,Left,3,1,DEP04,Sales,JOB08,Account Manager,2025-08-01,21,11398.99,11398.99,836.28,0,0,0,3
EMP0192-2025-09,EMP0192,Masood Al-Aqad,Male,1995-05-05,2025-06-07,2025-12-17,Left,3,1,DEP04,Sales,JOB08,Account Manager,2025-09-01,22,11398.99,11398.99,1668.24,37,2,16,3
EMP0192-2025-10,EMP0192,Masood Al-Aqad,Male,1995-05-05,2025-06-07,2025-12-17,Left,3,1,DEP04,Sales,JOB08,Account Manager,2025-10-01,23,11398.99,11398.99,0,34,1,11,3
EMP0192-2025-11,EMP0192,Masood Al-Aqad,Male,1995-05-05,2025-06-07,2025-12-17,Left,3,1,DEP04,Sales,JOB08,Account Manager,2025-11-01,20,11398.99,11398.99,0,14,2,0,3
EMP0192-2025-12,EMP0192,Masood Al-Aqad,Male,1995-05-05,2025-06-07,2025-12-17,Left,3,1,DEP04,Sales,JOB08,Account Manager,2025-12-01,13,11398.99,6442.91,0,11,2,8,4
EMP0193-2024-01,EMP0193,Ignacio Kadewere,Male,1982-06-09,2023-08-03,,Active,3,2,DEP04,Sales,JOB07,Sales Executive,2024-01-01,23,20188.47,20188.47,0,30,2,6,3
EMP0193-2024-02,EMP0193,Ignacio Kadewere,Male,1982-06-09,2023-08-03,,Active,3,2,DEP04,Sales,JOB07,Sales Executive,2024-02-01,21,20188.47,20188.47,0,11,2,3,3
EMP0193-2024-03,EMP0193,Ignacio Kadewere,Male,1982-06-09,2023-08-03,,Active,3,2,DEP04,Sales,JOB07,Sales Executive,2024-03-01,21,20188.47,20188.47,2076.1,21,3,0,3
EMP0193-2024-04,EMP0193,Ignacio Kadewere,Male,1982-06-09,2023-08-03,,Active,3,2,DEP04,Sales,JOB07,Sales Executive,2024-04-01,22,20188.47,20188.47,478.45,0,0,0,3
EMP0193-2024-05,EMP0193,Ignacio Kadewere,Male,1982-06-09,2023-08-03,,Active,3,2,DEP04,Sales,JOB07,Sales Executive,2024-05-01,23,20188.47,20188.47,0,9,2,1,3
EMP0193-2024-06,EMP0193,Ignacio Kadewere,Male,1982-06-09,2023-08-03,,Active,3,2,DEP04,Sales,JOB07,Sales Executive,2024-06-01,20,20188.47,20188.47,0,0,1,0,3
EMP0193-2024-07,EMP0193,Ignacio Kadewere,Male,1982-06-09,2023-08-03,,Active,3,2,DEP04,Sales,JOB07,Sales Executive,2024-07-01,23,20188.47,20188.47,0,12,2,0,2
EMP0193-2024-08,EMP0193,Ignacio Kadewere,Male,1982-06-09,2023-08-03,,Active,3,2,DEP04,Sales,JOB07,Sales Executive,2024-08-01,22,20188.47,20188.47,0,5,0,6,3
EMP0193-2024-09,EMP0193,Ignacio Kadewere,Male,1982-06-09,2023-08-03,,Active,3,2,DEP04,Sales,JOB07,Sales Executive,2024-09-01,21,20188.47,20188.47,0,1,0,3,2
EMP0193-2024-10,EMP0193,Ignacio Kadewere,Male,1982-06-09,2023-08-03,,Active,3,2,DEP04,Sales,JOB07,Sales Executive,2024-10-01,23,20188.47,20188.47,2376.92,0,2,0,3
EMP0193-2024-11,EMP0193,Ignacio Kadewere,Male,1982-06-09,2023-08-03,,Active,3,2,DEP04,Sales,JOB07,Sales Executive,2024-11-01,21,20188.47,20188.47,0,0,1,7,3
EMP0193-2024-12,EMP0193,Ignacio Kadewere,Male,1982-06-09,2023-08-03,,Active,3,2,DEP04,Sales,JOB07,Sales Executive,2024-12-01,22,20188.47,20188.47,2896.23,0,0,0,3
EMP0193-2025-01,EMP0193,Ignacio Kadewere,Male,1982-06-09,2023-08-03,,Active,3,2,DEP04,Sales,JOB07,Sales Executive,2025-01-01,23,21858.3,21858.3,878.88,7,0,3,3
EMP0193-2025-02,EMP0193,Ignacio Kadewere,Male,1982-06-09,2023-08-03,,Active,3,2,DEP04,Sales,JOB07,Sales Executive,2025-02-01,20,21858.3,21858.3,613.07,3,3,1,3
EMP0193-2025-03,EMP0193,Ignacio Kadewere,Male,1982-06-09,2023-08-03,,Active,3,2,DEP04,Sales,JOB07,Sales Executive,2025-03-01,21,21858.3,21858.3,0,0,1,0,3
EMP0193-2025-04,EMP0193,Ignacio Kadewere,Male,1982-06-09,2023-08-03,,Active,3,2,DEP04,Sales,JOB07,Sales Executive,2025-04-01,22,21858.3,21858.3,655.68,1,1,4,4
EMP0193-2025-05,EMP0193,Ignacio Kadewere,Male,1982-06-09,2023-08-03,,Active,3,2,DEP04,Sales,JOB07,Sales Executive,2025-05-01,22,21858.3,21858.3,0,25,0,7,1
EMP0193-2025-06,EMP0193,Ignacio Kadewere,Male,1982-06-09,2023-08-03,,Active,3,2,DEP04,Sales,JOB07,Sales Executive,2025-06-01,21,21858.3,21858.3,0,0,0,0,3
EMP0193-2025-07,EMP0193,Ignacio Kadewere,Male,1982-06-09,2023-08-03,,Active,3,2,DEP04,Sales,JOB07,Sales Executive,2025-07-01,23,21858.3,21858.3,0,0,0,7,4
EMP0193-2025-08,EMP0193,Ignacio Kadewere,Male,1982-06-09,2023-08-03,,Active,3,2,DEP04,Sales,JOB07,Sales Executive,2025-08-01,21,21858.3,21858.3,2456.94,6,1,7,3
EMP0193-2025-09,EMP0193,Ignacio Kadewere,Male,1982-06-09,2023-08-03,,Active,3,2,DEP04,Sales,JOB07,Sales Executive,2025-09-01,22,21858.3,21858.3,0,1,1,3,4
EMP0193-2025-10,EMP0193,Ignacio Kadewere,Male,1982-06-09,2023-08-03,,Active,3,2,DEP04,Sales,JOB07,Sales Executive,2025-10-01,23,21858.3,21858.3,0,14,0,6,3
EMP0193-2025-11,EMP0193,Ignacio Kadewere,Male,1982-06-09,2023-08-03,,Active,3,2,DEP04,Sales,JOB07,Sales Executive,2025-11-01,20,21858.3,21858.3,0,0,1,7,3
EMP0193-2025-12,EMP0193,Ignacio Kadewere,Male,1982-06-09,2023-08-03,,Active,3,2,DEP04,Sales,JOB07,Sales Executive,2025-12-01,23,21858.3,21858.3,0,6,1,3,3
EMP0194-2024-01,EMP0194,Bassem Lika,Male,1991-10-17,2020-04-15,,Active,6,2,DEP06,Operations,JOB11,Operations Coordinator,2024-01-01,23,14813.18,14813.18,1035.63,16,2,0,4
EMP0194-2024-02,EMP0194,Bassem Lika,Male,1991-10-17,2020-04-15,,Active,6,2,DEP06,Operations,JOB11,Operations Coordinator,2024-02-01,21,14813.18,14813.18,0,9,0,5,3
EMP0194-2024-03,EMP0194,Bassem Lika,Male,1991-10-17,2020-04-15,,Active,6,2,DEP06,Operations,JOB11,Operations Coordinator,2024-03-01,21,14813.18,14813.18,0,0,2,0,3
EMP0194-2024-04,EMP0194,Bassem Lika,Male,1991-10-17,2020-04-15,,Active,6,2,DEP06,Operations,JOB11,Operations Coordinator,2024-04-01,22,14813.18,14813.18,0,5,1,0,3
EMP0194-2024-05,EMP0194,Bassem Lika,Male,1991-10-17,2020-04-15,,Active,6,2,DEP06,Operations,JOB11,Operations Coordinator,2024-05-01,23,14813.18,14813.18,413.38,10,1,0,4
EMP0194-2024-06,EMP0194,Bassem Lika,Male,1991-10-17,2020-04-15,,Active,6,2,DEP06,Operations,JOB11,Operations Coordinator,2024-06-01,20,14813.18,14813.18,1883.54,5,4,0,4
EMP0194-2024-07,EMP0194,Bassem Lika,Male,1991-10-17,2020-04-15,,Active,6,2,DEP06,Operations,JOB11,Operations Coordinator,2024-07-01,23,14813.18,14813.18,0,1,0,10,4
EMP0194-2024-08,EMP0194,Bassem Lika,Male,1991-10-17,2020-04-15,,Active,6,2,DEP06,Operations,JOB11,Operations Coordinator,2024-08-01,22,14813.18,14813.18,1500.68,1,0,7,3
EMP0194-2024-09,EMP0194,Bassem Lika,Male,1991-10-17,2020-04-15,,Active,6,2,DEP06,Operations,JOB11,Operations Coordinator,2024-09-01,21,14813.18,14813.18,0,0,3,0,4
EMP0194-2024-10,EMP0194,Bassem Lika,Male,1991-10-17,2020-04-15,,Active,6,2,DEP06,Operations,JOB11,Operations Coordinator,2024-10-01,23,14813.18,14813.18,1315.85,0,0,0,3
EMP0194-2024-11,EMP0194,Bassem Lika,Male,1991-10-17,2020-04-15,,Active,6,2,DEP06,Operations,JOB11,Operations Coordinator,2024-11-01,21,14813.18,14813.18,0,0,0,0,4
EMP0194-2024-12,EMP0194,Bassem Lika,Male,1991-10-17,2020-04-15,,Active,6,2,DEP06,Operations,JOB11,Operations Coordinator,2024-12-01,22,14813.18,14813.18,0,0,0,15,3
EMP0194-2025-01,EMP0194,Bassem Lika,Male,1991-10-17,2020-04-15,,Active,6,2,DEP06,Operations,JOB11,Operations Coordinator,2025-01-01,23,15917.7,15917.7,0,17,0,4,4
EMP0194-2025-02,EMP0194,Bassem Lika,Male,1991-10-17,2020-04-15,,Active,6,2,DEP06,Operations,JOB11,Operations Coordinator,2025-02-01,20,15917.7,15917.7,0,9,0,2,3
EMP0194-2025-03,EMP0194,Bassem Lika,Male,1991-10-17,2020-04-15,,Active,6,2,DEP06,Operations,JOB11,Operations Coordinator,2025-03-01,21,15917.7,15917.7,477.37,13,0,5,3
EMP0194-2025-04,EMP0194,Bassem Lika,Male,1991-10-17,2020-04-15,,Active,6,2,DEP06,Operations,JOB11,Operations Coordinator,2025-04-01,22,15917.7,15917.7,1045.91,20,0,5,4
EMP0194-2025-05,EMP0194,Bassem Lika,Male,1991-10-17,2020-04-15,,Active,6,2,DEP06,Operations,JOB11,Operations Coordinator,2025-05-01,22,15917.7,15917.7,837.19,0,3,1,3
EMP0194-2025-06,EMP0194,Bassem Lika,Male,1991-10-17,2020-04-15,,Active,6,2,DEP06,Operations,JOB11,Operations Coordinator,2025-06-01,21,15917.7,15917.7,0,19,0,3,4
EMP0194-2025-07,EMP0194,Bassem Lika,Male,1991-10-17,2020-04-15,,Active,6,2,DEP06,Operations,JOB11,Operations Coordinator,2025-07-01,23,15917.7,15917.7,1987.26,15,3,5,4
EMP0194-2025-08,EMP0194,Bassem Lika,Male,1991-10-17,2020-04-15,,Active,6,2,DEP06,Operations,JOB11,Operations Coordinator,2025-08-01,21,15917.7,15917.7,0,18,3,0,3
EMP0194-2025-09,EMP0194,Bassem Lika,Male,1991-10-17,2020-04-15,,Active,6,2,DEP06,Operations,JOB11,Operations Coordinator,2025-09-01,22,15917.7,15917.7,704.14,37,1,0,4
EMP0194-2025-10,EMP0194,Bassem Lika,Male,1991-10-17,2020-04-15,,Active,6,2,DEP06,Operations,JOB11,Operations Coordinator,2025-10-01,23,15917.7,15917.7,1054,6,2,12,4
EMP0194-2025-11,EMP0194,Bassem Lika,Male,1991-10-17,2020-04-15,,Active,6,2,DEP06,Operations,JOB11,Operations Coordinator,2025-11-01,20,15917.7,15917.7,1221.64,6,0,1,3
EMP0194-2025-12,EMP0194,Bassem Lika,Male,1991-10-17,2020-04-15,,Active,6,2,DEP06,Operations,JOB11,Operations Coordinator,2025-12-01,23,15917.7,15917.7,0,8,1,0,3
EMP0195-2024-01,EMP0195,Kadi Joly,Female,1977-06-27,2020-12-18,2024-01-27,Left,5,2,DEP04,Sales,JOB08,Account Manager,2024-01-01,20,17459.22,15181.93,0,0,0,0,3
EMP0196-2024-02,EMP0196,Nadia Jacoby,Female,1983-07-07,2024-02-16,,Active,4,2,DEP06,Operations,JOB12,Supply Chain Analyst,2024-02-01,10,17593.63,8377.92,0,6,1,0,4
EMP0196-2024-03,EMP0196,Nadia Jacoby,Female,1983-07-07,2024-02-16,,Active,4,2,DEP06,Operations,JOB12,Supply Chain Analyst,2024-03-01,21,17593.63,17593.63,0,15,2,1,4
EMP0196-2024-04,EMP0196,Nadia Jacoby,Female,1983-07-07,2024-02-16,,Active,4,2,DEP06,Operations,JOB12,Supply Chain Analyst,2024-04-01,22,17593.63,17593.63,0,34,2,7,3
EMP0196-2024-05,EMP0196,Nadia Jacoby,Female,1983-07-07,2024-02-16,,Active,4,2,DEP06,Operations,JOB12,Supply Chain Analyst,2024-05-01,23,17593.63,17593.63,0,16,1,14,3
EMP0196-2024-06,EMP0196,Nadia Jacoby,Female,1983-07-07,2024-02-16,,Active,4,2,DEP06,Operations,JOB12,Supply Chain Analyst,2024-06-01,20,17593.63,17593.63,0,2,4,0,3
EMP0196-2024-07,EMP0196,Nadia Jacoby,Female,1983-07-07,2024-02-16,,Active,4,2,DEP06,Operations,JOB12,Supply Chain Analyst,2024-07-01,23,17593.63,17593.63,410.35,0,2,6,3
EMP0196-2024-08,EMP0196,Nadia Jacoby,Female,1983-07-07,2024-02-16,,Active,4,2,DEP06,Operations,JOB12,Supply Chain Analyst,2024-08-01,22,17593.63,17593.63,0,0,0,0,3
EMP0196-2024-09,EMP0196,Nadia Jacoby,Female,1983-07-07,2024-02-16,,Active,4,2,DEP06,Operations,JOB12,Supply Chain Analyst,2024-09-01,21,17593.63,17593.63,0,0,3,4,3
EMP0196-2024-10,EMP0196,Nadia Jacoby,Female,1983-07-07,2024-02-16,,Active,4,2,DEP06,Operations,JOB12,Supply Chain Analyst,2024-10-01,23,17593.63,17593.63,0,24,0,1,3
EMP0196-2024-11,EMP0196,Nadia Jacoby,Female,1983-07-07,2024-02-16,,Active,4,2,DEP06,Operations,JOB12,Supply Chain Analyst,2024-11-01,21,17593.63,17593.63,0,3,3,1,3
EMP0196-2024-12,EMP0196,Nadia Jacoby,Female,1983-07-07,2024-02-16,,Active,4,2,DEP06,Operations,JOB12,Supply Chain Analyst,2024-12-01,22,17593.63,17593.63,0,0,0,0,2
EMP0196-2025-01,EMP0196,Nadia Jacoby,Female,1983-07-07,2024-02-16,,Active,4,2,DEP06,Operations,JOB12,Supply Chain Analyst,2025-01-01,23,18303.7,18303.7,0,37,4,5,3
EMP0196-2025-02,EMP0196,Nadia Jacoby,Female,1983-07-07,2024-02-16,,Active,4,2,DEP06,Operations,JOB12,Supply Chain Analyst,2025-02-01,20,18303.7,18303.7,0,5,0,2,3
EMP0196-2025-03,EMP0196,Nadia Jacoby,Female,1983-07-07,2024-02-16,,Active,4,2,DEP06,Operations,JOB12,Supply Chain Analyst,2025-03-01,21,18303.7,18303.7,1633.41,0,3,0,3
EMP0196-2025-04,EMP0196,Nadia Jacoby,Female,1983-07-07,2024-02-16,,Active,4,2,DEP06,Operations,JOB12,Supply Chain Analyst,2025-04-01,22,18303.7,18303.7,0,0,1,2,3
EMP0196-2025-05,EMP0196,Nadia Jacoby,Female,1983-07-07,2024-02-16,,Active,4,2,DEP06,Operations,JOB12,Supply Chain Analyst,2025-05-01,22,18303.7,18303.7,0,1,0,5,3
EMP0196-2025-06,EMP0196,Nadia Jacoby,Female,1983-07-07,2024-02-16,,Active,4,2,DEP06,Operations,JOB12,Supply Chain Analyst,2025-06-01,21,18303.7,18303.7,0,40,3,8,3
EMP0196-2025-07,EMP0196,Nadia Jacoby,Female,1983-07-07,2024-02-16,,Active,4,2,DEP06,Operations,JOB12,Supply Chain Analyst,2025-07-01,23,18303.7,18303.7,0,6,2,0,3
EMP0196-2025-08,EMP0196,Nadia Jacoby,Female,1983-07-07,2024-02-16,,Active,4,2,DEP06,Operations,JOB12,Supply Chain Analyst,2025-08-01,21,18303.7,18303.7,0,1,2,1,2
EMP0196-2025-09,EMP0196,Nadia Jacoby,Female,1983-07-07,2024-02-16,,Active,4,2,DEP06,Operations,JOB12,Supply Chain Analyst,2025-09-01,22,18303.7,18303.7,0,8,4,7,3
EMP0196-2025-10,EMP0196,Nadia Jacoby,Female,1983-07-07,2024-02-16,,Active,4,2,DEP06,Operations,JOB12,Supply Chain Analyst,2025-10-01,23,18303.7,18303.7,0,0,2,0,3
EMP0196-2025-11,EMP0196,Nadia Jacoby,Female,1983-07-07,2024-02-16,,Active,4,2,DEP06,Operations,JOB12,Supply Chain Analyst,2025-11-01,20,18303.7,18303.7,0,7,0,0,3
EMP0196-2025-12,EMP0196,Nadia Jacoby,Female,1983-07-07,2024-02-16,,Active,4,2,DEP06,Operations,JOB12,Supply Chain Analyst,2025-12-01,23,18303.7,18303.7,1560.85,6,2,10,3
EMP0197-2025-01,EMP0197,Tariq Shamsi,Male,1990-08-11,2025-01-20,2025-08-23,Left,12,4,DEP02,Finance,JOB03,Accountant,2025-01-01,10,40127.24,17446.63,0,9,0,0,3
EMP0197-2025-02,EMP0197,Tariq Shamsi,Male,1990-08-11,2025-01-20,2025-08-23,Left,12,4,DEP02,Finance,JOB03,Accountant,2025-02-01,20,40127.24,40127.24,0,10,0,0,3
EMP0197-2025-03,EMP0197,Tariq Shamsi,Male,1990-08-11,2025-01-20,2025-08-23,Left,12,4,DEP02,Finance,JOB03,Accountant,2025-03-01,21,40127.24,40127.24,0,12,1,2,3
EMP0197-2025-04,EMP0197,Tariq Shamsi,Male,1990-08-11,2025-01-20,2025-08-23,Left,12,4,DEP02,Finance,JOB03,Accountant,2025-04-01,22,40127.24,40127.24,0,2,2,0,4
EMP0197-2025-05,EMP0197,Tariq Shamsi,Male,1990-08-11,2025-01-20,2025-08-23,Left,12,4,DEP02,Finance,JOB03,Accountant,2025-05-01,22,40127.24,40127.24,5462.85,25,0,1,4
EMP0197-2025-06,EMP0197,Tariq Shamsi,Male,1990-08-11,2025-01-20,2025-08-23,Left,12,4,DEP02,Finance,JOB03,Accountant,2025-06-01,21,40127.24,40127.24,0,0,1,0,3
EMP0197-2025-07,EMP0197,Tariq Shamsi,Male,1990-08-11,2025-01-20,2025-08-23,Left,12,4,DEP02,Finance,JOB03,Accountant,2025-07-01,23,40127.24,40127.24,2498.55,18,0,5,3
EMP0197-2025-08,EMP0197,Tariq Shamsi,Male,1990-08-11,2025-01-20,2025-08-23,Left,12,4,DEP02,Finance,JOB03,Accountant,2025-08-01,16,40127.24,30573.14,2422.81,10,3,7,4
EMP0198-2024-10,EMP0198,Riley Quaine,Male,1989-09-07,2024-10-12,,Active,2,1,DEP05,Marketing,JOB10,Marketing Analyst,2024-10-01,14,9856.59,5999.66,0,23,0,9,3
EMP0198-2024-11,EMP0198,Riley Quaine,Male,1989-09-07,2024-10-12,,Active,2,1,DEP05,Marketing,JOB10,Marketing Analyst,2024-11-01,21,9856.59,9856.59,0,0,0,0,3
EMP0198-2024-12,EMP0198,Riley Quaine,Male,1989-09-07,2024-10-12,,Active,2,1,DEP05,Marketing,JOB10,Marketing Analyst,2024-12-01,22,9856.59,9856.59,0,36,2,0,3
EMP0198-2025-01,EMP0198,Riley Quaine,Male,1989-09-07,2024-10-12,,Active,2,1,DEP05,Marketing,JOB10,Marketing Analyst,2025-01-01,23,10491.14,10491.14,0,12,1,3,3
EMP0198-2025-02,EMP0198,Riley Quaine,Male,1989-09-07,2024-10-12,,Active,2,1,DEP05,Marketing,JOB10,Marketing Analyst,2025-02-01,20,10491.14,10491.14,1179,32,0,0,4
EMP0198-2025-03,EMP0198,Riley Quaine,Male,1989-09-07,2024-10-12,,Active,2,1,DEP05,Marketing,JOB10,Marketing Analyst,2025-03-01,21,10491.14,10491.14,1405.34,25,0,3,3
EMP0198-2025-04,EMP0198,Riley Quaine,Male,1989-09-07,2024-10-12,,Active,2,1,DEP05,Marketing,JOB10,Marketing Analyst,2025-04-01,22,10491.14,10491.14,888.42,0,3,5,4
EMP0198-2025-05,EMP0198,Riley Quaine,Male,1989-09-07,2024-10-12,,Active,2,1,DEP05,Marketing,JOB10,Marketing Analyst,2025-05-01,22,10491.14,10491.14,0,0,2,14,2
EMP0198-2025-06,EMP0198,Riley Quaine,Male,1989-09-07,2024-10-12,,Active,2,1,DEP05,Marketing,JOB10,Marketing Analyst,2025-06-01,21,10491.14,10491.14,1216.84,0,1,0,4
EMP0198-2025-07,EMP0198,Riley Quaine,Male,1989-09-07,2024-10-12,,Active,2,1,DEP05,Marketing,JOB10,Marketing Analyst,2025-07-01,23,10491.14,10491.14,0,0,2,3,3
EMP0198-2025-08,EMP0198,Riley Quaine,Male,1989-09-07,2024-10-12,,Active,2,1,DEP05,Marketing,JOB10,Marketing Analyst,2025-08-01,21,10491.14,10491.14,946.31,9,0,1,3
EMP0198-2025-09,EMP0198,Riley Quaine,Male,1989-09-07,2024-10-12,,Active,2,1,DEP05,Marketing,JOB10,Marketing Analyst,2025-09-01,22,10491.14,10491.14,0,23,0,10,3
EMP0198-2025-10,EMP0198,Riley Quaine,Male,1989-09-07,2024-10-12,,Active,2,1,DEP05,Marketing,JOB10,Marketing Analyst,2025-10-01,23,10491.14,10491.14,1197.96,0,0,4,4
EMP0198-2025-11,EMP0198,Riley Quaine,Male,1989-09-07,2024-10-12,,Active,2,1,DEP05,Marketing,JOB10,Marketing Analyst,2025-11-01,20,10491.14,10491.14,1184.13,0,0,8,3
EMP0198-2025-12,EMP0198,Riley Quaine,Male,1989-09-07,2024-10-12,,Active,2,1,DEP05,Marketing,JOB10,Marketing Analyst,2025-12-01,23,10491.14,10491.14,270.31,22,1,13,3
EMP0199-2024-01,EMP0199,Theresa Gabunia,Female,1993-10-05,2019-10-16,,Active,3,1,DEP02,Finance,JOB04,Financial Analyst,2024-01-01,23,13519.55,13519.55,337.36,3,1,0,4
EMP0199-2024-02,EMP0199,Theresa Gabunia,Female,1993-10-05,2019-10-16,,Active,3,1,DEP02,Finance,JOB04,Financial Analyst,2024-02-01,21,13519.55,13519.55,567.22,39,0,3,2
EMP0199-2024-03,EMP0199,Theresa Gabunia,Female,1993-10-05,2019-10-16,,Active,3,1,DEP02,Finance,JOB04,Financial Analyst,2024-03-01,21,13519.55,13519.55,0,0,0,0,4
EMP0199-2024-04,EMP0199,Theresa Gabunia,Female,1993-10-05,2019-10-16,,Active,3,1,DEP02,Finance,JOB04,Financial Analyst,2024-04-01,22,13519.55,13519.55,1196.81,0,4,4,3
EMP0199-2024-05,EMP0199,Theresa Gabunia,Female,1993-10-05,2019-10-16,,Active,3,1,DEP02,Finance,JOB04,Financial Analyst,2024-05-01,23,13519.55,13519.55,1070.03,17,2,0,3
EMP0199-2024-06,EMP0199,Theresa Gabunia,Female,1993-10-05,2019-10-16,,Active,3,1,DEP02,Finance,JOB04,Financial Analyst,2024-06-01,20,13519.55,13519.55,0,14,0,1,3
EMP0199-2024-07,EMP0199,Theresa Gabunia,Female,1993-10-05,2019-10-16,,Active,3,1,DEP02,Finance,JOB04,Financial Analyst,2024-07-01,23,13519.55,13519.55,0,0,2,0,2
EMP0199-2024-08,EMP0199,Theresa Gabunia,Female,1993-10-05,2019-10-16,,Active,3,1,DEP02,Finance,JOB04,Financial Analyst,2024-08-01,22,13519.55,13519.55,0,0,1,0,4
EMP0199-2024-09,EMP0199,Theresa Gabunia,Female,1993-10-05,2019-10-16,,Active,3,1,DEP02,Finance,JOB04,Financial Analyst,2024-09-01,21,13519.55,13519.55,486.68,0,4,8,3
EMP0199-2024-10,EMP0199,Theresa Gabunia,Female,1993-10-05,2019-10-16,,Active,3,1,DEP02,Finance,JOB04,Financial Analyst,2024-10-01,23,13519.55,13519.55,1202.23,25,0,0,3
EMP0199-2024-11,EMP0199,Theresa Gabunia,Female,1993-10-05,2019-10-16,,Active,3,1,DEP02,Finance,JOB04,Financial Analyst,2024-11-01,21,13519.55,13519.55,847.98,15,1,4,3
EMP0199-2024-12,EMP0199,Theresa Gabunia,Female,1993-10-05,2019-10-16,,Active,3,1,DEP02,Finance,JOB04,Financial Analyst,2024-12-01,22,13519.55,13519.55,0,0,0,1,3
EMP0199-2025-01,EMP0199,Theresa Gabunia,Female,1993-10-05,2019-10-16,,Active,3,1,DEP02,Finance,JOB04,Financial Analyst,2025-01-01,23,14676.21,14676.21,592.97,15,1,5,4
EMP0199-2025-02,EMP0199,Theresa Gabunia,Female,1993-10-05,2019-10-16,,Active,3,1,DEP02,Finance,JOB04,Financial Analyst,2025-02-01,20,14676.21,14676.21,477.93,3,0,2,4
EMP0199-2025-03,EMP0199,Theresa Gabunia,Female,1993-10-05,2019-10-16,,Active,3,1,DEP02,Finance,JOB04,Financial Analyst,2025-03-01,21,14676.21,14676.21,0,0,0,2,3
EMP0199-2025-04,EMP0199,Theresa Gabunia,Female,1993-10-05,2019-10-16,,Active,3,1,DEP02,Finance,JOB04,Financial Analyst,2025-04-01,22,14676.21,14676.21,0,0,2,3,2
EMP0199-2025-05,EMP0199,Theresa Gabunia,Female,1993-10-05,2019-10-16,,Active,3,1,DEP02,Finance,JOB04,Financial Analyst,2025-05-01,22,14676.21,14676.21,1799.71,10,4,5,5
EMP0199-2025-06,EMP0199,Theresa Gabunia,Female,1993-10-05,2019-10-16,,Active,3,1,DEP02,Finance,JOB04,Financial Analyst,2025-06-01,21,14676.21,14676.21,2058.65,7,0,15,4
EMP0199-2025-07,EMP0199,Theresa Gabunia,Female,1993-10-05,2019-10-16,,Active,3,1,DEP02,Finance,JOB04,Financial Analyst,2025-07-01,23,14676.21,14676.21,1168.89,24,2,1,3
EMP0199-2025-08,EMP0199,Theresa Gabunia,Female,1993-10-05,2019-10-16,,Active,3,1,DEP02,Finance,JOB04,Financial Analyst,2025-08-01,21,14676.21,14676.21,1157.06,4,1,0,4
EMP0199-2025-09,EMP0199,Theresa Gabunia,Female,1993-10-05,2019-10-16,,Active,3,1,DEP02,Finance,JOB04,Financial Analyst,2025-09-01,22,14676.21,14676.21,0,0,3,0,3
EMP0199-2025-10,EMP0199,Theresa Gabunia,Female,1993-10-05,2019-10-16,,Active,3,1,DEP02,Finance,JOB04,Financial Analyst,2025-10-01,23,14676.21,14676.21,0,0,1,0,4
EMP0199-2025-11,EMP0199,Theresa Gabunia,Female,1993-10-05,2019-10-16,,Active,3,1,DEP02,Finance,JOB04,Financial Analyst,2025-11-01,20,14676.21,14676.21,0,32,1,4,3
EMP0199-2025-12,EMP0199,Theresa Gabunia,Female,1993-10-05,2019-10-16,,Active,3,1,DEP02,Finance,JOB04,Financial Analyst,2025-12-01,23,14676.21,14676.21,0,25,0,15,3
EMP0200-2024-01,EMP0200,Yuen Ting Theodosiou,Female,1980-02-03,2023-05-24,2025-08-21,Left,20,4,DEP01,Human Resources,JOB02,Recruiter,2024-01-01,23,32541.97,32541.97,2738.89,21,1,1,3
EMP0200-2024-02,EMP0200,Yuen Ting Theodosiou,Female,1980-02-03,2023-05-24,2025-08-21,Left,20,4,DEP01,Human Resources,JOB02,Recruiter,2024-02-01,21,32541.97,32541.97,0,0,2,3,3
EMP0200-2024-03,EMP0200,Yuen Ting Theodosiou,Female,1980-02-03,2023-05-24,2025-08-21,Left,20,4,DEP01,Human Resources,JOB02,Recruiter,2024-03-01,21,32541.97,32541.97,0,0,2,0,3
EMP0200-2024-04,EMP0200,Yuen Ting Theodosiou,Female,1980-02-03,2023-05-24,2025-08-21,Left,20,4,DEP01,Human Resources,JOB02,Recruiter,2024-04-01,22,32541.97,32541.97,2358.63,0,1,12,3
EMP0200-2024-05,EMP0200,Yuen Ting Theodosiou,Female,1980-02-03,2023-05-24,2025-08-21,Left,20,4,DEP01,Human Resources,JOB02,Recruiter,2024-05-01,23,32541.97,32541.97,0,0,1,14,3
EMP0200-2024-06,EMP0200,Yuen Ting Theodosiou,Female,1980-02-03,2023-05-24,2025-08-21,Left,20,4,DEP01,Human Resources,JOB02,Recruiter,2024-06-01,20,32541.97,32541.97,4709.79,30,0,7,4
EMP0200-2024-07,EMP0200,Yuen Ting Theodosiou,Female,1980-02-03,2023-05-24,2025-08-21,Left,20,4,DEP01,Human Resources,JOB02,Recruiter,2024-07-01,23,32541.97,32541.97,0,21,0,0,3
EMP0200-2024-08,EMP0200,Yuen Ting Theodosiou,Female,1980-02-03,2023-05-24,2025-08-21,Left,20,4,DEP01,Human Resources,JOB02,Recruiter,2024-08-01,22,32541.97,32541.97,1423.47,7,1,7,2
EMP0200-2024-09,EMP0200,Yuen Ting Theodosiou,Female,1980-02-03,2023-05-24,2025-08-21,Left,20,4,DEP01,Human Resources,JOB02,Recruiter,2024-09-01,21,32541.97,32541.97,0,23,3,4,3
EMP0200-2024-10,EMP0200,Yuen Ting Theodosiou,Female,1980-02-03,2023-05-24,2025-08-21,Left,20,4,DEP01,Human Resources,JOB02,Recruiter,2024-10-01,23,32541.97,32541.97,0,19,0,4,2
EMP0200-2024-11,EMP0200,Yuen Ting Theodosiou,Female,1980-02-03,2023-05-24,2025-08-21,Left,20,4,DEP01,Human Resources,JOB02,Recruiter,2024-11-01,21,32541.97,32541.97,0,8,1,7,3
EMP0200-2024-12,EMP0200,Yuen Ting Theodosiou,Female,1980-02-03,2023-05-24,2025-08-21,Left,20,4,DEP01,Human Resources,JOB02,Recruiter,2024-12-01,22,32541.97,32541.97,3149.6,8,2,12,3
EMP0200-2025-01,EMP0200,Yuen Ting Theodosiou,Female,1980-02-03,2023-05-24,2025-08-21,Left,20,4,DEP01,Human Resources,JOB02,Recruiter,2025-01-01,23,34154.59,34154.59,0,4,2,0,3
EMP0200-2025-02,EMP0200,Yuen Ting Theodosiou,Female,1980-02-03,2023-05-24,2025-08-21,Left,20,4,DEP01,Human Resources,JOB02,Recruiter,2025-02-01,20,34154.59,34154.59,0,18,1,0,3
EMP0200-2025-03,EMP0200,Yuen Ting Theodosiou,Female,1980-02-03,2023-05-24,2025-08-21,Left,20,4,DEP01,Human Resources,JOB02,Recruiter,2025-03-01,21,34154.59,34154.59,0,40,3,0,3
EMP0200-2025-04,EMP0200,Yuen Ting Theodosiou,Female,1980-02-03,2023-05-24,2025-08-21,Left,20,4,DEP01,Human Resources,JOB02,Recruiter,2025-04-01,22,34154.59,34154.59,0,4,2,3,3
EMP0200-2025-05,EMP0200,Yuen Ting Theodosiou,Female,1980-02-03,2023-05-24,2025-08-21,Left,20,4,DEP01,Human Resources,JOB02,Recruiter,2025-05-01,22,34154.59,34154.59,0,5,4,10,3
EMP0200-2025-06,EMP0200,Yuen Ting Theodosiou,Female,1980-02-03,2023-05-24,2025-08-21,Left,20,4,DEP01,Human Resources,JOB02,Recruiter,2025-06-01,21,34154.59,34154.59,0,0,1,0,2
EMP0200-2025-07,EMP0200,Yuen Ting Theodosiou,Female,1980-02-03,2023-05-24,2025-08-21,Left,20,4,DEP01,Human Resources,JOB02,Recruiter,2025-07-01,23,34154.59,34154.59,1456.84,7,1,2,4
EMP0200-2025-08,EMP0200,Yuen Ting Theodosiou,Female,1980-02-03,2023-05-24,2025-08-21,Left,20,4,DEP01,Human Resources,JOB02,Recruiter,2025-08-01,15,34154.59,24396.14,0,0,0,2,4
